#
# A fatal error has been detected by the Java Runtime Environment:
#
#  EXCEPTION_ACCESS_VIOLATION (0xc0000005) at pc=0x00007ffed7b1e8f0, pid=12976, tid=8024
#
# JRE version: OpenJDK Runtime Environment (21.0.9) (build 21.0.9+-14787801-b1163.94)
# Java VM: OpenJDK 64-Bit Server VM (21.0.9+-14787801-b1163.94, mixed mode, compressed oops, compressed class ptrs, g1 gc, windows-amd64)
# Problematic frame:
# V  [jvm.dll+0x3be8f0]
#
# No core dump will be written. Minidumps are not enabled by default on client versions of Windows
#
# If you would like to submit a bug report, please visit:
#   https://youtrack.jetbrains.com/issues/JBR
#

---------------  S U M M A R Y ------------

Command Line: -XX:-TieredCompilation --add-opens=java.base/java.util=ALL-UNNAMED --add-opens=java.base/java.lang=ALL-UNNAMED --add-opens=java.base/java.lang.invoke=ALL-UNNAMED --add-opens=java.prefs/java.util.prefs=ALL-UNNAMED --add-exports=jdk.compiler/com.sun.tools.javac.api=ALL-UNNAMED --add-exports=jdk.compiler/com.sun.tools.javac.util=ALL-UNNAMED --add-opens=java.base/java.nio.charset=ALL-UNNAMED --add-opens=java.base/java.net=ALL-UNNAMED --add-opens=java.base/java.util.concurrent.atomic=ALL-UNNAMED -Xmx2048m -Dfile.encoding=UTF-8 -Duser.country=FR -Duser.language=fr -Duser.variant -javaagent:C:\Users\ibtis\.gradle\wrapper\dists\gradle-8.10.2-bin\a04bxjujx95o3nb99gddekhwo\gradle-8.10.2\lib\agents\gradle-instrumentation-agent-8.10.2.jar org.gradle.launcher.daemon.bootstrap.GradleDaemon 8.10.2

Host: Intel(R) Core(TM) i5-1035G1 CPU @ 1.00GHz, 8 cores, 11G,  Windows 11 , 64 bit Build 26100 (10.0.26100.8328)
Time: Thu Jun  4 18:05:21 2026 elapsed time: 70.721614 seconds (0d 0h 1m 10s)

---------------  T H R E A D  ---------------

Current thread (0x00000299e3751540):  JavaThread "C2 CompilerThread1" daemon [_thread_in_native, id=8024, stack(0x000000a7a2c00000,0x000000a7a2d00000) (1024K)]


Current CompileTask:
C2:70721 11518 %           com.android.tools.r8.ir.optimize.x::a @ 31 (566 bytes)

Stack: [0x000000a7a2c00000,0x000000a7a2d00000],  sp=0x000000a7a2cfcb50,  free space=1010k
Native frames: (J=compiled Java code, j=interpreted, Vv=VM code, C=native code)
V  [jvm.dll+0x3be8f0]
V  [jvm.dll+0x3b7ca1]
V  [jvm.dll+0x1df84e]
V  [jvm.dll+0x2495b4]
V  [jvm.dll+0x248a31]
V  [jvm.dll+0x1c7344]
V  [jvm.dll+0x2581ae]
V  [jvm.dll+0x2566f6]
V  [jvm.dll+0x3f48a6]
V  [jvm.dll+0x80f118]
V  [jvm.dll+0x6d54ed]
C  [ucrtbase.dll+0x37b0]
C  [KERNEL32.DLL+0x2e957]
C  [ntdll.dll+0x427c]


siginfo: EXCEPTION_ACCESS_VIOLATION (0xc0000005), reading address 0x0000001000000012


Registers:
RAX=0x0000000000000000, RBX=0x000000a7a2cfcba0, RCX=0x0000000000000000, RDX=0x0000001000000012
RSP=0x000000a7a2cfcb50, RBP=0x000000a7a2cfccb0, RSI=0x00007ffed83003d0, RDI=0x000000000000000a
R8 =0x0000002000000000, R9 =0x0000000000000004, R10=0x0000000000000003, R11=0x00000299ee552180
R12=0x0000000000000000, R13=0x00000299e25d1b18, R14=0x0000000000000025, R15=0x00007ffed83003d0
RIP=0x00007ffed7b1e8f0, EFLAGS=0x0000000000010246

XMM[0]=0x0000000000000000 0x0000000000000000
XMM[1]=0x0000000000000000 0x0000000000000000
XMM[2]=0x0000000000000000 0x0000000000000000
XMM[3]=0x0000000000000000 0x0000000000000000
XMM[4]=0x0000000000000000 0x0000000000000000
XMM[5]=0x0000000000000000 0x0000000000000000
XMM[6]=0x0000000000000000 0x0000000000000000
XMM[7]=0x0000000000000000 0x0000000000000000
XMM[8]=0x0000000000000000 0x0000000000000000
XMM[9]=0x0000000000000000 0x0000000000000000
XMM[10]=0x0000000000000000 0x0000000000000000
XMM[11]=0x0000000000000000 0x0000000000000000
XMM[12]=0x0000000000000000 0x0000000000000000
XMM[13]=0x0000000000000000 0x0000000000000000
XMM[14]=0x0000000000000000 0x0000000000000000
XMM[15]=0x0000000000000000 0x0000000000000000
  MXCSR=0x00001fa0


Register to memory mapping:

RAX=0x0 is null
RBX=0x000000a7a2cfcba0 is pointing into the stack for thread: 0x00000299e3751540
RCX=0x0 is null
RDX=0x0000001000000012 is an unknown value
RSP=0x000000a7a2cfcb50 is pointing into the stack for thread: 0x00000299e3751540
RBP=0x000000a7a2cfccb0 is pointing into the stack for thread: 0x00000299e3751540
RSI=0x00007ffed83003d0 jvm.dll
RDI=0x000000000000000a is an unknown value
R8 =0x0000002000000000 is an unknown value
R9 =0x0000000000000004 is an unknown value
R10=0x0000000000000003 is an unknown value
R11=0x00000299ee552180 points into unknown readable memory: 0x0000000000000000 | 00 00 00 00 00 00 00 00
R12=0x0 is null
R13=0x00000299e25d1b18 points into unknown readable memory: 0x96000600d906bd95 | 95 bd 06 d9 00 06 00 96
R14=0x0000000000000025 is an unknown value
R15=0x00007ffed83003d0 jvm.dll

Top of Stack: (sp=0x000000a7a2cfcb50)
0x000000a7a2cfcb50:   00007ffed8300000 0000000000000000
0x000000a7a2cfcb60:   0000000000199688 00000299f6a55200
0x000000a7a2cfcb70:   00000299f884ed90 00007ffed7b17ca1
0x000000a7a2cfcb80:   00000000000004a5 00000000000004a5
0x000000a7a2cfcb90:   0000000000000000 00007ffed80e2098
0x000000a7a2cfcba0:   0000000000000000 00000003000004a4
0x000000a7a2cfcbb0:   0000200000000005 0000001000000012
0x000000a7a2cfcbc0:   00000299f884ee40 00000299f884ee30
0x000000a7a2cfcbd0:   00000299e25d1740 0000000000000000
0x000000a7a2cfcbe0:   000000a7a2cfccf0 00007ffed793f84e
0x000000a7a2cfcbf0:   000000a7a2cfd030 000000a7a2cfd110
0x000000a7a2cfcc00:   00000000000003d8 00000299e25d1730
0x000000a7a2cfcc10:   00007fff3e198800 000000000000000e
0x000000a7a2cfcc20:   0000000000008007 00000299e25d1730
0x000000a7a2cfcc30:   00000299edc73ac0 00000299edc75ab0
0x000000a7a2cfcc40:   00000299edc7baa8 000000000016e260
0x000000a7a2cfcc50:   0000000000000000 0000000000000000
0x000000a7a2cfcc60:   0000000000008020 0000000000008800
0x000000a7a2cfcc70:   0000000000000000 00007ffed80ad038
0x000000a7a2cfcc80:   0000000000000000 000000a7a2cfe520
0x000000a7a2cfcc90:   0000000000000000 00007ffed80ad038
0x000000a7a2cfcca0:   0000000000000000 00000299e58355f0
0x000000a7a2cfccb0:   000021170000000c 000000a7a2cfe520
0x000000a7a2cfccc0:   00000299f8820710 00000000edbebc00
0x000000a7a2cfccd0:   00000299f840cb20 0000000000000981
0x000000a7a2cfcce0:   000000a7a2cfcc20 00000299e25d1740
0x000000a7a2cfccf0:   00000299f0fda9b0 00000299e58355f0
0x000000a7a2cfcd00:   0000000000008010 0000000000000000
0x000000a7a2cfcd10:   0000000000008010 00007ffed7820d03
0x000000a7a2cfcd20:   000002990000000a 000000a7a2cfe520
0x000000a7a2cfcd30:   00000299f937e7c0 0000000000000000
0x000000a7a2cfcd40:   00000299f38c3200 00000299ede33750 

Instructions: (pc=0x00007ffed7b1e8f0)
0x00007ffed7b1e7f0:   48 8b a8 80 00 00 00 48 8b 8d d8 08 00 00 48 85
0x00007ffed7b1e800:   c9 75 0c e8 78 0b 00 00 48 8b 8d d8 08 00 00 48
0x00007ffed7b1e810:   8b 01 0f 57 c0 48 89 85 d8 08 00 00 0f 11 01 0f
0x00007ffed7b1e820:   11 41 10 41 0f 10 06 0f 11 01 41 0f 10 4e 10 0f
0x00007ffed7b1e830:   11 49 10 48 8b 43 08 48 89 0c 06 ff c7 ba 34 00
0x00007ffed7b1e840:   00 00 3b bb 90 00 00 00 0f 82 62 ff ff ff 4c 8b
0x00007ffed7b1e850:   74 24 60 4c 8b 6c 24 58 4c 8b 64 24 50 48 8b c3
0x00007ffed7b1e860:   48 83 c4 20 41 5f 5f 5e 5d 5b c3 cc cc cc cc cc
0x00007ffed7b1e870:   40 53 48 83 ec 20 8b 51 0c 48 8b d9 83 fa 04 73
0x00007ffed7b1e880:   2a 4c 8b 59 18 66 66 66 0f 1f 84 00 00 00 00 00
0x00007ffed7b1e890:   44 8b d2 44 8d 4a 01 4b 83 3c d3 00 0f 85 8f 00
0x00007ffed7b1e8a0:   00 00 41 8b d1 41 83 f9 04 72 e5 48 89 74 24 30
0x00007ffed7b1e8b0:   48 89 7c 24 38 8b 79 10 3b 79 14 73 62 48 8d 35
0x00007ffed7b1e8c0:   0c 1b 7e 00 0f 1f 40 00 0f 1f 84 00 00 00 00 00
0x00007ffed7b1e8d0:   48 8b 43 20 8b cf 48 8b 14 c8 48 3b d6 74 39 33
0x00007ffed7b1e8e0:   c0 48 89 53 18 33 c9 66 0f 1f 84 00 00 00 00 00
0x00007ffed7b1e8f0:   48 83 3c 11 00 44 8d 48 01 75 6f 48 83 c1 08 41
0x00007ffed7b1e900:   8b c1 41 83 f9 04 72 e8 48 8b 4b 28 48 85 c9 74
0x00007ffed7b1e910:   07 8b d7 e8 58 01 00 00 ff c7 3b 7b 14 72 b1 48
0x00007ffed7b1e920:   8b 74 24 30 33 c0 48 8b 7c 24 38 48 83 c4 20 5b
0x00007ffed7b1e930:   c3 8b 41 10 44 8d 04 82 41 c1 e0 06 41 81 c0 00
0x00007ffed7b1e940:   ff ff ff 44 89 41 08 4b 8b 14 d3 48 0f bc c2 44
0x00007ffed7b1e950:   89 49 0c 8b c8 48 d3 ea 48 ff ca 41 03 c0 48 89
0x00007ffed7b1e960:   13 89 43 08 48 83 c4 20 5b c3 48 8b 74 24 30 44
0x00007ffed7b1e970:   8d 04 b8 8b c8 8d 47 01 48 8b 7c 24 38 41 c1 e0
0x00007ffed7b1e980:   06 44 89 43 08 48 8b 14 ca 89 43 10 48 0f bc c2
0x00007ffed7b1e990:   44 89 4b 0c 8b c8 48 d3 ea 48 ff ca 41 03 c0 48
0x00007ffed7b1e9a0:   89 13 89 43 08 48 83 c4 20 5b c3 cc cc cc cc cc
0x00007ffed7b1e9b0:   40 53 48 83 ec 20 65 48 8b 04 25 58 00 00 00 8b
0x00007ffed7b1e9c0:   0d 63 53 83 00 48 8b 1c c8 b8 34 00 00 00 80 3c
0x00007ffed7b1e9d0:   18 00 75 05 e8 33 83 4d 00 b8 20 00 00 00 48 8b
0x00007ffed7b1e9e0:   04 18 48 8b 88 68 06 00 00 48 8b 99 80 00 00 00 


Stack slot to memory mapping:

stack at sp + 0 slots: 0x00007ffed8300000 jvm.dll
stack at sp + 1 slots: 0x0 is null
stack at sp + 2 slots: 0x0000000000199688 is an unknown value
stack at sp + 3 slots: 0x00000299f6a55200 points into unknown readable memory: 0x00000299ee99b530 | 30 b5 99 ee 99 02 00 00
stack at sp + 4 slots: 0x00000299f884ed90 points into unknown readable memory: 0x000000050000001b | 1b 00 00 00 05 00 00 00
stack at sp + 5 slots: 0x00007ffed7b17ca1 jvm.dll
stack at sp + 6 slots: 0x00000000000004a5 is an unknown value
stack at sp + 7 slots: 0x00000000000004a5 is an unknown value


---------------  P R O C E S S  ---------------

Threads class SMR info:
_java_thread_list=0x00000299e31dd3f0, length=135, elements={
0x00000299cfdbae00, 0x00000299db53b650, 0x00000299db556b60, 0x00000299db567c70,
0x00000299db585bc0, 0x00000299db586230, 0x00000299db56a2f0, 0x00000299db56ad50,
0x00000299db59efe0, 0x00000299db7de880, 0x00000299e18c8a70, 0x00000299e150eeb0,
0x00000299e1b3eb50, 0x00000299e1afcd90, 0x00000299e1afa040, 0x00000299e1b8ef50,
0x00000299e1b32080, 0x00000299e0faeb40, 0x00000299e0fafef0, 0x00000299e0fb0580,
0x00000299e0fade20, 0x00000299e0fae4b0, 0x00000299e0faf1d0, 0x00000299e0faf860,
0x00000299e0fad100, 0x00000299e6768d40, 0x00000299e67693d0, 0x00000299e6769a60,
0x00000299e676a0f0, 0x00000299e67686b0, 0x00000299e676dc00, 0x00000299e676a780,
0x00000299e676e290, 0x00000299e676e920, 0x00000299e676cee0, 0x00000299e676d570,
0x00000299e676c1c0, 0x00000299e676efb0, 0x00000299e676bb30, 0x00000299e676fcd0,
0x00000299e676f640, 0x00000299e77f8d20, 0x00000299e77fadf0, 0x00000299e77f8690,
0x00000299e77f93b0, 0x00000299e77fa0d0, 0x00000299e77fa760, 0x00000299e77fb480,
0x00000299e77f9a40, 0x00000299e77fbb10, 0x00000299e5161410, 0x00000299e5161aa0,
0x00000299e5162130, 0x00000299e5160060, 0x00000299e51627c0, 0x00000299e5163b70,
0x00000299e5162e50, 0x00000299e5160d80, 0x00000299e51634e0, 0x00000299e51606f0,
0x00000299e5164200, 0x00000299e5164f20, 0x00000299e51655b0, 0x00000299e5166960,
0x00000299e5164890, 0x00000299e755a6c0, 0x00000299e755ba70, 0x00000299e755ad50,
0x00000299e755b3e0, 0x00000299e7558c80, 0x00000299e755c100, 0x00000299e755c790,
0x00000299e7559310, 0x00000299e755ce20, 0x00000299e75599a0, 0x00000299e755d4b0,
0x00000299e755a030, 0x00000299e755db40, 0x00000299e75602a0, 0x00000299e755fc10,
0x00000299e755eef0, 0x00000299e755e860, 0x00000299e755f580, 0x00000299e755e1d0,
0x00000299e445c020, 0x00000299e445cd40, 0x00000299e3751540, 0x00000299e3890940,
0x00000299e2643280, 0x00000299e26411b0, 0x00000299e2643910, 0x00000299e2641840,
0x00000299e2642bf0, 0x00000299e2642560, 0x00000299e45a1fc0, 0x00000299e45a5ad0,
0x00000299e45a5440, 0x00000299e45a2650, 0x00000299e45a3a00, 0x00000299e45a4090,
0x00000299e45a6160, 0x00000299e45a2ce0, 0x00000299e45a4720, 0x00000299e45a67f0,
0x00000299e45a3370, 0x00000299e45a7510, 0x00000299e45a8230, 0x00000299e45a6e80,
0x00000299e45a7ba0, 0x00000299e45a4db0, 0x00000299e45a88c0, 0x00000299e45a8f50,
0x00000299e45a95e0, 0x00000299e263c980, 0x00000299e263e3c0, 0x00000299e263ea50,
0x00000299e263d010, 0x00000299e263f0e0, 0x00000299e2640b20, 0x00000299e2641ed0,
0x00000299e445d3d0, 0x00000299e44601c0, 0x00000299e445e780, 0x00000299e4460850,
0x00000299e4460ee0, 0x00000299e445da60, 0x00000299e78de030, 0x00000299e253ed30,
0x00000299e253e6a0, 0x00000299e253f3c0, 0x00000299e253d980, 0x00000299e253bf40,
0x00000299e253e010, 0x00000299e253fa50, 0x00000299e2539e70
}

Java Threads: ( => current thread )
  0x00000299cfdbae00 JavaThread "main"                              [_thread_blocked, id=3988, stack(0x000000a7a1200000,0x000000a7a1300000) (1024K)]
  0x00000299db53b650 JavaThread "Common-Cleaner"             daemon [_thread_blocked, id=10704, stack(0x000000a7a1a00000,0x000000a7a1b00000) (1024K)]
  0x00000299db556b60 JavaThread "Reference Handler"          daemon [_thread_blocked, id=2284, stack(0x000000a7a1b00000,0x000000a7a1c00000) (1024K)]
  0x00000299db567c70 JavaThread "Finalizer"                  daemon [_thread_blocked, id=6644, stack(0x000000a7a1c00000,0x000000a7a1d00000) (1024K)]
  0x00000299db585bc0 JavaThread "Signal Dispatcher"          daemon [_thread_blocked, id=12236, stack(0x000000a7a1d00000,0x000000a7a1e00000) (1024K)]
  0x00000299db586230 JavaThread "Attach Listener"            daemon [_thread_blocked, id=13884, stack(0x000000a7a1e00000,0x000000a7a1f00000) (1024K)]
  0x00000299db56a2f0 JavaThread "Service Thread"             daemon [_thread_blocked, id=2084, stack(0x000000a7a1f00000,0x000000a7a2000000) (1024K)]
  0x00000299db56ad50 JavaThread "Monitor Deflation Thread"   daemon [_thread_blocked, id=4740, stack(0x000000a7a2000000,0x000000a7a2100000) (1024K)]
  0x00000299db59efe0 JavaThread "C2 CompilerThread0"         daemon [_thread_in_native, id=2896, stack(0x000000a7a2100000,0x000000a7a2200000) (1024K)]
  0x00000299db7de880 JavaThread "Notification Thread"        daemon [_thread_blocked, id=10032, stack(0x000000a7a2200000,0x000000a7a2300000) (1024K)]
  0x00000299e18c8a70 JavaThread "Daemon health stats"               [_thread_blocked, id=9808, stack(0x000000a7a2400000,0x000000a7a2500000) (1024K)]
  0x00000299e150eeb0 JavaThread "Incoming local TCP Connector on port 54143"        [_thread_in_native, id=5380, stack(0x000000a7a2e00000,0x000000a7a2f00000) (1024K)]
  0x00000299e1b3eb50 JavaThread "Daemon periodic checks"            [_thread_blocked, id=1356, stack(0x000000a7a2f00000,0x000000a7a3000000) (1024K)]
  0x00000299e1afcd90 JavaThread "Daemon"                            [_thread_blocked, id=7024, stack(0x000000a7a3000000,0x000000a7a3100000) (1024K)]
  0x00000299e1afa040 JavaThread "Handler for socket connection from /127.0.0.1:54143 to /127.0.0.1:54144"        [_thread_in_native, id=4304, stack(0x000000a7a3100000,0x000000a7a3200000) (1024K)]
  0x00000299e1b8ef50 JavaThread "Cancel handler"                    [_thread_blocked, id=14188, stack(0x000000a7a3200000,0x000000a7a3300000) (1024K)]
  0x00000299e1b32080 JavaThread "Daemon worker"                     [_thread_blocked, id=10784, stack(0x000000a7a3300000,0x000000a7a3400000) (1024K)]
  0x00000299e0faeb40 JavaThread "Asynchronous log dispatcher for DefaultDaemonConnection: socket connection from /127.0.0.1:54143 to /127.0.0.1:54144"        [_thread_blocked, id=12864, stack(0x000000a7a3400000,0x000000a7a3500000) (1024K)]
  0x00000299e0fafef0 JavaThread "Stdin handler"                     [_thread_blocked, id=9860, stack(0x000000a7a3500000,0x000000a7a3600000) (1024K)]
  0x00000299e0fb0580 JavaThread "Daemon client event forwarder"        [_thread_blocked, id=11528, stack(0x000000a7a3600000,0x000000a7a3700000) (1024K)]
  0x00000299e0fade20 JavaThread "Cache worker for journal cache (C:\Users\ibtis\.gradle\caches\journal-1)"        [_thread_blocked, id=10996, stack(0x000000a7a2d00000,0x000000a7a2e00000) (1024K)]
  0x00000299e0fae4b0 JavaThread "File lock request listener"        [_thread_in_native, id=10216, stack(0x000000a7a3800000,0x000000a7a3900000) (1024K)]
  0x00000299e0faf1d0 JavaThread "Cache worker for file hash cache (C:\Users\ibtis\.gradle\caches\8.10.2\fileHashes)"        [_thread_blocked, id=1972, stack(0x000000a7a3900000,0x000000a7a3a00000) (1024K)]
  0x00000299e0faf860 JavaThread "Cache worker for file hash cache (C:\Users\ibtis\Downloads\TP11_ibtissam\TP11_ibtissam\frontend\.gradle\8.10.2\fileHashes)"        [_thread_blocked, id=6352, stack(0x000000a7a3b00000,0x000000a7a3c00000) (1024K)]
  0x00000299e0fad100 JavaThread "Cache worker for Build Output Cleanup Cache (C:\Users\ibtis\Downloads\TP11_ibtissam\TP11_ibtissam\frontend\.gradle\buildOutputCleanup)"        [_thread_blocked, id=5116, stack(0x000000a7a3c00000,0x000000a7a3d00000) (1024K)]
  0x00000299e6768d40 JavaThread "File watcher server"        daemon [_thread_in_native, id=11156, stack(0x000000a7a3d00000,0x000000a7a3e00000) (1024K)]
  0x00000299e67693d0 JavaThread "File watcher consumer"      daemon [_thread_blocked, id=8928, stack(0x000000a7a3e00000,0x000000a7a3f00000) (1024K)]
  0x00000299e6769a60 JavaThread "Cache worker for checksums cache (C:\Users\ibtis\Downloads\TP11_ibtissam\TP11_ibtissam\frontend\.gradle\8.10.2\checksums)"        [_thread_blocked, id=13672, stack(0x000000a7a3a00000,0x000000a7a3b00000) (1024K)]
  0x00000299e676a0f0 JavaThread "Cache worker for file content cache (C:\Users\ibtis\.gradle\caches\8.10.2\fileContent)"        [_thread_blocked, id=8764, stack(0x000000a7a3f00000,0x000000a7a4000000) (1024K)]
  0x00000299e67686b0 JavaThread "Cache worker for cache directory md-rule (C:\Users\ibtis\.gradle\caches\8.10.2\md-rule)"        [_thread_blocked, id=9748, stack(0x000000a7a4000000,0x000000a7a4100000) (1024K)]
  0x00000299e676dc00 JavaThread "Cache worker for cache directory md-supplier (C:\Users\ibtis\.gradle\caches\8.10.2\md-supplier)"        [_thread_blocked, id=11352, stack(0x000000a7a4100000,0x000000a7a4200000) (1024K)]
  0x00000299e676a780 JavaThread "jar transforms"                    [_thread_blocked, id=4820, stack(0x000000a7a4200000,0x000000a7a4300000) (1024K)]
  0x00000299e676e290 JavaThread "jar transforms Thread 2"           [_thread_blocked, id=10912, stack(0x000000a7a4300000,0x000000a7a4400000) (1024K)]
  0x00000299e676e920 JavaThread "jar transforms Thread 3"           [_thread_blocked, id=1844, stack(0x000000a7a4500000,0x000000a7a4600000) (1024K)]
  0x00000299e676cee0 JavaThread "Unconstrained build operations"        [_thread_blocked, id=9660, stack(0x000000a7a4400000,0x000000a7a4500000) (1024K)]
  0x00000299e676d570 JavaThread "Unconstrained build operations Thread 2"        [_thread_blocked, id=13324, stack(0x000000a7a4600000,0x000000a7a4700000) (1024K)]
  0x00000299e676c1c0 JavaThread "Unconstrained build operations Thread 3"        [_thread_blocked, id=13492, stack(0x000000a7a4700000,0x000000a7a4800000) (1024K)]
  0x00000299e676efb0 JavaThread "Unconstrained build operations Thread 4"        [_thread_blocked, id=10420, stack(0x000000a7a4800000,0x000000a7a4900000) (1024K)]
  0x00000299e676bb30 JavaThread "Unconstrained build operations Thread 5"        [_thread_blocked, id=10204, stack(0x000000a7a4900000,0x000000a7a4a00000) (1024K)]
  0x00000299e676fcd0 JavaThread "Unconstrained build operations Thread 6"        [_thread_blocked, id=10428, stack(0x000000a7a4a00000,0x000000a7a4b00000) (1024K)]
  0x00000299e676f640 JavaThread "Unconstrained build operations Thread 7"        [_thread_blocked, id=10200, stack(0x000000a7a4b00000,0x000000a7a4c00000) (1024K)]
  0x00000299e77f8d20 JavaThread "Unconstrained build operations Thread 8"        [_thread_blocked, id=10752, stack(0x000000a7a4c00000,0x000000a7a4d00000) (1024K)]
  0x00000299e77fadf0 JavaThread "Unconstrained build operations Thread 9"        [_thread_blocked, id=1696, stack(0x000000a7a4d00000,0x000000a7a4e00000) (1024K)]
  0x00000299e77f8690 JavaThread "Unconstrained build operations Thread 10"        [_thread_blocked, id=2060, stack(0x000000a7a4e00000,0x000000a7a4f00000) (1024K)]
  0x00000299e77f93b0 JavaThread "Unconstrained build operations Thread 11"        [_thread_blocked, id=4648, stack(0x000000a7a4f00000,0x000000a7a5000000) (1024K)]
  0x00000299e77fa0d0 JavaThread "Unconstrained build operations Thread 12"        [_thread_blocked, id=2488, stack(0x000000a7a5000000,0x000000a7a5100000) (1024K)]
  0x00000299e77fa760 JavaThread "Unconstrained build operations Thread 13"        [_thread_blocked, id=2272, stack(0x000000a7a5100000,0x000000a7a5200000) (1024K)]
  0x00000299e77fb480 JavaThread "Unconstrained build operations Thread 14"        [_thread_blocked, id=4156, stack(0x000000a7a5200000,0x000000a7a5300000) (1024K)]
  0x00000299e77f9a40 JavaThread "jar transforms Thread 4"           [_thread_blocked, id=5428, stack(0x000000a7a5300000,0x000000a7a5400000) (1024K)]
  0x00000299e77fbb10 JavaThread "jar transforms Thread 5"           [_thread_blocked, id=3556, stack(0x000000a7a5400000,0x000000a7a5500000) (1024K)]
  0x00000299e5161410 JavaThread "Unconstrained build operations Thread 15"        [_thread_blocked, id=9552, stack(0x000000a7a5500000,0x000000a7a5600000) (1024K)]
  0x00000299e5161aa0 JavaThread "Unconstrained build operations Thread 16"        [_thread_in_Java, id=13348, stack(0x000000a7a5600000,0x000000a7a5700000) (1024K)]
  0x00000299e5162130 JavaThread "Unconstrained build operations Thread 17"        [_thread_in_Java, id=1888, stack(0x000000a7a5700000,0x000000a7a5800000) (1024K)]
  0x00000299e5160060 JavaThread "Unconstrained build operations Thread 18"        [_thread_blocked, id=8324, stack(0x000000a7a5800000,0x000000a7a5900000) (1024K)]
  0x00000299e51627c0 JavaThread "Unconstrained build operations Thread 19"        [_thread_blocked, id=10788, stack(0x000000a7a5900000,0x000000a7a5a00000) (1024K)]
  0x00000299e5163b70 JavaThread "Unconstrained build operations Thread 20"        [_thread_in_Java, id=6900, stack(0x000000a7a5a00000,0x000000a7a5b00000) (1024K)]
  0x00000299e5162e50 JavaThread "Unconstrained build operations Thread 21"        [_thread_blocked, id=2804, stack(0x000000a7a5b00000,0x000000a7a5c00000) (1024K)]
  0x00000299e5160d80 JavaThread "jar transforms Thread 6"           [_thread_blocked, id=11544, stack(0x000000a7a5c00000,0x000000a7a5d00000) (1024K)]
  0x00000299e51634e0 JavaThread "jar transforms Thread 7"           [_thread_blocked, id=4788, stack(0x000000a7a5d00000,0x000000a7a5e00000) (1024K)]
  0x00000299e51606f0 JavaThread "jar transforms Thread 8"           [_thread_blocked, id=11924, stack(0x000000a7a5e00000,0x000000a7a5f00000) (1024K)]
  0x00000299e5164200 JavaThread "Unconstrained build operations Thread 22"        [_thread_in_Java, id=5412, stack(0x000000a7a5f00000,0x000000a7a6000000) (1024K)]
  0x00000299e5164f20 JavaThread "Unconstrained build operations Thread 23"        [_thread_blocked, id=4076, stack(0x000000a7a6000000,0x000000a7a6100000) (1024K)]
  0x00000299e51655b0 JavaThread "Unconstrained build operations Thread 24"        [_thread_blocked, id=10696, stack(0x000000a7a6100000,0x000000a7a6200000) (1024K)]
  0x00000299e5166960 JavaThread "Unconstrained build operations Thread 25"        [_thread_blocked, id=6544, stack(0x000000a7a6300000,0x000000a7a6400000) (1024K)]
  0x00000299e5164890 JavaThread "Unconstrained build operations Thread 26"        [_thread_blocked, id=12144, stack(0x000000a7a6400000,0x000000a7a6500000) (1024K)]
  0x00000299e755a6c0 JavaThread "Unconstrained build operations Thread 27"        [_thread_blocked, id=1788, stack(0x000000a7a6500000,0x000000a7a6600000) (1024K)]
  0x00000299e755ba70 JavaThread "Unconstrained build operations Thread 28"        [_thread_blocked, id=8228, stack(0x000000a7a6600000,0x000000a7a6700000) (1024K)]
  0x00000299e755ad50 JavaThread "Unconstrained build operations Thread 29"        [_thread_blocked, id=7152, stack(0x000000a7a6700000,0x000000a7a6800000) (1024K)]
  0x00000299e755b3e0 JavaThread "Unconstrained build operations Thread 30"        [_thread_blocked, id=11596, stack(0x000000a7a6800000,0x000000a7a6900000) (1024K)]
  0x00000299e7558c80 JavaThread "Unconstrained build operations Thread 31"        [_thread_blocked, id=4236, stack(0x000000a7a6900000,0x000000a7a6a00000) (1024K)]
  0x00000299e755c100 JavaThread "Unconstrained build operations Thread 32"        [_thread_blocked, id=1304, stack(0x000000a7a6a00000,0x000000a7a6b00000) (1024K)]
  0x00000299e755c790 JavaThread "Unconstrained build operations Thread 33"        [_thread_blocked, id=4744, stack(0x000000a7a6b00000,0x000000a7a6c00000) (1024K)]
  0x00000299e7559310 JavaThread "Unconstrained build operations Thread 34"        [_thread_blocked, id=12064, stack(0x000000a7a6c00000,0x000000a7a6d00000) (1024K)]
  0x00000299e755ce20 JavaThread "Unconstrained build operations Thread 35"        [_thread_blocked, id=9524, stack(0x000000a7a6d00000,0x000000a7a6e00000) (1024K)]
  0x00000299e75599a0 JavaThread "Unconstrained build operations Thread 36"        [_thread_blocked, id=9740, stack(0x000000a7a6e00000,0x000000a7a6f00000) (1024K)]
  0x00000299e755d4b0 JavaThread "Unconstrained build operations Thread 37"        [_thread_blocked, id=9556, stack(0x000000a7a6f00000,0x000000a7a7000000) (1024K)]
  0x00000299e755a030 JavaThread "Unconstrained build operations Thread 38"        [_thread_blocked, id=1668, stack(0x000000a7a7000000,0x000000a7a7100000) (1024K)]
  0x00000299e755db40 JavaThread "Unconstrained build operations Thread 39"        [_thread_blocked, id=10036, stack(0x000000a7a7100000,0x000000a7a7200000) (1024K)]
  0x00000299e75602a0 JavaThread "Unconstrained build operations Thread 40"        [_thread_blocked, id=4656, stack(0x000000a7a7200000,0x000000a7a7300000) (1024K)]
  0x00000299e755fc10 JavaThread "Unconstrained build operations Thread 41"        [_thread_blocked, id=11336, stack(0x000000a7a7300000,0x000000a7a7400000) (1024K)]
  0x00000299e755eef0 JavaThread "Unconstrained build operations Thread 42"        [_thread_blocked, id=9240, stack(0x000000a7a7400000,0x000000a7a7500000) (1024K)]
  0x00000299e755e860 JavaThread "Unconstrained build operations Thread 43"        [_thread_blocked, id=11644, stack(0x000000a7a7500000,0x000000a7a7600000) (1024K)]
  0x00000299e755f580 JavaThread "Unconstrained build operations Thread 44"        [_thread_blocked, id=12920, stack(0x000000a7a7600000,0x000000a7a7700000) (1024K)]
  0x00000299e755e1d0 JavaThread "Unconstrained build operations Thread 45"        [_thread_blocked, id=11364, stack(0x000000a7a7700000,0x000000a7a7800000) (1024K)]
  0x00000299e445c020 JavaThread "build event listener"              [_thread_blocked, id=7288, stack(0x000000a7a2300000,0x000000a7a2400000) (1024K)]
  0x00000299e445cd40 JavaThread "Memory manager"                    [_thread_blocked, id=9716, stack(0x000000a7a7900000,0x000000a7a7a00000) (1024K)]
=>0x00000299e3751540 JavaThread "C2 CompilerThread1"         daemon [_thread_in_native, id=8024, stack(0x000000a7a2c00000,0x000000a7a2d00000) (1024K)]
  0x00000299e3890940 JavaThread "C2 CompilerThread2"         daemon [_thread_in_native, id=7320, stack(0x000000a7a6200000,0x000000a7a6300000) (1024K)]
  0x00000299e2643280 JavaThread "included builds"                   [_thread_blocked, id=6532, stack(0x000000a7a7800000,0x000000a7a7900000) (1024K)]
  0x00000299e26411b0 JavaThread "Execution worker"                  [_thread_blocked, id=3680, stack(0x000000a7a7a00000,0x000000a7a7b00000) (1024K)]
  0x00000299e2643910 JavaThread "Execution worker Thread 2"         [_thread_in_Java, id=13908, stack(0x000000a7a7b00000,0x000000a7a7c00000) (1024K)]
  0x00000299e2641840 JavaThread "Execution worker Thread 3"         [_thread_blocked, id=9044, stack(0x000000a7a7c00000,0x000000a7a7d00000) (1024K)]
  0x00000299e2642bf0 JavaThread "Execution worker Thread 4"         [_thread_blocked, id=7584, stack(0x000000a7a7d00000,0x000000a7a7e00000) (1024K)]
  0x00000299e2642560 JavaThread "Execution worker Thread 5"         [_thread_blocked, id=11024, stack(0x000000a7a7e00000,0x000000a7a7f00000) (1024K)]
  0x00000299e45a1fc0 JavaThread "Execution worker Thread 6"         [_thread_blocked, id=1312, stack(0x000000a7a7f00000,0x000000a7a8000000) (1024K)]
  0x00000299e45a5ad0 JavaThread "Execution worker Thread 7"         [_thread_blocked, id=1252, stack(0x000000a7a8000000,0x000000a7a8100000) (1024K)]
  0x00000299e45a5440 JavaThread "Cache worker for execution history cache (C:\Users\ibtis\Downloads\TP11_ibtissam\TP11_ibtissam\frontend\.gradle\8.10.2\executionHistory)"        [_thread_blocked, id=13852, stack(0x000000a7a8100000,0x000000a7a8200000) (1024K)]
  0x00000299e45a2650 JavaThread "Unconstrained build operations Thread 46"        [_thread_blocked, id=4964, stack(0x000000a7a8300000,0x000000a7a8400000) (1024K)]
  0x00000299e45a3a00 JavaThread "Unconstrained build operations Thread 47"        [_thread_blocked, id=11236, stack(0x000000a7a8400000,0x000000a7a8500000) (1024K)]
  0x00000299e45a4090 JavaThread "Unconstrained build operations Thread 48"        [_thread_blocked, id=7352, stack(0x000000a7a8500000,0x000000a7a8600000) (1024K)]
  0x00000299e45a6160 JavaThread "Unconstrained build operations Thread 49"        [_thread_blocked, id=13920, stack(0x000000a7a8600000,0x000000a7a8700000) (1024K)]
  0x00000299e45a2ce0 JavaThread "Unconstrained build operations Thread 50"        [_thread_blocked, id=9624, stack(0x000000a7a8700000,0x000000a7a8800000) (1024K)]
  0x00000299e45a4720 JavaThread "Unconstrained build operations Thread 51"        [_thread_blocked, id=12436, stack(0x000000a7a8800000,0x000000a7a8900000) (1024K)]
  0x00000299e45a67f0 JavaThread "Unconstrained build operations Thread 52"        [_thread_blocked, id=10268, stack(0x000000a7a8900000,0x000000a7a8a00000) (1024K)]
  0x00000299e45a3370 JavaThread "Unconstrained build operations Thread 53"        [_thread_blocked, id=7652, stack(0x000000a7a8a00000,0x000000a7a8b00000) (1024K)]
  0x00000299e45a7510 JavaThread "Unconstrained build operations Thread 54"        [_thread_blocked, id=8864, stack(0x000000a7a8b00000,0x000000a7a8c00000) (1024K)]
  0x00000299e45a8230 JavaThread "Unconstrained build operations Thread 55"        [_thread_blocked, id=7992, stack(0x000000a7a8c00000,0x000000a7a8d00000) (1024K)]
  0x00000299e45a6e80 JavaThread "Unconstrained build operations Thread 56"        [_thread_blocked, id=2956, stack(0x000000a7a8d00000,0x000000a7a8e00000) (1024K)]
  0x00000299e45a7ba0 JavaThread "Unconstrained build operations Thread 57"        [_thread_blocked, id=6692, stack(0x000000a7a8e00000,0x000000a7a8f00000) (1024K)]
  0x00000299e45a4db0 JavaThread "Unconstrained build operations Thread 58"        [_thread_blocked, id=1164, stack(0x000000a7a8f00000,0x000000a7a9000000) (1024K)]
  0x00000299e45a88c0 JavaThread "Unconstrained build operations Thread 59"        [_thread_blocked, id=13660, stack(0x000000a7a9000000,0x000000a7a9100000) (1024K)]
  0x00000299e45a8f50 JavaThread "Unconstrained build operations Thread 60"        [_thread_blocked, id=2556, stack(0x000000a7a8200000,0x000000a7a8300000) (1024K)]
  0x00000299e45a95e0 JavaThread "Unconstrained build operations Thread 61"        [_thread_blocked, id=7564, stack(0x000000a7a9100000,0x000000a7a9200000) (1024K)]
  0x00000299e263c980 JavaThread "Unconstrained build operations Thread 62"        [_thread_blocked, id=13332, stack(0x000000a7a9200000,0x000000a7a9300000) (1024K)]
  0x00000299e263e3c0 JavaThread "Unconstrained build operations Thread 63"        [_thread_blocked, id=3816, stack(0x000000a7a9300000,0x000000a7a9400000) (1024K)]
  0x00000299e263ea50 JavaThread "Unconstrained build operations Thread 64"        [_thread_blocked, id=13584, stack(0x000000a7a9400000,0x000000a7a9500000) (1024K)]
  0x00000299e263d010 JavaThread "Unconstrained build operations Thread 65"        [_thread_blocked, id=3108, stack(0x000000a7a9500000,0x000000a7a9600000) (1024K)]
  0x00000299e263f0e0 JavaThread "Unconstrained build operations Thread 66"        [_thread_blocked, id=6212, stack(0x000000a7a9600000,0x000000a7a9700000) (1024K)]
  0x00000299e2640b20 JavaThread "Unconstrained build operations Thread 67"        [_thread_blocked, id=14128, stack(0x000000a7a9700000,0x000000a7a9800000) (1024K)]
  0x00000299e2641ed0 JavaThread "Unconstrained build operations Thread 68"        [_thread_blocked, id=9384, stack(0x000000a7a9800000,0x000000a7a9900000) (1024K)]
  0x00000299e445d3d0 JavaThread "Unconstrained build operations Thread 69"        [_thread_blocked, id=5128, stack(0x000000a7a9900000,0x000000a7a9a00000) (1024K)]
  0x00000299e44601c0 JavaThread "Unconstrained build operations Thread 70"        [_thread_blocked, id=4252, stack(0x000000a7a9a00000,0x000000a7a9b00000) (1024K)]
  0x00000299e445e780 JavaThread "Unconstrained build operations Thread 71"        [_thread_blocked, id=3040, stack(0x000000a7a9b00000,0x000000a7a9c00000) (1024K)]
  0x00000299e4460850 JavaThread "Unconstrained build operations Thread 72"        [_thread_blocked, id=2020, stack(0x000000a7a9c00000,0x000000a7a9d00000) (1024K)]
  0x00000299e4460ee0 JavaThread "Unconstrained build operations Thread 73"        [_thread_blocked, id=14204, stack(0x000000a7a9d00000,0x000000a7a9e00000) (1024K)]
  0x00000299e445da60 JavaThread "Unconstrained build operations Thread 74"        [_thread_blocked, id=12700, stack(0x000000a7a9e00000,0x000000a7a9f00000) (1024K)]
  0x00000299e78de030 JavaThread "C2 CompilerThread3"         daemon [_thread_in_native, id=7972, stack(0x000000a7a9f00000,0x000000a7aa000000) (1024K)]
  0x00000299e253ed30 JavaThread "WorkerExecutor Queue"              [_thread_blocked, id=4428, stack(0x000000a7a1100000,0x000000a7a1200000) (1024K)]
  0x00000299e253e6a0 JavaThread "Unconstrained build operations Thread 75"        [_thread_blocked, id=4668, stack(0x000000a7aa000000,0x000000a7aa100000) (1024K)]
  0x00000299e253f3c0 JavaThread "Unconstrained build operations Thread 76"        [_thread_blocked, id=13056, stack(0x000000a7aa100000,0x000000a7aa200000) (1024K)]
  0x00000299e253d980 JavaThread "Unconstrained build operations Thread 77"        [_thread_blocked, id=8188, stack(0x000000a7aa200000,0x000000a7aa300000) (1024K)]
  0x00000299e253bf40 JavaThread "Unconstrained build operations Thread 78"        [_thread_blocked, id=10620, stack(0x000000a7aa300000,0x000000a7aa400000) (1024K)]
  0x00000299e253e010 JavaThread "Unconstrained build operations Thread 79"        [_thread_blocked, id=4928, stack(0x000000a7aa400000,0x000000a7aa500000) (1024K)]
  0x00000299e253fa50 JavaThread "Unconstrained build operations Thread 80"        [_thread_blocked, id=7752, stack(0x000000a7aa500000,0x000000a7aa600000) (1024K)]
  0x00000299e2539e70 JavaThread "WorkerExecutor Queue Thread 2"        [_thread_blocked, id=3716, stack(0x000000a7aa600000,0x000000a7aa700000) (1024K)]
Total: 135

Other Threads:
  0x00000299db33bb00 VMThread "VM Thread"                           [id=8260, stack(0x000000a7a1900000,0x000000a7a1a00000) (1024K)]
  0x00000299db32b900 WatcherThread "VM Periodic Task Thread"        [id=10596, stack(0x000000a7a1800000,0x000000a7a1900000) (1024K)]
  0x00000299cfe13f70 WorkerThread "GC Thread#0"                     [id=11708, stack(0x000000a7a1300000,0x000000a7a1400000) (1024K)]
  0x00000299e047a0b0 WorkerThread "GC Thread#1"                     [id=13988, stack(0x000000a7a2500000,0x000000a7a2600000) (1024K)]
  0x00000299e047a450 WorkerThread "GC Thread#2"                     [id=1288, stack(0x000000a7a2600000,0x000000a7a2700000) (1024K)]
  0x00000299e0139020 WorkerThread "GC Thread#3"                     [id=3504, stack(0x000000a7a2700000,0x000000a7a2800000) (1024K)]
  0x00000299e09d7cc0 WorkerThread "GC Thread#4"                     [id=14164, stack(0x000000a7a2800000,0x000000a7a2900000) (1024K)]
  0x00000299e109e680 WorkerThread "GC Thread#5"                     [id=13592, stack(0x000000a7a2900000,0x000000a7a2a00000) (1024K)]
  0x00000299e17e2860 WorkerThread "GC Thread#6"                     [id=12484, stack(0x000000a7a2a00000,0x000000a7a2b00000) (1024K)]
  0x00000299e17e36e0 WorkerThread "GC Thread#7"                     [id=2396, stack(0x000000a7a2b00000,0x000000a7a2c00000) (1024K)]
  0x00000299cfe63b80 ConcurrentGCThread "G1 Main Marker"            [id=10840, stack(0x000000a7a1400000,0x000000a7a1500000) (1024K)]
  0x00000299cfe64d30 WorkerThread "G1 Conc#0"                       [id=8240, stack(0x000000a7a1500000,0x000000a7a1600000) (1024K)]
  0x00000299e17e2fa0 WorkerThread "G1 Conc#1"                       [id=9908, stack(0x000000a7a3700000,0x000000a7a3800000) (1024K)]
  0x00000299db1fc310 ConcurrentGCThread "G1 Refine#0"               [id=11120, stack(0x000000a7a1600000,0x000000a7a1700000) (1024K)]
  0x00000299db1fdc40 ConcurrentGCThread "G1 Service"                [id=13512, stack(0x000000a7a1700000,0x000000a7a1800000) (1024K)]
Total: 15

Threads with active compile tasks:
C2 CompilerThread0  70801 11547 %           com.android.tools.r8.internal.CQ::j @ 601 (1048 bytes)
C2 CompilerThread1  70801 11518 %           com.android.tools.r8.ir.optimize.x::a @ 31 (566 bytes)
C2 CompilerThread2  70801 11543 %           com.android.tools.r8.internal.CQ::b @ 335 (4448 bytes)
C2 CompilerThread3  70801 11487             com.android.tools.r8.internal.Me::b (717 bytes)
Total: 4

VM state: not at safepoint (normal execution)

VM Mutex/Monitor currently owned by a thread: None

Heap address: 0x0000000080000000, size: 2048 MB, Compressed Oops mode: 32-bit

CDS archive(s) not mapped
Compressed class space mapped at: 0x0000000100000000-0x0000000140000000, reserved size: 1073741824
Narrow klass base: 0x0000000000000000, Narrow klass shift: 3, Narrow klass range: 0x140000000

GC Precious Log:
 CardTable entry size: 512
 Card Set container configuration: InlinePtr #cards 5 size 8 Array Of Cards #cards 12 size 40 Howl #buckets 4 coarsen threshold 1843 Howl Bitmap #cards 512 size 80 coarsen threshold 460 Card regions per heap region 1 cards per card region 2048
 CPUs: 8 total, 8 available
 Memory: 12092M
 Large Page Support: Disabled
 NUMA Support: Disabled
 Compressed Oops: Enabled (32-bit)
 Heap Region Size: 1M
 Heap Min Capacity: 8M
 Heap Initial Capacity: 190M
 Heap Max Capacity: 2G
 Pre-touch: Disabled
 Parallel Workers: 8
 Concurrent Workers: 2
 Concurrent Refinement Workers: 8
 Periodic GC: Disabled

Heap:
 garbage-first heap   total 560128K, used 382663K [0x0000000080000000, 0x0000000100000000)
  region size 1024K, 141 young (144384K), 11 survivors (11264K)
 Metaspace       used 128506K, committed 130752K, reserved 1179648K
  class space    used 18862K, committed 19968K, reserved 1048576K

Heap Regions: E=young(eden), S=young(survivor), O=old, HS=humongous(starts), HC=humongous(continues), CS=collection set, F=free, TAMS=top-at-mark-start, PB=parsable bottom
|   0|0x0000000080000000, 0x0000000080100000, 0x0000000080100000|100%|HS|  |TAMS 0x0000000080000000| PB 0x0000000080000000| Complete 
|   1|0x0000000080100000, 0x0000000080200000, 0x0000000080200000|100%|HC|  |TAMS 0x0000000080100000| PB 0x0000000080100000| Complete 
|   2|0x0000000080200000, 0x0000000080300000, 0x0000000080300000|100%|HC|  |TAMS 0x0000000080200000| PB 0x0000000080200000| Complete 
|   3|0x0000000080300000, 0x0000000080400000, 0x0000000080400000|100%|HC|  |TAMS 0x0000000080300000| PB 0x0000000080300000| Complete 
|   4|0x0000000080400000, 0x0000000080500000, 0x0000000080500000|100%| O|  |TAMS 0x0000000080400000| PB 0x0000000080400000| Untracked 
|   5|0x0000000080500000, 0x0000000080600000, 0x0000000080600000|100%| O|  |TAMS 0x0000000080500000| PB 0x0000000080500000| Untracked 
|   6|0x0000000080600000, 0x0000000080700000, 0x0000000080700000|100%|HS|  |TAMS 0x0000000080600000| PB 0x0000000080600000| Complete 
|   7|0x0000000080700000, 0x0000000080800000, 0x0000000080800000|100%| O|  |TAMS 0x0000000080700000| PB 0x0000000080700000| Untracked 
|   8|0x0000000080800000, 0x0000000080900000, 0x0000000080900000|100%| O|  |TAMS 0x0000000080800000| PB 0x0000000080800000| Untracked 
|   9|0x0000000080900000, 0x0000000080a00000, 0x0000000080a00000|100%| O|  |TAMS 0x0000000080900000| PB 0x0000000080900000| Untracked 
|  10|0x0000000080a00000, 0x0000000080b00000, 0x0000000080b00000|100%| O|  |TAMS 0x0000000080a00000| PB 0x0000000080a00000| Untracked 
|  11|0x0000000080b00000, 0x0000000080bec380, 0x0000000080c00000| 92%| O|  |TAMS 0x0000000080b00000| PB 0x0000000080b00000| Untracked 
|  12|0x0000000080c00000, 0x0000000080d00000, 0x0000000080d00000|100%| O|  |TAMS 0x0000000080c00000| PB 0x0000000080c00000| Untracked 
|  13|0x0000000080d00000, 0x0000000080e00000, 0x0000000080e00000|100%| O|  |TAMS 0x0000000080d00000| PB 0x0000000080d00000| Untracked 
|  14|0x0000000080e00000, 0x0000000080f00000, 0x0000000080f00000|100%| O|  |TAMS 0x0000000080e00000| PB 0x0000000080e00000| Untracked 
|  15|0x0000000080f00000, 0x0000000081000000, 0x0000000081000000|100%| O|  |TAMS 0x0000000080f00000| PB 0x0000000080f00000| Untracked 
|  16|0x0000000081000000, 0x0000000081100000, 0x0000000081100000|100%| O|  |TAMS 0x0000000081000000| PB 0x0000000081000000| Untracked 
|  17|0x0000000081100000, 0x0000000081200000, 0x0000000081200000|100%| O|  |TAMS 0x0000000081100000| PB 0x0000000081100000| Untracked 
|  18|0x0000000081200000, 0x0000000081300000, 0x0000000081300000|100%| O|  |TAMS 0x0000000081200000| PB 0x0000000081200000| Untracked 
|  19|0x0000000081300000, 0x0000000081400000, 0x0000000081400000|100%| O|  |TAMS 0x0000000081300000| PB 0x0000000081300000| Untracked 
|  20|0x0000000081400000, 0x0000000081500000, 0x0000000081500000|100%| O|  |TAMS 0x0000000081400000| PB 0x0000000081400000| Untracked 
|  21|0x0000000081500000, 0x0000000081600000, 0x0000000081600000|100%| O|  |TAMS 0x0000000081500000| PB 0x0000000081500000| Untracked 
|  22|0x0000000081600000, 0x0000000081700000, 0x0000000081700000|100%| O|  |TAMS 0x0000000081600000| PB 0x0000000081600000| Untracked 
|  23|0x0000000081700000, 0x0000000081800000, 0x0000000081800000|100%| O|  |TAMS 0x0000000081700000| PB 0x0000000081700000| Untracked 
|  24|0x0000000081800000, 0x0000000081900000, 0x0000000081900000|100%| O|  |TAMS 0x0000000081800000| PB 0x0000000081800000| Untracked 
|  25|0x0000000081900000, 0x0000000081a00000, 0x0000000081a00000|100%| O|  |TAMS 0x0000000081900000| PB 0x0000000081900000| Untracked 
|  26|0x0000000081a00000, 0x0000000081b00000, 0x0000000081b00000|100%|HS|  |TAMS 0x0000000081a00000| PB 0x0000000081a00000| Complete 
|  27|0x0000000081b00000, 0x0000000081c00000, 0x0000000081c00000|100%|HC|  |TAMS 0x0000000081b00000| PB 0x0000000081b00000| Complete 
|  28|0x0000000081c00000, 0x0000000081d00000, 0x0000000081d00000|100%| O|  |TAMS 0x0000000081c00000| PB 0x0000000081c00000| Untracked 
|  29|0x0000000081d00000, 0x0000000081e00000, 0x0000000081e00000|100%| O|  |TAMS 0x0000000081d00000| PB 0x0000000081d00000| Untracked 
|  30|0x0000000081e00000, 0x0000000081f00000, 0x0000000081f00000|100%| O|  |TAMS 0x0000000081e00000| PB 0x0000000081e00000| Untracked 
|  31|0x0000000081f00000, 0x0000000082000000, 0x0000000082000000|100%| O|  |TAMS 0x0000000081f00000| PB 0x0000000081f00000| Untracked 
|  32|0x0000000082000000, 0x0000000082100000, 0x0000000082100000|100%| O|  |TAMS 0x0000000082000000| PB 0x0000000082000000| Untracked 
|  33|0x0000000082100000, 0x0000000082200000, 0x0000000082200000|100%| O|  |TAMS 0x0000000082100000| PB 0x0000000082100000| Untracked 
|  34|0x0000000082200000, 0x0000000082300000, 0x0000000082300000|100%| O|  |TAMS 0x0000000082200000| PB 0x0000000082200000| Untracked 
|  35|0x0000000082300000, 0x0000000082400000, 0x0000000082400000|100%| O|  |TAMS 0x0000000082300000| PB 0x0000000082300000| Untracked 
|  36|0x0000000082400000, 0x0000000082500000, 0x0000000082500000|100%| O|  |TAMS 0x0000000082400000| PB 0x0000000082400000| Untracked 
|  37|0x0000000082500000, 0x0000000082600000, 0x0000000082600000|100%| O|  |TAMS 0x0000000082500000| PB 0x0000000082500000| Untracked 
|  38|0x0000000082600000, 0x0000000082700000, 0x0000000082700000|100%| O|  |TAMS 0x0000000082600000| PB 0x0000000082600000| Untracked 
|  39|0x0000000082700000, 0x0000000082800000, 0x0000000082800000|100%| O|  |TAMS 0x0000000082700000| PB 0x0000000082700000| Untracked 
|  40|0x0000000082800000, 0x0000000082900000, 0x0000000082900000|100%| O|  |TAMS 0x0000000082800000| PB 0x0000000082800000| Untracked 
|  41|0x0000000082900000, 0x0000000082a00000, 0x0000000082a00000|100%|HS|  |TAMS 0x0000000082900000| PB 0x0000000082900000| Complete 
|  42|0x0000000082a00000, 0x0000000082b00000, 0x0000000082b00000|100%|HS|  |TAMS 0x0000000082a00000| PB 0x0000000082a00000| Complete 
|  43|0x0000000082b00000, 0x0000000082c00000, 0x0000000082c00000|100%|HS|  |TAMS 0x0000000082b00000| PB 0x0000000082b00000| Complete 
|  44|0x0000000082c00000, 0x0000000082d00000, 0x0000000082d00000|100%| O|  |TAMS 0x0000000082c00000| PB 0x0000000082c00000| Untracked 
|  45|0x0000000082d00000, 0x0000000082e00000, 0x0000000082e00000|100%| O|  |TAMS 0x0000000082d00000| PB 0x0000000082d00000| Untracked 
|  46|0x0000000082e00000, 0x0000000082f00000, 0x0000000082f00000|100%| O|  |TAMS 0x0000000082e00000| PB 0x0000000082e00000| Untracked 
|  47|0x0000000082f00000, 0x0000000083000000, 0x0000000083000000|100%| O|  |TAMS 0x0000000082f00000| PB 0x0000000082f00000| Untracked 
|  48|0x0000000083000000, 0x0000000083100000, 0x0000000083100000|100%| O|  |TAMS 0x0000000083000000| PB 0x0000000083000000| Untracked 
|  49|0x0000000083100000, 0x0000000083200000, 0x0000000083200000|100%|HS|  |TAMS 0x0000000083100000| PB 0x0000000083100000| Complete 
|  50|0x0000000083200000, 0x0000000083300000, 0x0000000083300000|100%| O|  |TAMS 0x0000000083200000| PB 0x0000000083200000| Untracked 
|  51|0x0000000083300000, 0x0000000083400000, 0x0000000083400000|100%|HS|  |TAMS 0x0000000083300000| PB 0x0000000083300000| Complete 
|  52|0x0000000083400000, 0x0000000083500000, 0x0000000083500000|100%| O|  |TAMS 0x0000000083400000| PB 0x0000000083400000| Untracked 
|  53|0x0000000083500000, 0x0000000083600000, 0x0000000083600000|100%|HS|  |TAMS 0x0000000083500000| PB 0x0000000083500000| Complete 
|  54|0x0000000083600000, 0x0000000083700000, 0x0000000083700000|100%| O|  |TAMS 0x0000000083600000| PB 0x0000000083600000| Untracked 
|  55|0x0000000083700000, 0x0000000083800000, 0x0000000083800000|100%| O|  |TAMS 0x0000000083700000| PB 0x0000000083700000| Untracked 
|  56|0x0000000083800000, 0x0000000083900000, 0x0000000083900000|100%| O|  |TAMS 0x0000000083800000| PB 0x0000000083800000| Untracked 
|  57|0x0000000083900000, 0x0000000083a00000, 0x0000000083a00000|100%|HS|  |TAMS 0x0000000083900000| PB 0x0000000083900000| Complete 
|  58|0x0000000083a00000, 0x0000000083b00000, 0x0000000083b00000|100%| O|  |TAMS 0x0000000083a00000| PB 0x0000000083a00000| Untracked 
|  59|0x0000000083b00000, 0x0000000083c00000, 0x0000000083c00000|100%| O|  |TAMS 0x0000000083b00000| PB 0x0000000083b00000| Untracked 
|  60|0x0000000083c00000, 0x0000000083d00000, 0x0000000083d00000|100%| O|  |TAMS 0x0000000083c00000| PB 0x0000000083c00000| Untracked 
|  61|0x0000000083d00000, 0x0000000083e00000, 0x0000000083e00000|100%| O|  |TAMS 0x0000000083d00000| PB 0x0000000083d00000| Untracked 
|  62|0x0000000083e00000, 0x0000000083f00000, 0x0000000083f00000|100%| O|  |TAMS 0x0000000083e00000| PB 0x0000000083e00000| Untracked 
|  63|0x0000000083f00000, 0x0000000084000000, 0x0000000084000000|100%| O|  |TAMS 0x0000000083f00000| PB 0x0000000083f00000| Untracked 
|  64|0x0000000084000000, 0x0000000084100000, 0x0000000084100000|100%| O|  |TAMS 0x0000000084000000| PB 0x0000000084000000| Untracked 
|  65|0x0000000084100000, 0x0000000084200000, 0x0000000084200000|100%| O|  |TAMS 0x0000000084100000| PB 0x0000000084100000| Untracked 
|  66|0x0000000084200000, 0x0000000084300000, 0x0000000084300000|100%| O|  |TAMS 0x0000000084200000| PB 0x0000000084200000| Untracked 
|  67|0x0000000084300000, 0x0000000084400000, 0x0000000084400000|100%| O|  |TAMS 0x0000000084300000| PB 0x0000000084300000| Untracked 
|  68|0x0000000084400000, 0x0000000084500000, 0x0000000084500000|100%| O|  |TAMS 0x0000000084400000| PB 0x0000000084400000| Untracked 
|  69|0x0000000084500000, 0x0000000084600000, 0x0000000084600000|100%| O|  |TAMS 0x0000000084500000| PB 0x0000000084500000| Untracked 
|  70|0x0000000084600000, 0x0000000084700000, 0x0000000084700000|100%| O|  |TAMS 0x0000000084600000| PB 0x0000000084600000| Untracked 
|  71|0x0000000084700000, 0x0000000084800000, 0x0000000084800000|100%| O|  |TAMS 0x0000000084700000| PB 0x0000000084700000| Untracked 
|  72|0x0000000084800000, 0x0000000084900000, 0x0000000084900000|100%| O|  |TAMS 0x0000000084800000| PB 0x0000000084800000| Untracked 
|  73|0x0000000084900000, 0x0000000084a00000, 0x0000000084a00000|100%| O|  |TAMS 0x0000000084900000| PB 0x0000000084900000| Untracked 
|  74|0x0000000084a00000, 0x0000000084b00000, 0x0000000084b00000|100%| O|  |TAMS 0x0000000084a00000| PB 0x0000000084a00000| Untracked 
|  75|0x0000000084b00000, 0x0000000084c00000, 0x0000000084c00000|100%| O|  |TAMS 0x0000000084b00000| PB 0x0000000084b00000| Untracked 
|  76|0x0000000084c00000, 0x0000000084d00000, 0x0000000084d00000|100%| O|  |TAMS 0x0000000084c00000| PB 0x0000000084c00000| Untracked 
|  77|0x0000000084d00000, 0x0000000084e00000, 0x0000000084e00000|100%| O|  |TAMS 0x0000000084d00000| PB 0x0000000084d00000| Untracked 
|  78|0x0000000084e00000, 0x0000000084f00000, 0x0000000084f00000|100%| O|  |TAMS 0x0000000084e00000| PB 0x0000000084e00000| Untracked 
|  79|0x0000000084f00000, 0x0000000085000000, 0x0000000085000000|100%| O|  |TAMS 0x0000000084f00000| PB 0x0000000084f00000| Untracked 
|  80|0x0000000085000000, 0x0000000085100000, 0x0000000085100000|100%| O|  |TAMS 0x0000000085000000| PB 0x0000000085000000| Untracked 
|  81|0x0000000085100000, 0x0000000085200000, 0x0000000085200000|100%| O|  |TAMS 0x0000000085100000| PB 0x0000000085100000| Untracked 
|  82|0x0000000085200000, 0x0000000085300000, 0x0000000085300000|100%| O|  |TAMS 0x0000000085200000| PB 0x0000000085200000| Untracked 
|  83|0x0000000085300000, 0x0000000085400000, 0x0000000085400000|100%| O|  |TAMS 0x0000000085300000| PB 0x0000000085300000| Untracked 
|  84|0x0000000085400000, 0x0000000085500000, 0x0000000085500000|100%| O|  |TAMS 0x0000000085400000| PB 0x0000000085400000| Untracked 
|  85|0x0000000085500000, 0x0000000085600000, 0x0000000085600000|100%| O|  |TAMS 0x0000000085500000| PB 0x0000000085500000| Untracked 
|  86|0x0000000085600000, 0x0000000085700000, 0x0000000085700000|100%| O|  |TAMS 0x0000000085600000| PB 0x0000000085600000| Untracked 
|  87|0x0000000085700000, 0x0000000085800000, 0x0000000085800000|100%| O|Cm|TAMS 0x0000000085700000| PB 0x0000000085700000| Complete 
|  88|0x0000000085800000, 0x0000000085900000, 0x0000000085900000|100%| O|  |TAMS 0x0000000085800000| PB 0x0000000085800000| Untracked 
|  89|0x0000000085900000, 0x0000000085a00000, 0x0000000085a00000|100%| O|  |TAMS 0x0000000085900000| PB 0x0000000085900000| Untracked 
|  90|0x0000000085a00000, 0x0000000085b00000, 0x0000000085b00000|100%| O|  |TAMS 0x0000000085a00000| PB 0x0000000085a00000| Untracked 
|  91|0x0000000085b00000, 0x0000000085c00000, 0x0000000085c00000|100%| O|  |TAMS 0x0000000085b00000| PB 0x0000000085b00000| Untracked 
|  92|0x0000000085c00000, 0x0000000085d00000, 0x0000000085d00000|100%| O|  |TAMS 0x0000000085c00000| PB 0x0000000085c00000| Untracked 
|  93|0x0000000085d00000, 0x0000000085e00000, 0x0000000085e00000|100%| O|  |TAMS 0x0000000085d00000| PB 0x0000000085d00000| Untracked 
|  94|0x0000000085e00000, 0x0000000085f00000, 0x0000000085f00000|100%| O|  |TAMS 0x0000000085e00000| PB 0x0000000085e00000| Untracked 
|  95|0x0000000085f00000, 0x0000000086000000, 0x0000000086000000|100%| O|  |TAMS 0x0000000085f00000| PB 0x0000000085f00000| Untracked 
|  96|0x0000000086000000, 0x0000000086100000, 0x0000000086100000|100%| O|  |TAMS 0x0000000086000000| PB 0x0000000086000000| Untracked 
|  97|0x0000000086100000, 0x0000000086200000, 0x0000000086200000|100%|HS|  |TAMS 0x0000000086100000| PB 0x0000000086100000| Complete 
|  98|0x0000000086200000, 0x0000000086300000, 0x0000000086300000|100%| O|  |TAMS 0x0000000086200000| PB 0x0000000086200000| Untracked 
|  99|0x0000000086300000, 0x0000000086400000, 0x0000000086400000|100%| O|  |TAMS 0x0000000086300000| PB 0x0000000086300000| Untracked 
| 100|0x0000000086400000, 0x0000000086500000, 0x0000000086500000|100%| O|  |TAMS 0x0000000086400000| PB 0x0000000086400000| Untracked 
| 101|0x0000000086500000, 0x0000000086600000, 0x0000000086600000|100%| O|  |TAMS 0x0000000086500000| PB 0x0000000086500000| Untracked 
| 102|0x0000000086600000, 0x0000000086700000, 0x0000000086700000|100%| O|  |TAMS 0x0000000086600000| PB 0x0000000086600000| Untracked 
| 103|0x0000000086700000, 0x0000000086800000, 0x0000000086800000|100%| O|  |TAMS 0x0000000086700000| PB 0x0000000086700000| Untracked 
| 104|0x0000000086800000, 0x0000000086900000, 0x0000000086900000|100%| O|  |TAMS 0x0000000086800000| PB 0x0000000086800000| Untracked 
| 105|0x0000000086900000, 0x0000000086a00000, 0x0000000086a00000|100%| O|  |TAMS 0x0000000086900000| PB 0x0000000086900000| Untracked 
| 106|0x0000000086a00000, 0x0000000086b00000, 0x0000000086b00000|100%| O|  |TAMS 0x0000000086a00000| PB 0x0000000086a00000| Untracked 
| 107|0x0000000086b00000, 0x0000000086c00000, 0x0000000086c00000|100%| O|  |TAMS 0x0000000086b00000| PB 0x0000000086b00000| Untracked 
| 108|0x0000000086c00000, 0x0000000086d00000, 0x0000000086d00000|100%| O|  |TAMS 0x0000000086c00000| PB 0x0000000086c00000| Untracked 
| 109|0x0000000086d00000, 0x0000000086e00000, 0x0000000086e00000|100%| O|  |TAMS 0x0000000086d00000| PB 0x0000000086d00000| Untracked 
| 110|0x0000000086e00000, 0x0000000086f00000, 0x0000000086f00000|100%| O|  |TAMS 0x0000000086e00000| PB 0x0000000086e00000| Untracked 
| 111|0x0000000086f00000, 0x0000000087000000, 0x0000000087000000|100%| O|  |TAMS 0x0000000086f00000| PB 0x0000000086f00000| Untracked 
| 112|0x0000000087000000, 0x0000000087100000, 0x0000000087100000|100%| O|  |TAMS 0x0000000087000000| PB 0x0000000087000000| Untracked 
| 113|0x0000000087100000, 0x0000000087200000, 0x0000000087200000|100%| O|  |TAMS 0x0000000087100000| PB 0x0000000087100000| Untracked 
| 114|0x0000000087200000, 0x0000000087300000, 0x0000000087300000|100%| O|  |TAMS 0x0000000087200000| PB 0x0000000087200000| Untracked 
| 115|0x0000000087300000, 0x0000000087400000, 0x0000000087400000|100%| O|  |TAMS 0x0000000087300000| PB 0x0000000087300000| Untracked 
| 116|0x0000000087400000, 0x0000000087500000, 0x0000000087500000|100%| O|  |TAMS 0x0000000087400000| PB 0x0000000087400000| Untracked 
| 117|0x0000000087500000, 0x0000000087600000, 0x0000000087600000|100%| O|  |TAMS 0x0000000087500000| PB 0x0000000087500000| Untracked 
| 118|0x0000000087600000, 0x0000000087700000, 0x0000000087700000|100%| O|Cm|TAMS 0x0000000087600000| PB 0x0000000087600000| Complete 
| 119|0x0000000087700000, 0x0000000087800000, 0x0000000087800000|100%| O|  |TAMS 0x0000000087700000| PB 0x0000000087700000| Untracked 
| 120|0x0000000087800000, 0x0000000087900000, 0x0000000087900000|100%| O|  |TAMS 0x0000000087800000| PB 0x0000000087800000| Untracked 
| 121|0x0000000087900000, 0x0000000087a00000, 0x0000000087a00000|100%| O|Cm|TAMS 0x0000000087900000| PB 0x0000000087900000| Complete 
| 122|0x0000000087a00000, 0x0000000087b00000, 0x0000000087b00000|100%| O|  |TAMS 0x0000000087a00000| PB 0x0000000087a00000| Untracked 
| 123|0x0000000087b00000, 0x0000000087c00000, 0x0000000087c00000|100%| O|Cm|TAMS 0x0000000087b00000| PB 0x0000000087b00000| Complete 
| 124|0x0000000087c00000, 0x0000000087d00000, 0x0000000087d00000|100%| O|  |TAMS 0x0000000087c00000| PB 0x0000000087c00000| Untracked 
| 125|0x0000000087d00000, 0x0000000087e00000, 0x0000000087e00000|100%| O|  |TAMS 0x0000000087d00000| PB 0x0000000087d00000| Untracked 
| 126|0x0000000087e00000, 0x0000000087f00000, 0x0000000087f00000|100%| O|  |TAMS 0x0000000087e00000| PB 0x0000000087e00000| Untracked 
| 127|0x0000000087f00000, 0x0000000088000000, 0x0000000088000000|100%| O|Cm|TAMS 0x0000000087f00000| PB 0x0000000087f00000| Complete 
| 128|0x0000000088000000, 0x0000000088100000, 0x0000000088100000|100%| O|  |TAMS 0x0000000088000000| PB 0x0000000088000000| Untracked 
| 129|0x0000000088100000, 0x00000000881ea1b0, 0x0000000088200000| 91%| O|  |TAMS 0x0000000088100000| PB 0x0000000088100000| Untracked 
| 130|0x0000000088200000, 0x0000000088200000, 0x0000000088300000|  0%| F|  |TAMS 0x0000000088200000| PB 0x0000000088200000| Untracked 
| 131|0x0000000088300000, 0x0000000088300000, 0x0000000088400000|  0%| F|  |TAMS 0x0000000088300000| PB 0x0000000088300000| Untracked 
| 132|0x0000000088400000, 0x0000000088500000, 0x0000000088500000|100%| O|  |TAMS 0x0000000088400000| PB 0x0000000088400000| Untracked 
| 133|0x0000000088500000, 0x0000000088600000, 0x0000000088600000|100%| O|  |TAMS 0x0000000088500000| PB 0x0000000088500000| Untracked 
| 134|0x0000000088600000, 0x0000000088700000, 0x0000000088700000|100%| O|  |TAMS 0x0000000088600000| PB 0x0000000088600000| Untracked 
| 135|0x0000000088700000, 0x0000000088800000, 0x0000000088800000|100%| O|  |TAMS 0x0000000088700000| PB 0x0000000088700000| Untracked 
| 136|0x0000000088800000, 0x0000000088900000, 0x0000000088900000|100%| O|Cm|TAMS 0x0000000088800000| PB 0x0000000088800000| Complete 
| 137|0x0000000088900000, 0x0000000088a00000, 0x0000000088a00000|100%| O|Cm|TAMS 0x0000000088900000| PB 0x0000000088900000| Complete 
| 138|0x0000000088a00000, 0x0000000088b00000, 0x0000000088b00000|100%| O|  |TAMS 0x0000000088a00000| PB 0x0000000088a00000| Untracked 
| 139|0x0000000088b00000, 0x0000000088c00000, 0x0000000088c00000|100%| O|  |TAMS 0x0000000088b00000| PB 0x0000000088b00000| Untracked 
| 140|0x0000000088c00000, 0x0000000088d00000, 0x0000000088d00000|100%| O|  |TAMS 0x0000000088c00000| PB 0x0000000088c00000| Untracked 
| 141|0x0000000088d00000, 0x0000000088e00000, 0x0000000088e00000|100%| O|  |TAMS 0x0000000088d00000| PB 0x0000000088d00000| Untracked 
| 142|0x0000000088e00000, 0x0000000088f00000, 0x0000000088f00000|100%| O|  |TAMS 0x0000000088e00000| PB 0x0000000088e00000| Untracked 
| 143|0x0000000088f00000, 0x0000000089000000, 0x0000000089000000|100%| O|  |TAMS 0x0000000088f00000| PB 0x0000000088f00000| Untracked 
| 144|0x0000000089000000, 0x0000000089000000, 0x0000000089100000|  0%| F|  |TAMS 0x0000000089000000| PB 0x0000000089000000| Untracked 
| 145|0x0000000089100000, 0x0000000089200000, 0x0000000089200000|100%| O|Cm|TAMS 0x0000000089100000| PB 0x0000000089100000| Complete 
| 146|0x0000000089200000, 0x0000000089300000, 0x0000000089300000|100%| O|  |TAMS 0x0000000089200000| PB 0x0000000089200000| Untracked 
| 147|0x0000000089300000, 0x0000000089400000, 0x0000000089400000|100%| O|  |TAMS 0x0000000089300000| PB 0x0000000089300000| Untracked 
| 148|0x0000000089400000, 0x0000000089500000, 0x0000000089500000|100%| O|  |TAMS 0x0000000089400000| PB 0x0000000089400000| Untracked 
| 149|0x0000000089500000, 0x0000000089600000, 0x0000000089600000|100%| O|Cm|TAMS 0x0000000089500000| PB 0x0000000089500000| Complete 
| 150|0x0000000089600000, 0x0000000089600000, 0x0000000089700000|  0%| F|  |TAMS 0x0000000089600000| PB 0x0000000089600000| Untracked 
| 151|0x0000000089700000, 0x0000000089800000, 0x0000000089800000|100%| O|  |TAMS 0x0000000089700000| PB 0x0000000089700000| Untracked 
| 152|0x0000000089800000, 0x0000000089800000, 0x0000000089900000|  0%| F|  |TAMS 0x0000000089800000| PB 0x0000000089800000| Untracked 
| 153|0x0000000089900000, 0x0000000089900000, 0x0000000089a00000|  0%| F|  |TAMS 0x0000000089900000| PB 0x0000000089900000| Untracked 
| 154|0x0000000089a00000, 0x0000000089b00000, 0x0000000089b00000|100%| O|  |TAMS 0x0000000089a00000| PB 0x0000000089a00000| Untracked 
| 155|0x0000000089b00000, 0x0000000089c00000, 0x0000000089c00000|100%| O|  |TAMS 0x0000000089b00000| PB 0x0000000089b00000| Untracked 
| 156|0x0000000089c00000, 0x0000000089d00000, 0x0000000089d00000|100%| O|  |TAMS 0x0000000089c00000| PB 0x0000000089c00000| Untracked 
| 157|0x0000000089d00000, 0x0000000089e00000, 0x0000000089e00000|100%| O|  |TAMS 0x0000000089d00000| PB 0x0000000089d00000| Untracked 
| 158|0x0000000089e00000, 0x0000000089f00000, 0x0000000089f00000|100%| O|  |TAMS 0x0000000089e00000| PB 0x0000000089e00000| Untracked 
| 159|0x0000000089f00000, 0x000000008a000000, 0x000000008a000000|100%| O|  |TAMS 0x0000000089f00000| PB 0x0000000089f00000| Untracked 
| 160|0x000000008a000000, 0x000000008a100000, 0x000000008a100000|100%| O|  |TAMS 0x000000008a000000| PB 0x000000008a000000| Untracked 
| 161|0x000000008a100000, 0x000000008a200000, 0x000000008a200000|100%| O|  |TAMS 0x000000008a100000| PB 0x000000008a100000| Untracked 
| 162|0x000000008a200000, 0x000000008a300000, 0x000000008a300000|100%| O|  |TAMS 0x000000008a200000| PB 0x000000008a200000| Untracked 
| 163|0x000000008a300000, 0x000000008a400000, 0x000000008a400000|100%| O|  |TAMS 0x000000008a300000| PB 0x000000008a300000| Untracked 
| 164|0x000000008a400000, 0x000000008a500000, 0x000000008a500000|100%| O|Cm|TAMS 0x000000008a400000| PB 0x000000008a400000| Complete 
| 165|0x000000008a500000, 0x000000008a600000, 0x000000008a600000|100%| O|  |TAMS 0x000000008a500000| PB 0x000000008a500000| Untracked 
| 166|0x000000008a600000, 0x000000008a700000, 0x000000008a700000|100%| O|  |TAMS 0x000000008a600000| PB 0x000000008a600000| Untracked 
| 167|0x000000008a700000, 0x000000008a800000, 0x000000008a800000|100%| O|  |TAMS 0x000000008a700000| PB 0x000000008a700000| Untracked 
| 168|0x000000008a800000, 0x000000008a900000, 0x000000008a900000|100%| O|  |TAMS 0x000000008a800000| PB 0x000000008a800000| Untracked 
| 169|0x000000008a900000, 0x000000008aa00000, 0x000000008aa00000|100%| O|  |TAMS 0x000000008a900000| PB 0x000000008a900000| Untracked 
| 170|0x000000008aa00000, 0x000000008ab00000, 0x000000008ab00000|100%| O|  |TAMS 0x000000008aa00000| PB 0x000000008aa00000| Untracked 
| 171|0x000000008ab00000, 0x000000008ac00000, 0x000000008ac00000|100%| O|  |TAMS 0x000000008ab00000| PB 0x000000008ab00000| Untracked 
| 172|0x000000008ac00000, 0x000000008ad00000, 0x000000008ad00000|100%| O|  |TAMS 0x000000008ac00000| PB 0x000000008ac00000| Untracked 
| 173|0x000000008ad00000, 0x000000008ae00000, 0x000000008ae00000|100%| O|  |TAMS 0x000000008ad00000| PB 0x000000008ad00000| Untracked 
| 174|0x000000008ae00000, 0x000000008af00000, 0x000000008af00000|100%| O|  |TAMS 0x000000008ae00000| PB 0x000000008ae00000| Untracked 
| 175|0x000000008af00000, 0x000000008b000000, 0x000000008b000000|100%| O|  |TAMS 0x000000008af00000| PB 0x000000008af00000| Untracked 
| 176|0x000000008b000000, 0x000000008b100000, 0x000000008b100000|100%| O|  |TAMS 0x000000008b000000| PB 0x000000008b000000| Untracked 
| 177|0x000000008b100000, 0x000000008b200000, 0x000000008b200000|100%| O|  |TAMS 0x000000008b100000| PB 0x000000008b100000| Untracked 
| 178|0x000000008b200000, 0x000000008b300000, 0x000000008b300000|100%| O|  |TAMS 0x000000008b200000| PB 0x000000008b200000| Untracked 
| 179|0x000000008b300000, 0x000000008b400000, 0x000000008b400000|100%| O|  |TAMS 0x000000008b300000| PB 0x000000008b300000| Untracked 
| 180|0x000000008b400000, 0x000000008b500000, 0x000000008b500000|100%| O|  |TAMS 0x000000008b400000| PB 0x000000008b400000| Untracked 
| 181|0x000000008b500000, 0x000000008b600000, 0x000000008b600000|100%| O|  |TAMS 0x000000008b500000| PB 0x000000008b500000| Untracked 
| 182|0x000000008b600000, 0x000000008b700000, 0x000000008b700000|100%| O|  |TAMS 0x000000008b600000| PB 0x000000008b600000| Untracked 
| 183|0x000000008b700000, 0x000000008b800000, 0x000000008b800000|100%| O|  |TAMS 0x000000008b700000| PB 0x000000008b700000| Untracked 
| 184|0x000000008b800000, 0x000000008b900000, 0x000000008b900000|100%| O|  |TAMS 0x000000008b800000| PB 0x000000008b800000| Untracked 
| 185|0x000000008b900000, 0x000000008ba00000, 0x000000008ba00000|100%| O|  |TAMS 0x000000008b900000| PB 0x000000008b900000| Untracked 
| 186|0x000000008ba00000, 0x000000008bb00000, 0x000000008bb00000|100%| O|  |TAMS 0x000000008ba00000| PB 0x000000008ba00000| Untracked 
| 187|0x000000008bb00000, 0x000000008bc00000, 0x000000008bc00000|100%| O|  |TAMS 0x000000008bb00000| PB 0x000000008bb00000| Untracked 
| 188|0x000000008bc00000, 0x000000008bd00000, 0x000000008bd00000|100%| O|  |TAMS 0x000000008bc00000| PB 0x000000008bc00000| Untracked 
| 189|0x000000008bd00000, 0x000000008be00000, 0x000000008be00000|100%| O|  |TAMS 0x000000008bd00000| PB 0x000000008bd00000| Untracked 
| 190|0x000000008be00000, 0x000000008bf00000, 0x000000008bf00000|100%| O|  |TAMS 0x000000008be00000| PB 0x000000008be00000| Untracked 
| 191|0x000000008bf00000, 0x000000008c000000, 0x000000008c000000|100%| O|  |TAMS 0x000000008bf00000| PB 0x000000008bf00000| Untracked 
| 192|0x000000008c000000, 0x000000008c100000, 0x000000008c100000|100%| O|  |TAMS 0x000000008c000000| PB 0x000000008c000000| Untracked 
| 193|0x000000008c100000, 0x000000008c200000, 0x000000008c200000|100%| O|  |TAMS 0x000000008c100000| PB 0x000000008c100000| Untracked 
| 194|0x000000008c200000, 0x000000008c300000, 0x000000008c300000|100%| O|  |TAMS 0x000000008c200000| PB 0x000000008c200000| Untracked 
| 195|0x000000008c300000, 0x000000008c400000, 0x000000008c400000|100%| O|  |TAMS 0x000000008c300000| PB 0x000000008c300000| Untracked 
| 196|0x000000008c400000, 0x000000008c500000, 0x000000008c500000|100%| O|  |TAMS 0x000000008c400000| PB 0x000000008c400000| Untracked 
| 197|0x000000008c500000, 0x000000008c600000, 0x000000008c600000|100%| O|  |TAMS 0x000000008c500000| PB 0x000000008c500000| Untracked 
| 198|0x000000008c600000, 0x000000008c700000, 0x000000008c700000|100%| O|  |TAMS 0x000000008c600000| PB 0x000000008c600000| Untracked 
| 199|0x000000008c700000, 0x000000008c800000, 0x000000008c800000|100%| O|  |TAMS 0x000000008c700000| PB 0x000000008c700000| Untracked 
| 200|0x000000008c800000, 0x000000008c900000, 0x000000008c900000|100%| O|  |TAMS 0x000000008c800000| PB 0x000000008c800000| Untracked 
| 201|0x000000008c900000, 0x000000008ca00000, 0x000000008ca00000|100%| O|  |TAMS 0x000000008c900000| PB 0x000000008c900000| Untracked 
| 202|0x000000008ca00000, 0x000000008cb00000, 0x000000008cb00000|100%| O|  |TAMS 0x000000008ca00000| PB 0x000000008ca00000| Untracked 
| 203|0x000000008cb00000, 0x000000008cc00000, 0x000000008cc00000|100%| O|  |TAMS 0x000000008cb00000| PB 0x000000008cb00000| Untracked 
| 204|0x000000008cc00000, 0x000000008cd00000, 0x000000008cd00000|100%| O|Cm|TAMS 0x000000008cc00000| PB 0x000000008cc00000| Complete 
| 205|0x000000008cd00000, 0x000000008ce00000, 0x000000008ce00000|100%| O|Cm|TAMS 0x000000008cd00000| PB 0x000000008cd00000| Complete 
| 206|0x000000008ce00000, 0x000000008cf00000, 0x000000008cf00000|100%| O|Cm|TAMS 0x000000008ce00000| PB 0x000000008ce00000| Complete 
| 207|0x000000008cf00000, 0x000000008cf00000, 0x000000008d000000|  0%| F|  |TAMS 0x000000008cf00000| PB 0x000000008cf00000| Untracked 
| 208|0x000000008d000000, 0x000000008d000000, 0x000000008d100000|  0%| F|  |TAMS 0x000000008d000000| PB 0x000000008d000000| Untracked 
| 209|0x000000008d100000, 0x000000008d100000, 0x000000008d200000|  0%| F|  |TAMS 0x000000008d100000| PB 0x000000008d100000| Untracked 
| 210|0x000000008d200000, 0x000000008d200000, 0x000000008d300000|  0%| F|  |TAMS 0x000000008d200000| PB 0x000000008d200000| Untracked 
| 211|0x000000008d300000, 0x000000008d300000, 0x000000008d400000|  0%| F|  |TAMS 0x000000008d300000| PB 0x000000008d300000| Untracked 
| 212|0x000000008d400000, 0x000000008d400000, 0x000000008d500000|  0%| F|  |TAMS 0x000000008d400000| PB 0x000000008d400000| Untracked 
| 213|0x000000008d500000, 0x000000008d500000, 0x000000008d600000|  0%| F|  |TAMS 0x000000008d500000| PB 0x000000008d500000| Untracked 
| 214|0x000000008d600000, 0x000000008d600000, 0x000000008d700000|  0%| F|  |TAMS 0x000000008d600000| PB 0x000000008d600000| Untracked 
| 215|0x000000008d700000, 0x000000008d800000, 0x000000008d800000|100%| O|  |TAMS 0x000000008d700000| PB 0x000000008d700000| Untracked 
| 216|0x000000008d800000, 0x000000008d900000, 0x000000008d900000|100%| O|  |TAMS 0x000000008d800000| PB 0x000000008d800000| Untracked 
| 217|0x000000008d900000, 0x000000008da00000, 0x000000008da00000|100%| O|  |TAMS 0x000000008d900000| PB 0x000000008d900000| Untracked 
| 218|0x000000008da00000, 0x000000008db00000, 0x000000008db00000|100%| O|  |TAMS 0x000000008da00000| PB 0x000000008da00000| Untracked 
| 219|0x000000008db00000, 0x000000008dc00000, 0x000000008dc00000|100%| O|Cm|TAMS 0x000000008db00000| PB 0x000000008db00000| Complete 
| 220|0x000000008dc00000, 0x000000008dd00000, 0x000000008dd00000|100%| O|  |TAMS 0x000000008dc00000| PB 0x000000008dc00000| Untracked 
| 221|0x000000008dd00000, 0x000000008dd00000, 0x000000008de00000|  0%| F|  |TAMS 0x000000008dd00000| PB 0x000000008dd00000| Untracked 
| 222|0x000000008de00000, 0x000000008de00000, 0x000000008df00000|  0%| F|  |TAMS 0x000000008de00000| PB 0x000000008de00000| Untracked 
| 223|0x000000008df00000, 0x000000008df00000, 0x000000008e000000|  0%| F|  |TAMS 0x000000008df00000| PB 0x000000008df00000| Untracked 
| 224|0x000000008e000000, 0x000000008e000000, 0x000000008e100000|  0%| F|  |TAMS 0x000000008e000000| PB 0x000000008e000000| Untracked 
| 225|0x000000008e100000, 0x000000008e100000, 0x000000008e200000|  0%| F|  |TAMS 0x000000008e100000| PB 0x000000008e100000| Untracked 
| 226|0x000000008e200000, 0x000000008e200000, 0x000000008e300000|  0%| F|  |TAMS 0x000000008e200000| PB 0x000000008e200000| Untracked 
| 227|0x000000008e300000, 0x000000008e300000, 0x000000008e400000|  0%| F|  |TAMS 0x000000008e300000| PB 0x000000008e300000| Untracked 
| 228|0x000000008e400000, 0x000000008e400000, 0x000000008e500000|  0%| F|  |TAMS 0x000000008e400000| PB 0x000000008e400000| Untracked 
| 229|0x000000008e500000, 0x000000008e500000, 0x000000008e600000|  0%| F|  |TAMS 0x000000008e500000| PB 0x000000008e500000| Untracked 
| 230|0x000000008e600000, 0x000000008e600000, 0x000000008e700000|  0%| F|  |TAMS 0x000000008e600000| PB 0x000000008e600000| Untracked 
| 231|0x000000008e700000, 0x000000008e7dba10, 0x000000008e800000| 85%| S|CS|TAMS 0x000000008e700000| PB 0x000000008e700000| Complete 
| 232|0x000000008e800000, 0x000000008e800000, 0x000000008e900000|  0%| F|  |TAMS 0x000000008e800000| PB 0x000000008e800000| Untracked 
| 233|0x000000008e900000, 0x000000008e900000, 0x000000008ea00000|  0%| F|  |TAMS 0x000000008e900000| PB 0x000000008e900000| Untracked 
| 234|0x000000008ea00000, 0x000000008ea00000, 0x000000008eb00000|  0%| F|  |TAMS 0x000000008ea00000| PB 0x000000008ea00000| Untracked 
| 235|0x000000008eb00000, 0x000000008eb00000, 0x000000008ec00000|  0%| F|  |TAMS 0x000000008eb00000| PB 0x000000008eb00000| Untracked 
| 236|0x000000008ec00000, 0x000000008ec00000, 0x000000008ed00000|  0%| F|  |TAMS 0x000000008ec00000| PB 0x000000008ec00000| Untracked 
| 237|0x000000008ed00000, 0x000000008ed00000, 0x000000008ee00000|  0%| F|  |TAMS 0x000000008ed00000| PB 0x000000008ed00000| Untracked 
| 238|0x000000008ee00000, 0x000000008ee00000, 0x000000008ef00000|  0%| F|  |TAMS 0x000000008ee00000| PB 0x000000008ee00000| Untracked 
| 239|0x000000008ef00000, 0x000000008ef00000, 0x000000008f000000|  0%| F|  |TAMS 0x000000008ef00000| PB 0x000000008ef00000| Untracked 
| 240|0x000000008f000000, 0x000000008f000000, 0x000000008f100000|  0%| F|  |TAMS 0x000000008f000000| PB 0x000000008f000000| Untracked 
| 241|0x000000008f100000, 0x000000008f100000, 0x000000008f200000|  0%| F|  |TAMS 0x000000008f100000| PB 0x000000008f100000| Untracked 
| 242|0x000000008f200000, 0x000000008f200000, 0x000000008f300000|  0%| F|  |TAMS 0x000000008f200000| PB 0x000000008f200000| Untracked 
| 243|0x000000008f300000, 0x000000008f300000, 0x000000008f400000|  0%| F|  |TAMS 0x000000008f300000| PB 0x000000008f300000| Untracked 
| 244|0x000000008f400000, 0x000000008f400000, 0x000000008f500000|  0%| F|  |TAMS 0x000000008f400000| PB 0x000000008f400000| Untracked 
| 245|0x000000008f500000, 0x000000008f500000, 0x000000008f600000|  0%| F|  |TAMS 0x000000008f500000| PB 0x000000008f500000| Untracked 
| 246|0x000000008f600000, 0x000000008f600000, 0x000000008f700000|  0%| F|  |TAMS 0x000000008f600000| PB 0x000000008f600000| Untracked 
| 247|0x000000008f700000, 0x000000008f700000, 0x000000008f800000|  0%| F|  |TAMS 0x000000008f700000| PB 0x000000008f700000| Untracked 
| 248|0x000000008f800000, 0x000000008f800000, 0x000000008f900000|  0%| F|  |TAMS 0x000000008f800000| PB 0x000000008f800000| Untracked 
| 249|0x000000008f900000, 0x000000008fa00000, 0x000000008fa00000|100%| S|CS|TAMS 0x000000008f900000| PB 0x000000008f900000| Complete 
| 250|0x000000008fa00000, 0x000000008fb00000, 0x000000008fb00000|100%| S|CS|TAMS 0x000000008fa00000| PB 0x000000008fa00000| Complete 
| 251|0x000000008fb00000, 0x000000008fc00000, 0x000000008fc00000|100%| S|CS|TAMS 0x000000008fb00000| PB 0x000000008fb00000| Complete 
| 252|0x000000008fc00000, 0x000000008fd00000, 0x000000008fd00000|100%| S|CS|TAMS 0x000000008fc00000| PB 0x000000008fc00000| Complete 
| 253|0x000000008fd00000, 0x000000008fe00000, 0x000000008fe00000|100%| S|CS|TAMS 0x000000008fd00000| PB 0x000000008fd00000| Complete 
| 254|0x000000008fe00000, 0x000000008ff00000, 0x000000008ff00000|100%| S|CS|TAMS 0x000000008fe00000| PB 0x000000008fe00000| Complete 
| 255|0x000000008ff00000, 0x0000000090000000, 0x0000000090000000|100%| S|CS|TAMS 0x000000008ff00000| PB 0x000000008ff00000| Complete 
| 256|0x0000000090000000, 0x0000000090100000, 0x0000000090100000|100%| S|CS|TAMS 0x0000000090000000| PB 0x0000000090000000| Complete 
| 257|0x0000000090100000, 0x0000000090200000, 0x0000000090200000|100%| S|CS|TAMS 0x0000000090100000| PB 0x0000000090100000| Complete 
| 258|0x0000000090200000, 0x0000000090300000, 0x0000000090300000|100%| S|CS|TAMS 0x0000000090200000| PB 0x0000000090200000| Complete 
| 259|0x0000000090300000, 0x0000000090300000, 0x0000000090400000|  0%| F|  |TAMS 0x0000000090300000| PB 0x0000000090300000| Untracked 
| 260|0x0000000090400000, 0x0000000090400000, 0x0000000090500000|  0%| F|  |TAMS 0x0000000090400000| PB 0x0000000090400000| Untracked 
| 261|0x0000000090500000, 0x0000000090500000, 0x0000000090600000|  0%| F|  |TAMS 0x0000000090500000| PB 0x0000000090500000| Untracked 
| 262|0x0000000090600000, 0x0000000090600000, 0x0000000090700000|  0%| F|  |TAMS 0x0000000090600000| PB 0x0000000090600000| Untracked 
| 263|0x0000000090700000, 0x0000000090700000, 0x0000000090800000|  0%| F|  |TAMS 0x0000000090700000| PB 0x0000000090700000| Untracked 
| 264|0x0000000090800000, 0x0000000090800000, 0x0000000090900000|  0%| F|  |TAMS 0x0000000090800000| PB 0x0000000090800000| Untracked 
| 265|0x0000000090900000, 0x0000000090900000, 0x0000000090a00000|  0%| F|  |TAMS 0x0000000090900000| PB 0x0000000090900000| Untracked 
| 266|0x0000000090a00000, 0x0000000090a00000, 0x0000000090b00000|  0%| F|  |TAMS 0x0000000090a00000| PB 0x0000000090a00000| Untracked 
| 267|0x0000000090b00000, 0x0000000090b00000, 0x0000000090c00000|  0%| F|  |TAMS 0x0000000090b00000| PB 0x0000000090b00000| Untracked 
| 268|0x0000000090c00000, 0x0000000090c00000, 0x0000000090d00000|  0%| F|  |TAMS 0x0000000090c00000| PB 0x0000000090c00000| Untracked 
| 269|0x0000000090d00000, 0x0000000090d00000, 0x0000000090e00000|  0%| F|  |TAMS 0x0000000090d00000| PB 0x0000000090d00000| Untracked 
| 270|0x0000000090e00000, 0x0000000090e00000, 0x0000000090f00000|  0%| F|  |TAMS 0x0000000090e00000| PB 0x0000000090e00000| Untracked 
| 271|0x0000000090f00000, 0x0000000090f00000, 0x0000000091000000|  0%| F|  |TAMS 0x0000000090f00000| PB 0x0000000090f00000| Untracked 
| 272|0x0000000091000000, 0x0000000091000000, 0x0000000091100000|  0%| F|  |TAMS 0x0000000091000000| PB 0x0000000091000000| Untracked 
| 273|0x0000000091100000, 0x0000000091100000, 0x0000000091200000|  0%| F|  |TAMS 0x0000000091100000| PB 0x0000000091100000| Untracked 
| 274|0x0000000091200000, 0x0000000091200000, 0x0000000091300000|  0%| F|  |TAMS 0x0000000091200000| PB 0x0000000091200000| Untracked 
| 275|0x0000000091300000, 0x0000000091300000, 0x0000000091400000|  0%| F|  |TAMS 0x0000000091300000| PB 0x0000000091300000| Untracked 
| 276|0x0000000091400000, 0x0000000091400000, 0x0000000091500000|  0%| F|  |TAMS 0x0000000091400000| PB 0x0000000091400000| Untracked 
| 277|0x0000000091500000, 0x0000000091500000, 0x0000000091600000|  0%| F|  |TAMS 0x0000000091500000| PB 0x0000000091500000| Untracked 
| 278|0x0000000091600000, 0x0000000091600000, 0x0000000091700000|  0%| F|  |TAMS 0x0000000091600000| PB 0x0000000091600000| Untracked 
| 279|0x0000000091700000, 0x0000000091700000, 0x0000000091800000|  0%| F|  |TAMS 0x0000000091700000| PB 0x0000000091700000| Untracked 
| 280|0x0000000091800000, 0x0000000091800000, 0x0000000091900000|  0%| F|  |TAMS 0x0000000091800000| PB 0x0000000091800000| Untracked 
| 281|0x0000000091900000, 0x0000000091900000, 0x0000000091a00000|  0%| F|  |TAMS 0x0000000091900000| PB 0x0000000091900000| Untracked 
| 282|0x0000000091a00000, 0x0000000091a00000, 0x0000000091b00000|  0%| F|  |TAMS 0x0000000091a00000| PB 0x0000000091a00000| Untracked 
| 283|0x0000000091b00000, 0x0000000091b00000, 0x0000000091c00000|  0%| F|  |TAMS 0x0000000091b00000| PB 0x0000000091b00000| Untracked 
| 284|0x0000000091c00000, 0x0000000091c00000, 0x0000000091d00000|  0%| F|  |TAMS 0x0000000091c00000| PB 0x0000000091c00000| Untracked 
| 285|0x0000000091d00000, 0x0000000091d00000, 0x0000000091e00000|  0%| F|  |TAMS 0x0000000091d00000| PB 0x0000000091d00000| Untracked 
| 286|0x0000000091e00000, 0x0000000091e00000, 0x0000000091f00000|  0%| F|  |TAMS 0x0000000091e00000| PB 0x0000000091e00000| Untracked 
| 287|0x0000000091f00000, 0x0000000091f00000, 0x0000000092000000|  0%| F|  |TAMS 0x0000000091f00000| PB 0x0000000091f00000| Untracked 
| 288|0x0000000092000000, 0x0000000092000000, 0x0000000092100000|  0%| F|  |TAMS 0x0000000092000000| PB 0x0000000092000000| Untracked 
| 289|0x0000000092100000, 0x0000000092100000, 0x0000000092200000|  0%| F|  |TAMS 0x0000000092100000| PB 0x0000000092100000| Untracked 
| 290|0x0000000092200000, 0x0000000092200000, 0x0000000092300000|  0%| F|  |TAMS 0x0000000092200000| PB 0x0000000092200000| Untracked 
| 291|0x0000000092300000, 0x0000000092300000, 0x0000000092400000|  0%| F|  |TAMS 0x0000000092300000| PB 0x0000000092300000| Untracked 
| 292|0x0000000092400000, 0x0000000092400000, 0x0000000092500000|  0%| F|  |TAMS 0x0000000092400000| PB 0x0000000092400000| Untracked 
| 293|0x0000000092500000, 0x0000000092500000, 0x0000000092600000|  0%| F|  |TAMS 0x0000000092500000| PB 0x0000000092500000| Untracked 
| 294|0x0000000092600000, 0x0000000092600000, 0x0000000092700000|  0%| F|  |TAMS 0x0000000092600000| PB 0x0000000092600000| Untracked 
| 295|0x0000000092700000, 0x0000000092700000, 0x0000000092800000|  0%| F|  |TAMS 0x0000000092700000| PB 0x0000000092700000| Untracked 
| 296|0x0000000092800000, 0x0000000092800000, 0x0000000092900000|  0%| F|  |TAMS 0x0000000092800000| PB 0x0000000092800000| Untracked 
| 297|0x0000000092900000, 0x0000000092900000, 0x0000000092a00000|  0%| F|  |TAMS 0x0000000092900000| PB 0x0000000092900000| Untracked 
| 298|0x0000000092a00000, 0x0000000092a00000, 0x0000000092b00000|  0%| F|  |TAMS 0x0000000092a00000| PB 0x0000000092a00000| Untracked 
| 299|0x0000000092b00000, 0x0000000092b00000, 0x0000000092c00000|  0%| F|  |TAMS 0x0000000092b00000| PB 0x0000000092b00000| Untracked 
| 300|0x0000000092c00000, 0x0000000092c00000, 0x0000000092d00000|  0%| F|  |TAMS 0x0000000092c00000| PB 0x0000000092c00000| Untracked 
| 301|0x0000000092d00000, 0x0000000092d00000, 0x0000000092e00000|  0%| F|  |TAMS 0x0000000092d00000| PB 0x0000000092d00000| Untracked 
| 302|0x0000000092e00000, 0x0000000092e00000, 0x0000000092f00000|  0%| F|  |TAMS 0x0000000092e00000| PB 0x0000000092e00000| Untracked 
| 303|0x0000000092f00000, 0x0000000092f00000, 0x0000000093000000|  0%| F|  |TAMS 0x0000000092f00000| PB 0x0000000092f00000| Untracked 
| 304|0x0000000093000000, 0x0000000093000000, 0x0000000093100000|  0%| F|  |TAMS 0x0000000093000000| PB 0x0000000093000000| Untracked 
| 305|0x0000000093100000, 0x0000000093100000, 0x0000000093200000|  0%| F|  |TAMS 0x0000000093100000| PB 0x0000000093100000| Untracked 
| 306|0x0000000093200000, 0x0000000093200000, 0x0000000093300000|  0%| F|  |TAMS 0x0000000093200000| PB 0x0000000093200000| Untracked 
| 307|0x0000000093300000, 0x0000000093300000, 0x0000000093400000|  0%| F|  |TAMS 0x0000000093300000| PB 0x0000000093300000| Untracked 
| 308|0x0000000093400000, 0x0000000093400000, 0x0000000093500000|  0%| F|  |TAMS 0x0000000093400000| PB 0x0000000093400000| Untracked 
| 309|0x0000000093500000, 0x0000000093500000, 0x0000000093600000|  0%| F|  |TAMS 0x0000000093500000| PB 0x0000000093500000| Untracked 
| 310|0x0000000093600000, 0x0000000093600000, 0x0000000093700000|  0%| F|  |TAMS 0x0000000093600000| PB 0x0000000093600000| Untracked 
| 311|0x0000000093700000, 0x0000000093700000, 0x0000000093800000|  0%| F|  |TAMS 0x0000000093700000| PB 0x0000000093700000| Untracked 
| 312|0x0000000093800000, 0x0000000093800000, 0x0000000093900000|  0%| F|  |TAMS 0x0000000093800000| PB 0x0000000093800000| Untracked 
| 313|0x0000000093900000, 0x0000000093900000, 0x0000000093a00000|  0%| F|  |TAMS 0x0000000093900000| PB 0x0000000093900000| Untracked 
| 314|0x0000000093a00000, 0x0000000093a00000, 0x0000000093b00000|  0%| F|  |TAMS 0x0000000093a00000| PB 0x0000000093a00000| Untracked 
| 315|0x0000000093b00000, 0x0000000093b00000, 0x0000000093c00000|  0%| F|  |TAMS 0x0000000093b00000| PB 0x0000000093b00000| Untracked 
| 316|0x0000000093c00000, 0x0000000093c00000, 0x0000000093d00000|  0%| F|  |TAMS 0x0000000093c00000| PB 0x0000000093c00000| Untracked 
| 317|0x0000000093d00000, 0x0000000093d00000, 0x0000000093e00000|  0%| F|  |TAMS 0x0000000093d00000| PB 0x0000000093d00000| Untracked 
| 318|0x0000000093e00000, 0x0000000093e00000, 0x0000000093f00000|  0%| F|  |TAMS 0x0000000093e00000| PB 0x0000000093e00000| Untracked 
| 319|0x0000000093f00000, 0x0000000093f00000, 0x0000000094000000|  0%| F|  |TAMS 0x0000000093f00000| PB 0x0000000093f00000| Untracked 
| 320|0x0000000094000000, 0x0000000094000000, 0x0000000094100000|  0%| F|  |TAMS 0x0000000094000000| PB 0x0000000094000000| Untracked 
| 321|0x0000000094100000, 0x0000000094100000, 0x0000000094200000|  0%| F|  |TAMS 0x0000000094100000| PB 0x0000000094100000| Untracked 
| 322|0x0000000094200000, 0x0000000094200000, 0x0000000094300000|  0%| F|  |TAMS 0x0000000094200000| PB 0x0000000094200000| Untracked 
| 323|0x0000000094300000, 0x0000000094300000, 0x0000000094400000|  0%| F|  |TAMS 0x0000000094300000| PB 0x0000000094300000| Untracked 
| 324|0x0000000094400000, 0x0000000094400000, 0x0000000094500000|  0%| F|  |TAMS 0x0000000094400000| PB 0x0000000094400000| Untracked 
| 325|0x0000000094500000, 0x0000000094500000, 0x0000000094600000|  0%| F|  |TAMS 0x0000000094500000| PB 0x0000000094500000| Untracked 
| 326|0x0000000094600000, 0x0000000094600000, 0x0000000094700000|  0%| F|  |TAMS 0x0000000094600000| PB 0x0000000094600000| Untracked 
| 327|0x0000000094700000, 0x0000000094700000, 0x0000000094800000|  0%| F|  |TAMS 0x0000000094700000| PB 0x0000000094700000| Untracked 
| 328|0x0000000094800000, 0x0000000094800000, 0x0000000094900000|  0%| F|  |TAMS 0x0000000094800000| PB 0x0000000094800000| Untracked 
| 329|0x0000000094900000, 0x0000000094900000, 0x0000000094a00000|  0%| F|  |TAMS 0x0000000094900000| PB 0x0000000094900000| Untracked 
| 330|0x0000000094a00000, 0x0000000094a00000, 0x0000000094b00000|  0%| F|  |TAMS 0x0000000094a00000| PB 0x0000000094a00000| Untracked 
| 331|0x0000000094b00000, 0x0000000094b00000, 0x0000000094c00000|  0%| F|  |TAMS 0x0000000094b00000| PB 0x0000000094b00000| Untracked 
| 332|0x0000000094c00000, 0x0000000094c00000, 0x0000000094d00000|  0%| F|  |TAMS 0x0000000094c00000| PB 0x0000000094c00000| Untracked 
| 333|0x0000000094d00000, 0x0000000094d00000, 0x0000000094e00000|  0%| F|  |TAMS 0x0000000094d00000| PB 0x0000000094d00000| Untracked 
| 334|0x0000000094e00000, 0x0000000094e00000, 0x0000000094f00000|  0%| F|  |TAMS 0x0000000094e00000| PB 0x0000000094e00000| Untracked 
| 335|0x0000000094f00000, 0x0000000094f00000, 0x0000000095000000|  0%| F|  |TAMS 0x0000000094f00000| PB 0x0000000094f00000| Untracked 
| 336|0x0000000095000000, 0x0000000095000000, 0x0000000095100000|  0%| F|  |TAMS 0x0000000095000000| PB 0x0000000095000000| Untracked 
| 337|0x0000000095100000, 0x0000000095100000, 0x0000000095200000|  0%| F|  |TAMS 0x0000000095100000| PB 0x0000000095100000| Untracked 
| 338|0x0000000095200000, 0x0000000095200000, 0x0000000095300000|  0%| F|  |TAMS 0x0000000095200000| PB 0x0000000095200000| Untracked 
| 339|0x0000000095300000, 0x0000000095300000, 0x0000000095400000|  0%| F|  |TAMS 0x0000000095300000| PB 0x0000000095300000| Untracked 
| 340|0x0000000095400000, 0x0000000095400000, 0x0000000095500000|  0%| F|  |TAMS 0x0000000095400000| PB 0x0000000095400000| Untracked 
| 341|0x0000000095500000, 0x0000000095500000, 0x0000000095600000|  0%| F|  |TAMS 0x0000000095500000| PB 0x0000000095500000| Untracked 
| 342|0x0000000095600000, 0x0000000095600000, 0x0000000095700000|  0%| F|  |TAMS 0x0000000095600000| PB 0x0000000095600000| Untracked 
| 343|0x0000000095700000, 0x0000000095700000, 0x0000000095800000|  0%| F|  |TAMS 0x0000000095700000| PB 0x0000000095700000| Untracked 
| 344|0x0000000095800000, 0x0000000095800000, 0x0000000095900000|  0%| F|  |TAMS 0x0000000095800000| PB 0x0000000095800000| Untracked 
| 345|0x0000000095900000, 0x0000000095900000, 0x0000000095a00000|  0%| F|  |TAMS 0x0000000095900000| PB 0x0000000095900000| Untracked 
| 346|0x0000000095a00000, 0x0000000095a00000, 0x0000000095b00000|  0%| F|  |TAMS 0x0000000095a00000| PB 0x0000000095a00000| Untracked 
| 347|0x0000000095b00000, 0x0000000095b00000, 0x0000000095c00000|  0%| F|  |TAMS 0x0000000095b00000| PB 0x0000000095b00000| Untracked 
| 348|0x0000000095c00000, 0x0000000095c00000, 0x0000000095d00000|  0%| F|  |TAMS 0x0000000095c00000| PB 0x0000000095c00000| Untracked 
| 349|0x0000000095d00000, 0x0000000095d00000, 0x0000000095e00000|  0%| F|  |TAMS 0x0000000095d00000| PB 0x0000000095d00000| Untracked 
| 350|0x0000000095e00000, 0x0000000095e00000, 0x0000000095f00000|  0%| F|  |TAMS 0x0000000095e00000| PB 0x0000000095e00000| Untracked 
| 351|0x0000000095f00000, 0x0000000095f00000, 0x0000000096000000|  0%| F|  |TAMS 0x0000000095f00000| PB 0x0000000095f00000| Untracked 
| 352|0x0000000096000000, 0x0000000096000000, 0x0000000096100000|  0%| F|  |TAMS 0x0000000096000000| PB 0x0000000096000000| Untracked 
| 353|0x0000000096100000, 0x0000000096100000, 0x0000000096200000|  0%| F|  |TAMS 0x0000000096100000| PB 0x0000000096100000| Untracked 
| 354|0x0000000096200000, 0x0000000096200000, 0x0000000096300000|  0%| F|  |TAMS 0x0000000096200000| PB 0x0000000096200000| Untracked 
| 355|0x0000000096300000, 0x0000000096300000, 0x0000000096400000|  0%| F|  |TAMS 0x0000000096300000| PB 0x0000000096300000| Untracked 
| 356|0x0000000096400000, 0x0000000096400000, 0x0000000096500000|  0%| F|  |TAMS 0x0000000096400000| PB 0x0000000096400000| Untracked 
| 357|0x0000000096500000, 0x0000000096500000, 0x0000000096600000|  0%| F|  |TAMS 0x0000000096500000| PB 0x0000000096500000| Untracked 
| 358|0x0000000096600000, 0x0000000096600000, 0x0000000096700000|  0%| F|  |TAMS 0x0000000096600000| PB 0x0000000096600000| Untracked 
| 359|0x0000000096700000, 0x0000000096700000, 0x0000000096800000|  0%| F|  |TAMS 0x0000000096700000| PB 0x0000000096700000| Untracked 
| 360|0x0000000096800000, 0x0000000096800000, 0x0000000096900000|  0%| F|  |TAMS 0x0000000096800000| PB 0x0000000096800000| Untracked 
| 361|0x0000000096900000, 0x0000000096900000, 0x0000000096a00000|  0%| F|  |TAMS 0x0000000096900000| PB 0x0000000096900000| Untracked 
| 362|0x0000000096a00000, 0x0000000096a00000, 0x0000000096b00000|  0%| F|  |TAMS 0x0000000096a00000| PB 0x0000000096a00000| Untracked 
| 363|0x0000000096b00000, 0x0000000096b00000, 0x0000000096c00000|  0%| F|  |TAMS 0x0000000096b00000| PB 0x0000000096b00000| Untracked 
| 364|0x0000000096c00000, 0x0000000096c00000, 0x0000000096d00000|  0%| F|  |TAMS 0x0000000096c00000| PB 0x0000000096c00000| Untracked 
| 365|0x0000000096d00000, 0x0000000096d00000, 0x0000000096e00000|  0%| F|  |TAMS 0x0000000096d00000| PB 0x0000000096d00000| Untracked 
| 366|0x0000000096e00000, 0x0000000096e00000, 0x0000000096f00000|  0%| F|  |TAMS 0x0000000096e00000| PB 0x0000000096e00000| Untracked 
| 367|0x0000000096f00000, 0x0000000096f00000, 0x0000000097000000|  0%| F|  |TAMS 0x0000000096f00000| PB 0x0000000096f00000| Untracked 
| 368|0x0000000097000000, 0x0000000097000000, 0x0000000097100000|  0%| F|  |TAMS 0x0000000097000000| PB 0x0000000097000000| Untracked 
| 369|0x0000000097100000, 0x0000000097100000, 0x0000000097200000|  0%| F|  |TAMS 0x0000000097100000| PB 0x0000000097100000| Untracked 
| 370|0x0000000097200000, 0x0000000097200000, 0x0000000097300000|  0%| F|  |TAMS 0x0000000097200000| PB 0x0000000097200000| Untracked 
| 371|0x0000000097300000, 0x0000000097300000, 0x0000000097400000|  0%| F|  |TAMS 0x0000000097300000| PB 0x0000000097300000| Untracked 
| 372|0x0000000097400000, 0x0000000097400000, 0x0000000097500000|  0%| F|  |TAMS 0x0000000097400000| PB 0x0000000097400000| Untracked 
| 373|0x0000000097500000, 0x0000000097500000, 0x0000000097600000|  0%| F|  |TAMS 0x0000000097500000| PB 0x0000000097500000| Untracked 
| 374|0x0000000097600000, 0x0000000097600000, 0x0000000097700000|  0%| F|  |TAMS 0x0000000097600000| PB 0x0000000097600000| Untracked 
| 375|0x0000000097700000, 0x0000000097700000, 0x0000000097800000|  0%| F|  |TAMS 0x0000000097700000| PB 0x0000000097700000| Untracked 
| 376|0x0000000097800000, 0x0000000097800000, 0x0000000097900000|  0%| F|  |TAMS 0x0000000097800000| PB 0x0000000097800000| Untracked 
| 377|0x0000000097900000, 0x0000000097900000, 0x0000000097a00000|  0%| F|  |TAMS 0x0000000097900000| PB 0x0000000097900000| Untracked 
| 378|0x0000000097a00000, 0x0000000097a00000, 0x0000000097b00000|  0%| F|  |TAMS 0x0000000097a00000| PB 0x0000000097a00000| Untracked 
| 379|0x0000000097b00000, 0x0000000097b00000, 0x0000000097c00000|  0%| F|  |TAMS 0x0000000097b00000| PB 0x0000000097b00000| Untracked 
| 380|0x0000000097c00000, 0x0000000097c00000, 0x0000000097d00000|  0%| F|  |TAMS 0x0000000097c00000| PB 0x0000000097c00000| Untracked 
| 381|0x0000000097d00000, 0x0000000097d00000, 0x0000000097e00000|  0%| F|  |TAMS 0x0000000097d00000| PB 0x0000000097d00000| Untracked 
| 382|0x0000000097e00000, 0x0000000097f00000, 0x0000000097f00000|100%| E|  |TAMS 0x0000000097e00000| PB 0x0000000097e00000| Complete 
| 383|0x0000000097f00000, 0x0000000098000000, 0x0000000098000000|100%| E|CS|TAMS 0x0000000097f00000| PB 0x0000000097f00000| Complete 
| 384|0x0000000098000000, 0x0000000098100000, 0x0000000098100000|100%| E|CS|TAMS 0x0000000098000000| PB 0x0000000098000000| Complete 
| 385|0x0000000098100000, 0x0000000098200000, 0x0000000098200000|100%| E|CS|TAMS 0x0000000098100000| PB 0x0000000098100000| Complete 
| 386|0x0000000098200000, 0x0000000098300000, 0x0000000098300000|100%| E|CS|TAMS 0x0000000098200000| PB 0x0000000098200000| Complete 
| 387|0x0000000098300000, 0x0000000098400000, 0x0000000098400000|100%| E|CS|TAMS 0x0000000098300000| PB 0x0000000098300000| Complete 
| 388|0x0000000098400000, 0x0000000098500000, 0x0000000098500000|100%| E|CS|TAMS 0x0000000098400000| PB 0x0000000098400000| Complete 
| 389|0x0000000098500000, 0x0000000098600000, 0x0000000098600000|100%| E|CS|TAMS 0x0000000098500000| PB 0x0000000098500000| Complete 
| 390|0x0000000098600000, 0x0000000098700000, 0x0000000098700000|100%| E|CS|TAMS 0x0000000098600000| PB 0x0000000098600000| Complete 
| 391|0x0000000098700000, 0x0000000098800000, 0x0000000098800000|100%| E|CS|TAMS 0x0000000098700000| PB 0x0000000098700000| Complete 
| 392|0x0000000098800000, 0x0000000098900000, 0x0000000098900000|100%| E|CS|TAMS 0x0000000098800000| PB 0x0000000098800000| Complete 
| 393|0x0000000098900000, 0x0000000098a00000, 0x0000000098a00000|100%| E|CS|TAMS 0x0000000098900000| PB 0x0000000098900000| Complete 
| 394|0x0000000098a00000, 0x0000000098b00000, 0x0000000098b00000|100%| E|CS|TAMS 0x0000000098a00000| PB 0x0000000098a00000| Complete 
| 395|0x0000000098b00000, 0x0000000098c00000, 0x0000000098c00000|100%| E|CS|TAMS 0x0000000098b00000| PB 0x0000000098b00000| Complete 
| 396|0x0000000098c00000, 0x0000000098d00000, 0x0000000098d00000|100%| E|CS|TAMS 0x0000000098c00000| PB 0x0000000098c00000| Complete 
| 397|0x0000000098d00000, 0x0000000098e00000, 0x0000000098e00000|100%| E|CS|TAMS 0x0000000098d00000| PB 0x0000000098d00000| Complete 
| 398|0x0000000098e00000, 0x0000000098f00000, 0x0000000098f00000|100%| E|CS|TAMS 0x0000000098e00000| PB 0x0000000098e00000| Complete 
| 399|0x0000000098f00000, 0x0000000099000000, 0x0000000099000000|100%| E|CS|TAMS 0x0000000098f00000| PB 0x0000000098f00000| Complete 
| 400|0x0000000099000000, 0x0000000099100000, 0x0000000099100000|100%| E|CS|TAMS 0x0000000099000000| PB 0x0000000099000000| Complete 
| 401|0x0000000099100000, 0x0000000099200000, 0x0000000099200000|100%| E|CS|TAMS 0x0000000099100000| PB 0x0000000099100000| Complete 
| 402|0x0000000099200000, 0x0000000099300000, 0x0000000099300000|100%| E|CS|TAMS 0x0000000099200000| PB 0x0000000099200000| Complete 
| 403|0x0000000099300000, 0x0000000099400000, 0x0000000099400000|100%| E|CS|TAMS 0x0000000099300000| PB 0x0000000099300000| Complete 
| 404|0x0000000099400000, 0x0000000099500000, 0x0000000099500000|100%| E|CS|TAMS 0x0000000099400000| PB 0x0000000099400000| Complete 
| 405|0x0000000099500000, 0x0000000099600000, 0x0000000099600000|100%| E|CS|TAMS 0x0000000099500000| PB 0x0000000099500000| Complete 
| 406|0x0000000099600000, 0x0000000099700000, 0x0000000099700000|100%| E|CS|TAMS 0x0000000099600000| PB 0x0000000099600000| Complete 
| 407|0x0000000099700000, 0x0000000099800000, 0x0000000099800000|100%| E|CS|TAMS 0x0000000099700000| PB 0x0000000099700000| Complete 
| 408|0x0000000099800000, 0x0000000099900000, 0x0000000099900000|100%| E|CS|TAMS 0x0000000099800000| PB 0x0000000099800000| Complete 
| 409|0x0000000099900000, 0x0000000099a00000, 0x0000000099a00000|100%| E|CS|TAMS 0x0000000099900000| PB 0x0000000099900000| Complete 
| 410|0x0000000099a00000, 0x0000000099b00000, 0x0000000099b00000|100%| E|CS|TAMS 0x0000000099a00000| PB 0x0000000099a00000| Complete 
| 411|0x0000000099b00000, 0x0000000099c00000, 0x0000000099c00000|100%| E|CS|TAMS 0x0000000099b00000| PB 0x0000000099b00000| Complete 
| 412|0x0000000099c00000, 0x0000000099d00000, 0x0000000099d00000|100%| E|CS|TAMS 0x0000000099c00000| PB 0x0000000099c00000| Complete 
| 413|0x0000000099d00000, 0x0000000099e00000, 0x0000000099e00000|100%| E|CS|TAMS 0x0000000099d00000| PB 0x0000000099d00000| Complete 
| 414|0x0000000099e00000, 0x0000000099f00000, 0x0000000099f00000|100%| E|CS|TAMS 0x0000000099e00000| PB 0x0000000099e00000| Complete 
| 415|0x0000000099f00000, 0x000000009a000000, 0x000000009a000000|100%| E|CS|TAMS 0x0000000099f00000| PB 0x0000000099f00000| Complete 
| 416|0x000000009a000000, 0x000000009a100000, 0x000000009a100000|100%| E|CS|TAMS 0x000000009a000000| PB 0x000000009a000000| Complete 
| 417|0x000000009a100000, 0x000000009a200000, 0x000000009a200000|100%| E|CS|TAMS 0x000000009a100000| PB 0x000000009a100000| Complete 
| 418|0x000000009a200000, 0x000000009a300000, 0x000000009a300000|100%| E|CS|TAMS 0x000000009a200000| PB 0x000000009a200000| Complete 
| 419|0x000000009a300000, 0x000000009a400000, 0x000000009a400000|100%| E|CS|TAMS 0x000000009a300000| PB 0x000000009a300000| Complete 
| 420|0x000000009a400000, 0x000000009a500000, 0x000000009a500000|100%| E|CS|TAMS 0x000000009a400000| PB 0x000000009a400000| Complete 
| 421|0x000000009a500000, 0x000000009a600000, 0x000000009a600000|100%| E|CS|TAMS 0x000000009a500000| PB 0x000000009a500000| Complete 
| 422|0x000000009a600000, 0x000000009a700000, 0x000000009a700000|100%| E|CS|TAMS 0x000000009a600000| PB 0x000000009a600000| Complete 
| 423|0x000000009a700000, 0x000000009a800000, 0x000000009a800000|100%| E|CS|TAMS 0x000000009a700000| PB 0x000000009a700000| Complete 
| 424|0x000000009a800000, 0x000000009a900000, 0x000000009a900000|100%| E|CS|TAMS 0x000000009a800000| PB 0x000000009a800000| Complete 
| 425|0x000000009a900000, 0x000000009aa00000, 0x000000009aa00000|100%| E|CS|TAMS 0x000000009a900000| PB 0x000000009a900000| Complete 
| 426|0x000000009aa00000, 0x000000009ab00000, 0x000000009ab00000|100%| E|CS|TAMS 0x000000009aa00000| PB 0x000000009aa00000| Complete 
| 427|0x000000009ab00000, 0x000000009ac00000, 0x000000009ac00000|100%| E|CS|TAMS 0x000000009ab00000| PB 0x000000009ab00000| Complete 
| 428|0x000000009ac00000, 0x000000009ad00000, 0x000000009ad00000|100%| E|CS|TAMS 0x000000009ac00000| PB 0x000000009ac00000| Complete 
| 429|0x000000009ad00000, 0x000000009ae00000, 0x000000009ae00000|100%| E|CS|TAMS 0x000000009ad00000| PB 0x000000009ad00000| Complete 
| 430|0x000000009ae00000, 0x000000009af00000, 0x000000009af00000|100%| E|CS|TAMS 0x000000009ae00000| PB 0x000000009ae00000| Complete 
| 431|0x000000009af00000, 0x000000009b000000, 0x000000009b000000|100%| E|CS|TAMS 0x000000009af00000| PB 0x000000009af00000| Complete 
| 432|0x000000009b000000, 0x000000009b100000, 0x000000009b100000|100%| E|CS|TAMS 0x000000009b000000| PB 0x000000009b000000| Complete 
| 433|0x000000009b100000, 0x000000009b200000, 0x000000009b200000|100%| E|CS|TAMS 0x000000009b100000| PB 0x000000009b100000| Complete 
| 434|0x000000009b200000, 0x000000009b300000, 0x000000009b300000|100%| E|CS|TAMS 0x000000009b200000| PB 0x000000009b200000| Complete 
| 435|0x000000009b300000, 0x000000009b400000, 0x000000009b400000|100%| E|CS|TAMS 0x000000009b300000| PB 0x000000009b300000| Complete 
| 436|0x000000009b400000, 0x000000009b500000, 0x000000009b500000|100%| E|CS|TAMS 0x000000009b400000| PB 0x000000009b400000| Complete 
| 437|0x000000009b500000, 0x000000009b600000, 0x000000009b600000|100%| E|CS|TAMS 0x000000009b500000| PB 0x000000009b500000| Complete 
| 438|0x000000009b600000, 0x000000009b700000, 0x000000009b700000|100%| E|CS|TAMS 0x000000009b600000| PB 0x000000009b600000| Complete 
| 439|0x000000009b700000, 0x000000009b800000, 0x000000009b800000|100%| E|CS|TAMS 0x000000009b700000| PB 0x000000009b700000| Complete 
| 440|0x000000009b800000, 0x000000009b900000, 0x000000009b900000|100%| E|CS|TAMS 0x000000009b800000| PB 0x000000009b800000| Complete 
| 441|0x000000009b900000, 0x000000009ba00000, 0x000000009ba00000|100%| E|CS|TAMS 0x000000009b900000| PB 0x000000009b900000| Complete 
| 442|0x000000009ba00000, 0x000000009bb00000, 0x000000009bb00000|100%| E|CS|TAMS 0x000000009ba00000| PB 0x000000009ba00000| Complete 
| 443|0x000000009bb00000, 0x000000009bc00000, 0x000000009bc00000|100%| E|CS|TAMS 0x000000009bb00000| PB 0x000000009bb00000| Complete 
| 444|0x000000009bc00000, 0x000000009bd00000, 0x000000009bd00000|100%| E|CS|TAMS 0x000000009bc00000| PB 0x000000009bc00000| Complete 
| 445|0x000000009bd00000, 0x000000009be00000, 0x000000009be00000|100%| E|CS|TAMS 0x000000009bd00000| PB 0x000000009bd00000| Complete 
| 446|0x000000009be00000, 0x000000009bf00000, 0x000000009bf00000|100%| E|CS|TAMS 0x000000009be00000| PB 0x000000009be00000| Complete 
| 447|0x000000009bf00000, 0x000000009c000000, 0x000000009c000000|100%| E|CS|TAMS 0x000000009bf00000| PB 0x000000009bf00000| Complete 
| 448|0x000000009c000000, 0x000000009c100000, 0x000000009c100000|100%| E|CS|TAMS 0x000000009c000000| PB 0x000000009c000000| Complete 
| 449|0x000000009c100000, 0x000000009c200000, 0x000000009c200000|100%| E|CS|TAMS 0x000000009c100000| PB 0x000000009c100000| Complete 
| 450|0x000000009c200000, 0x000000009c300000, 0x000000009c300000|100%| E|CS|TAMS 0x000000009c200000| PB 0x000000009c200000| Complete 
| 451|0x000000009c300000, 0x000000009c400000, 0x000000009c400000|100%| E|CS|TAMS 0x000000009c300000| PB 0x000000009c300000| Complete 
| 452|0x000000009c400000, 0x000000009c500000, 0x000000009c500000|100%| E|CS|TAMS 0x000000009c400000| PB 0x000000009c400000| Complete 
| 453|0x000000009c500000, 0x000000009c600000, 0x000000009c600000|100%| E|CS|TAMS 0x000000009c500000| PB 0x000000009c500000| Complete 
| 454|0x000000009c600000, 0x000000009c700000, 0x000000009c700000|100%| E|CS|TAMS 0x000000009c600000| PB 0x000000009c600000| Complete 
| 455|0x000000009c700000, 0x000000009c800000, 0x000000009c800000|100%| E|CS|TAMS 0x000000009c700000| PB 0x000000009c700000| Complete 
| 456|0x000000009c800000, 0x000000009c900000, 0x000000009c900000|100%| E|CS|TAMS 0x000000009c800000| PB 0x000000009c800000| Complete 
| 457|0x000000009c900000, 0x000000009ca00000, 0x000000009ca00000|100%| E|CS|TAMS 0x000000009c900000| PB 0x000000009c900000| Complete 
| 458|0x000000009ca00000, 0x000000009cb00000, 0x000000009cb00000|100%| E|CS|TAMS 0x000000009ca00000| PB 0x000000009ca00000| Complete 
| 459|0x000000009cb00000, 0x000000009cc00000, 0x000000009cc00000|100%| E|CS|TAMS 0x000000009cb00000| PB 0x000000009cb00000| Complete 
| 460|0x000000009cc00000, 0x000000009cd00000, 0x000000009cd00000|100%| E|CS|TAMS 0x000000009cc00000| PB 0x000000009cc00000| Complete 
| 461|0x000000009cd00000, 0x000000009ce00000, 0x000000009ce00000|100%| E|CS|TAMS 0x000000009cd00000| PB 0x000000009cd00000| Complete 
| 462|0x000000009ce00000, 0x000000009cf00000, 0x000000009cf00000|100%| E|CS|TAMS 0x000000009ce00000| PB 0x000000009ce00000| Complete 
| 463|0x000000009cf00000, 0x000000009d000000, 0x000000009d000000|100%| E|CS|TAMS 0x000000009cf00000| PB 0x000000009cf00000| Complete 
| 464|0x000000009d000000, 0x000000009d100000, 0x000000009d100000|100%| E|CS|TAMS 0x000000009d000000| PB 0x000000009d000000| Complete 
| 465|0x000000009d100000, 0x000000009d200000, 0x000000009d200000|100%| E|CS|TAMS 0x000000009d100000| PB 0x000000009d100000| Complete 
| 466|0x000000009d200000, 0x000000009d300000, 0x000000009d300000|100%| E|CS|TAMS 0x000000009d200000| PB 0x000000009d200000| Complete 
| 467|0x000000009d300000, 0x000000009d400000, 0x000000009d400000|100%| E|CS|TAMS 0x000000009d300000| PB 0x000000009d300000| Complete 
| 468|0x000000009d400000, 0x000000009d500000, 0x000000009d500000|100%| E|CS|TAMS 0x000000009d400000| PB 0x000000009d400000| Complete 
| 469|0x000000009d500000, 0x000000009d600000, 0x000000009d600000|100%| E|CS|TAMS 0x000000009d500000| PB 0x000000009d500000| Complete 
| 470|0x000000009d600000, 0x000000009d700000, 0x000000009d700000|100%| E|CS|TAMS 0x000000009d600000| PB 0x000000009d600000| Complete 
| 471|0x000000009d700000, 0x000000009d800000, 0x000000009d800000|100%| E|CS|TAMS 0x000000009d700000| PB 0x000000009d700000| Complete 
| 472|0x000000009d800000, 0x000000009d900000, 0x000000009d900000|100%| E|CS|TAMS 0x000000009d800000| PB 0x000000009d800000| Complete 
| 473|0x000000009d900000, 0x000000009da00000, 0x000000009da00000|100%| E|CS|TAMS 0x000000009d900000| PB 0x000000009d900000| Complete 
| 474|0x000000009da00000, 0x000000009db00000, 0x000000009db00000|100%| E|CS|TAMS 0x000000009da00000| PB 0x000000009da00000| Complete 
| 475|0x000000009db00000, 0x000000009dc00000, 0x000000009dc00000|100%| E|CS|TAMS 0x000000009db00000| PB 0x000000009db00000| Complete 
| 476|0x000000009dc00000, 0x000000009dd00000, 0x000000009dd00000|100%| E|CS|TAMS 0x000000009dc00000| PB 0x000000009dc00000| Complete 
| 477|0x000000009dd00000, 0x000000009de00000, 0x000000009de00000|100%| E|CS|TAMS 0x000000009dd00000| PB 0x000000009dd00000| Complete 
| 478|0x000000009de00000, 0x000000009df00000, 0x000000009df00000|100%| E|CS|TAMS 0x000000009de00000| PB 0x000000009de00000| Complete 
| 479|0x000000009df00000, 0x000000009e000000, 0x000000009e000000|100%| E|CS|TAMS 0x000000009df00000| PB 0x000000009df00000| Complete 
| 480|0x000000009e000000, 0x000000009e100000, 0x000000009e100000|100%| E|CS|TAMS 0x000000009e000000| PB 0x000000009e000000| Complete 
| 481|0x000000009e100000, 0x000000009e200000, 0x000000009e200000|100%| E|CS|TAMS 0x000000009e100000| PB 0x000000009e100000| Complete 
| 482|0x000000009e200000, 0x000000009e300000, 0x000000009e300000|100%| E|CS|TAMS 0x000000009e200000| PB 0x000000009e200000| Complete 
| 483|0x000000009e300000, 0x000000009e400000, 0x000000009e400000|100%| E|CS|TAMS 0x000000009e300000| PB 0x000000009e300000| Complete 
| 484|0x000000009e400000, 0x000000009e500000, 0x000000009e500000|100%| E|CS|TAMS 0x000000009e400000| PB 0x000000009e400000| Complete 
| 485|0x000000009e500000, 0x000000009e600000, 0x000000009e600000|100%| E|CS|TAMS 0x000000009e500000| PB 0x000000009e500000| Complete 
| 486|0x000000009e600000, 0x000000009e700000, 0x000000009e700000|100%| E|CS|TAMS 0x000000009e600000| PB 0x000000009e600000| Complete 
| 487|0x000000009e700000, 0x000000009e800000, 0x000000009e800000|100%| E|CS|TAMS 0x000000009e700000| PB 0x000000009e700000| Complete 
| 488|0x000000009e800000, 0x000000009e900000, 0x000000009e900000|100%| E|CS|TAMS 0x000000009e800000| PB 0x000000009e800000| Complete 
| 489|0x000000009e900000, 0x000000009ea00000, 0x000000009ea00000|100%| E|CS|TAMS 0x000000009e900000| PB 0x000000009e900000| Complete 
| 490|0x000000009ea00000, 0x000000009eb00000, 0x000000009eb00000|100%| E|CS|TAMS 0x000000009ea00000| PB 0x000000009ea00000| Complete 
| 491|0x000000009eb00000, 0x000000009ec00000, 0x000000009ec00000|100%| E|CS|TAMS 0x000000009eb00000| PB 0x000000009eb00000| Complete 
| 492|0x000000009ec00000, 0x000000009ed00000, 0x000000009ed00000|100%| E|CS|TAMS 0x000000009ec00000| PB 0x000000009ec00000| Complete 
| 493|0x000000009ed00000, 0x000000009ee00000, 0x000000009ee00000|100%| E|CS|TAMS 0x000000009ed00000| PB 0x000000009ed00000| Complete 
| 494|0x000000009ee00000, 0x000000009ef00000, 0x000000009ef00000|100%| E|CS|TAMS 0x000000009ee00000| PB 0x000000009ee00000| Complete 
| 495|0x000000009ef00000, 0x000000009f000000, 0x000000009f000000|100%| E|CS|TAMS 0x000000009ef00000| PB 0x000000009ef00000| Complete 
| 496|0x000000009f000000, 0x000000009f100000, 0x000000009f100000|100%| E|CS|TAMS 0x000000009f000000| PB 0x000000009f000000| Complete 
| 497|0x000000009f100000, 0x000000009f200000, 0x000000009f200000|100%| E|CS|TAMS 0x000000009f100000| PB 0x000000009f100000| Complete 
| 498|0x000000009f200000, 0x000000009f300000, 0x000000009f300000|100%| E|CS|TAMS 0x000000009f200000| PB 0x000000009f200000| Complete 
| 499|0x000000009f300000, 0x000000009f400000, 0x000000009f400000|100%| E|CS|TAMS 0x000000009f300000| PB 0x000000009f300000| Complete 
| 500|0x000000009f400000, 0x000000009f500000, 0x000000009f500000|100%| E|CS|TAMS 0x000000009f400000| PB 0x000000009f400000| Complete 
| 501|0x000000009f500000, 0x000000009f600000, 0x000000009f600000|100%| E|CS|TAMS 0x000000009f500000| PB 0x000000009f500000| Complete 
| 502|0x000000009f600000, 0x000000009f700000, 0x000000009f700000|100%| E|CS|TAMS 0x000000009f600000| PB 0x000000009f600000| Complete 
| 503|0x000000009f700000, 0x000000009f800000, 0x000000009f800000|100%| E|CS|TAMS 0x000000009f700000| PB 0x000000009f700000| Complete 
| 504|0x000000009f800000, 0x000000009f900000, 0x000000009f900000|100%| E|CS|TAMS 0x000000009f800000| PB 0x000000009f800000| Complete 
| 505|0x000000009f900000, 0x000000009fa00000, 0x000000009fa00000|100%| E|CS|TAMS 0x000000009f900000| PB 0x000000009f900000| Complete 
| 506|0x000000009fa00000, 0x000000009fb00000, 0x000000009fb00000|100%| E|CS|TAMS 0x000000009fa00000| PB 0x000000009fa00000| Complete 
| 507|0x000000009fb00000, 0x000000009fc00000, 0x000000009fc00000|100%| E|CS|TAMS 0x000000009fb00000| PB 0x000000009fb00000| Complete 
| 508|0x000000009fc00000, 0x000000009fd00000, 0x000000009fd00000|100%| E|CS|TAMS 0x000000009fc00000| PB 0x000000009fc00000| Complete 
| 509|0x000000009fd00000, 0x000000009fe00000, 0x000000009fe00000|100%| E|CS|TAMS 0x000000009fd00000| PB 0x000000009fd00000| Complete 
| 510|0x000000009fe00000, 0x000000009ff00000, 0x000000009ff00000|100%| E|CS|TAMS 0x000000009fe00000| PB 0x000000009fe00000| Complete 
| 511|0x000000009ff00000, 0x00000000a0000000, 0x00000000a0000000|100%| E|CS|TAMS 0x000000009ff00000| PB 0x000000009ff00000| Complete 
|2013|0x00000000fdd00000, 0x00000000fde00000, 0x00000000fde00000|100%| O|  |TAMS 0x00000000fdd00000| PB 0x00000000fdd00000| Untracked 
|2014|0x00000000fde00000, 0x00000000fdf00000, 0x00000000fdf00000|100%| O|  |TAMS 0x00000000fde00000| PB 0x00000000fde00000| Untracked 
|2015|0x00000000fdf00000, 0x00000000fe000000, 0x00000000fe000000|100%| O|  |TAMS 0x00000000fdf00000| PB 0x00000000fdf00000| Untracked 
|2016|0x00000000fe000000, 0x00000000fe100000, 0x00000000fe100000|100%| O|  |TAMS 0x00000000fe000000| PB 0x00000000fe000000| Untracked 
|2017|0x00000000fe100000, 0x00000000fe200000, 0x00000000fe200000|100%| O|  |TAMS 0x00000000fe100000| PB 0x00000000fe100000| Untracked 
|2018|0x00000000fe200000, 0x00000000fe300000, 0x00000000fe300000|100%| O|  |TAMS 0x00000000fe200000| PB 0x00000000fe200000| Untracked 
|2019|0x00000000fe300000, 0x00000000fe400000, 0x00000000fe400000|100%| O|  |TAMS 0x00000000fe300000| PB 0x00000000fe300000| Untracked 
|2020|0x00000000fe400000, 0x00000000fe500000, 0x00000000fe500000|100%| O|  |TAMS 0x00000000fe400000| PB 0x00000000fe400000| Untracked 
|2021|0x00000000fe500000, 0x00000000fe600000, 0x00000000fe600000|100%| O|  |TAMS 0x00000000fe500000| PB 0x00000000fe500000| Untracked 
|2022|0x00000000fe600000, 0x00000000fe700000, 0x00000000fe700000|100%| O|  |TAMS 0x00000000fe600000| PB 0x00000000fe600000| Untracked 
|2023|0x00000000fe700000, 0x00000000fe800000, 0x00000000fe800000|100%| O|  |TAMS 0x00000000fe700000| PB 0x00000000fe700000| Untracked 
|2024|0x00000000fe800000, 0x00000000fe900000, 0x00000000fe900000|100%| O|  |TAMS 0x00000000fe800000| PB 0x00000000fe800000| Untracked 
|2025|0x00000000fe900000, 0x00000000fea00000, 0x00000000fea00000|100%| O|  |TAMS 0x00000000fe900000| PB 0x00000000fe900000| Untracked 
|2026|0x00000000fea00000, 0x00000000feb00000, 0x00000000feb00000|100%| O|  |TAMS 0x00000000fea00000| PB 0x00000000fea00000| Untracked 
|2027|0x00000000feb00000, 0x00000000fec00000, 0x00000000fec00000|100%| O|  |TAMS 0x00000000feb00000| PB 0x00000000feb00000| Untracked 
|2028|0x00000000fec00000, 0x00000000fed00000, 0x00000000fed00000|100%| O|  |TAMS 0x00000000fec00000| PB 0x00000000fec00000| Untracked 
|2029|0x00000000fed00000, 0x00000000fee00000, 0x00000000fee00000|100%| O|  |TAMS 0x00000000fed00000| PB 0x00000000fed00000| Untracked 
|2030|0x00000000fee00000, 0x00000000fef00000, 0x00000000fef00000|100%| E|CS|TAMS 0x00000000fee00000| PB 0x00000000fee00000| Complete 
|2031|0x00000000fef00000, 0x00000000ff000000, 0x00000000ff000000|100%| O|  |TAMS 0x00000000fef00000| PB 0x00000000fef00000| Untracked 
|2032|0x00000000ff000000, 0x00000000ff100000, 0x00000000ff100000|100%| O|  |TAMS 0x00000000ff000000| PB 0x00000000ff000000| Untracked 
|2033|0x00000000ff100000, 0x00000000ff200000, 0x00000000ff200000|100%| E|CS|TAMS 0x00000000ff100000| PB 0x00000000ff100000| Complete 
|2034|0x00000000ff200000, 0x00000000ff300000, 0x00000000ff300000|100%| E|CS|TAMS 0x00000000ff200000| PB 0x00000000ff200000| Complete 
|2035|0x00000000ff300000, 0x00000000ff400000, 0x00000000ff400000|100%| E|CS|TAMS 0x00000000ff300000| PB 0x00000000ff300000| Complete 
|2036|0x00000000ff400000, 0x00000000ff500000, 0x00000000ff500000|100%| E|CS|TAMS 0x00000000ff400000| PB 0x00000000ff400000| Complete 
|2037|0x00000000ff500000, 0x00000000ff600000, 0x00000000ff600000|100%| O|  |TAMS 0x00000000ff500000| PB 0x00000000ff500000| Untracked 
|2038|0x00000000ff600000, 0x00000000ff700000, 0x00000000ff700000|100%| O|  |TAMS 0x00000000ff600000| PB 0x00000000ff600000| Untracked 
|2039|0x00000000ff700000, 0x00000000ff800000, 0x00000000ff800000|100%| E|  |TAMS 0x00000000ff700000| PB 0x00000000ff700000| Complete 
|2040|0x00000000ff800000, 0x00000000ff900000, 0x00000000ff900000|100%| O|  |TAMS 0x00000000ff800000| PB 0x00000000ff800000| Untracked 
|2041|0x00000000ff900000, 0x00000000ffa00000, 0x00000000ffa00000|100%| E|CS|TAMS 0x00000000ff900000| PB 0x00000000ff900000| Complete 
|2042|0x00000000ffa00000, 0x00000000ffb00000, 0x00000000ffb00000|100%| O|  |TAMS 0x00000000ffa00000| PB 0x00000000ffa00000| Untracked 
|2043|0x00000000ffb00000, 0x00000000ffc00000, 0x00000000ffc00000|100%| O|  |TAMS 0x00000000ffb00000| PB 0x00000000ffb00000| Untracked 
|2044|0x00000000ffc00000, 0x00000000ffd00000, 0x00000000ffd00000|100%| O|  |TAMS 0x00000000ffc00000| PB 0x00000000ffc00000| Untracked 
|2045|0x00000000ffd00000, 0x00000000ffe00000, 0x00000000ffe00000|100%| O|  |TAMS 0x00000000ffd00000| PB 0x00000000ffd00000| Untracked 
|2046|0x00000000ffe00000, 0x00000000fff00000, 0x00000000fff00000|100%| O|  |TAMS 0x00000000ffe00000| PB 0x00000000ffe00000| Untracked 
|2047|0x00000000fff00000, 0x0000000100000000, 0x0000000100000000|100%| O|  |TAMS 0x00000000fff00000| PB 0x00000000fff00000| Untracked 

Card table byte_map: [0x00000299d6430000,0x00000299d6830000] _byte_map_base: 0x00000299d6030000

Marking Bits: (CMBitMap*) 0x00000299cfe14580
 Bits: [0x00000299d6830000, 0x00000299d8830000)

Polling page: 0x00000299cdbd0000

Metaspace:

Usage:
  Non-class:    107.07 MB used.
      Class:     18.42 MB used.
       Both:    125.49 MB used.

Virtual space:
  Non-class space:      128.00 MB reserved,     108.19 MB ( 85%) committed,  2 nodes.
      Class space:        1.00 GB reserved,      19.50 MB (  2%) committed,  1 nodes.
             Both:        1.12 GB reserved,     127.69 MB ( 11%) committed. 

Chunk freelists:
   Non-Class:  3.73 MB
       Class:  12.55 MB
        Both:  16.28 MB

MaxMetaspaceSize: unlimited
CompressedClassSpaceSize: 1.00 GB
Initial GC threshold: 21.00 MB
Current GC threshold: 212.62 MB
CDS: off
 - commit_granule_bytes: 65536.
 - commit_granule_words: 8192.
 - virtual_space_node_default_size: 8388608.
 - enlarge_chunks_in_place: 1.
 - use_allocation_guard: 0.


Internal statistics:

num_allocs_failed_limit: 9.
num_arena_births: 4310.
num_arena_deaths: 34.
num_vsnodes_births: 3.
num_vsnodes_deaths: 0.
num_space_committed: 2042.
num_space_uncommitted: 0.
num_chunks_returned_to_freelist: 57.
num_chunks_taken_from_freelist: 9705.
num_chunk_merges: 22.
num_chunk_splits: 6448.
num_chunks_enlarged: 4230.
num_inconsistent_stats: 0.

CodeCache: size=49152Kb used=15625Kb max_used=18702Kb free=33526Kb
 bounds [0x00000299d2f20000, 0x00000299d4250000, 0x00000299d5f20000]
 total_blobs=6114, nmethods=5141, adapters=912, full_count=0
Compilation: enabled, stopped_count=0, restarted_count=0

Compilation events (20 events):
Event: 69.725 Thread 0x00000299e78de030 nmethod 11505% 0x00000299d4226190 code [0x00000299d4227740, 0x00000299d4230890]
Event: 69.726 Thread 0x00000299e78de030 11480             com.android.tools.r8.internal.CQ::a (190 bytes)
Event: 69.744 Thread 0x00000299e78de030 nmethod 11480 0x00000299d3610490 code [0x00000299d3610700, 0x00000299d3611100]
Event: 69.744 Thread 0x00000299e78de030 11525 %           com.android.tools.r8.internal.CQ::b @ 2445 (4448 bytes)
Event: 69.937 Thread 0x00000299db59efe0 nmethod 11510% 0x00000299d4239690 code [0x00000299d423a700, 0x00000299d4243370]
Event: 69.938 Thread 0x00000299db59efe0 11444 %           com.android.tools.r8.internal.or0::a @ 8 (129 bytes)
Event: 70.015 Thread 0x00000299db59efe0 nmethod 11444% 0x00000299d377ea90 code [0x00000299d377eea0, 0x00000299d37807b8]
Event: 70.016 Thread 0x00000299db59efe0 11530             com.android.tools.r8.internal.Vz::a (3948 bytes)
Event: 70.186 Thread 0x00000299e3751540 nmethod 11502 0x00000299d3bfcf10 code [0x00000299d3bfde00, 0x00000299d3c09138]
Event: 70.188 Thread 0x00000299e3751540 11532             com.android.tools.r8.internal.or0::a (129 bytes)
Event: 70.267 Thread 0x00000299e3751540 nmethod 11532 0x00000299d32a6810 code [0x00000299d32a6c00, 0x00000299d32a8538]
Event: 70.268 Thread 0x00000299e3751540 11508             com.android.tools.r8.internal.Qk0::a (818 bytes)
Event: 70.295 Thread 0x00000299e3890940 nmethod 11512 0x00000299d3cd0c10 code [0x00000299d3cd1a00, 0x00000299d3cd8b88]
Event: 70.297 Thread 0x00000299e3890940 11450 %           com.android.tools.r8.internal.CQ::j @ 370 (1048 bytes)
Event: 70.362 Thread 0x00000299e3751540 nmethod 11508 0x00000299d3b82790 code [0x00000299d3b82ce0, 0x00000299d3b84ec8]
Event: 70.363 Thread 0x00000299e3751540 11518 %           com.android.tools.r8.ir.optimize.x::a @ 31 (566 bytes)
Event: 70.479 Thread 0x00000299e78de030 nmethod 11525% 0x00000299d3b95a90 code [0x00000299d3b97000, 0x00000299d3ba00d8]
Event: 70.480 Thread 0x00000299e78de030 11487             com.android.tools.r8.internal.Me::b (717 bytes)
Event: 70.649 Thread 0x00000299e3890940 nmethod 11450% 0x00000299d3bd0d90 code [0x00000299d3bd13a0, 0x00000299d3bd4f40]
Event: 70.650 Thread 0x00000299e3890940 11543 %           com.android.tools.r8.internal.CQ::b @ 335 (4448 bytes)

GC Heap History (20 events):
Event: 63.643 GC heap before
{Heap before GC invocations=85 (full 0):
 garbage-first heap   total 542720K, used 489124K [0x0000000080000000, 0x0000000100000000)
  region size 1024K, 318 young (325632K), 16 survivors (16384K)
 Metaspace       used 128088K, committed 130304K, reserved 1179648K
  class space    used 18847K, committed 19904K, reserved 1048576K
}
Event: 63.653 GC heap after
{Heap after GC invocations=86 (full 0):
 garbage-first heap   total 542720K, used 179492K [0x0000000080000000, 0x0000000100000000)
  region size 1024K, 16 young (16384K), 16 survivors (16384K)
 Metaspace       used 128088K, committed 130304K, reserved 1179648K
  class space    used 18847K, committed 19904K, reserved 1048576K
}
Event: 64.864 GC heap before
{Heap before GC invocations=86 (full 0):
 garbage-first heap   total 542720K, used 489764K [0x0000000080000000, 0x0000000100000000)
  region size 1024K, 318 young (325632K), 16 survivors (16384K)
 Metaspace       used 128221K, committed 130432K, reserved 1179648K
  class space    used 18850K, committed 19904K, reserved 1048576K
}
Event: 64.879 GC heap after
{Heap after GC invocations=87 (full 0):
 garbage-first heap   total 542720K, used 170958K [0x0000000080000000, 0x0000000100000000)
  region size 1024K, 15 young (15360K), 15 survivors (15360K)
 Metaspace       used 128221K, committed 130432K, reserved 1179648K
  class space    used 18850K, committed 19904K, reserved 1048576K
}
Event: 65.631 GC heap before
{Heap before GC invocations=87 (full 0):
 garbage-first heap   total 542720K, used 481230K [0x0000000080000000, 0x0000000100000000)
  region size 1024K, 318 young (325632K), 15 survivors (15360K)
 Metaspace       used 128337K, committed 130560K, reserved 1179648K
  class space    used 18854K, committed 19968K, reserved 1048576K
}
Event: 65.652 GC heap after
{Heap after GC invocations=88 (full 0):
 garbage-first heap   total 542720K, used 186109K [0x0000000080000000, 0x0000000100000000)
  region size 1024K, 30 young (30720K), 30 survivors (30720K)
 Metaspace       used 128337K, committed 130560K, reserved 1179648K
  class space    used 18854K, committed 19968K, reserved 1048576K
}
Event: 66.645 GC heap before
{Heap before GC invocations=89 (full 0):
 garbage-first heap   total 542720K, used 484093K [0x0000000080000000, 0x0000000100000000)
  region size 1024K, 318 young (325632K), 30 survivors (30720K)
 Metaspace       used 128398K, committed 130624K, reserved 1179648K
  class space    used 18858K, committed 19968K, reserved 1048576K
}
Event: 66.660 GC heap after
{Heap after GC invocations=90 (full 0):
 garbage-first heap   total 542720K, used 189451K [0x0000000080000000, 0x0000000100000000)
  region size 1024K, 29 young (29696K), 29 survivors (29696K)
 Metaspace       used 128398K, committed 130624K, reserved 1179648K
  class space    used 18858K, committed 19968K, reserved 1048576K
}
Event: 67.238 GC heap before
{Heap before GC invocations=90 (full 0):
 garbage-first heap   total 542720K, used 484363K [0x0000000080000000, 0x0000000100000000)
  region size 1024K, 318 young (325632K), 29 survivors (29696K)
 Metaspace       used 128442K, committed 130688K, reserved 1179648K
  class space    used 18860K, committed 19968K, reserved 1048576K
}
Event: 67.279 GC heap after
{Heap after GC invocations=91 (full 0):
 garbage-first heap   total 560128K, used 221298K [0x0000000080000000, 0x0000000100000000)
  region size 1024K, 40 young (40960K), 40 survivors (40960K)
 Metaspace       used 128442K, committed 130688K, reserved 1179648K
  class space    used 18860K, committed 19968K, reserved 1048576K
}
Event: 67.782 GC heap before
{Heap before GC invocations=91 (full 0):
 garbage-first heap   total 560128K, used 491634K [0x0000000080000000, 0x0000000100000000)
  region size 1024K, 304 young (311296K), 40 survivors (40960K)
 Metaspace       used 128461K, committed 130688K, reserved 1179648K
  class space    used 18860K, committed 19968K, reserved 1048576K
}
Event: 67.824 GC heap after
{Heap after GC invocations=92 (full 0):
 garbage-first heap   total 560128K, used 247216K [0x0000000080000000, 0x0000000100000000)
  region size 1024K, 33 young (33792K), 33 survivors (33792K)
 Metaspace       used 128461K, committed 130688K, reserved 1179648K
  class space    used 18860K, committed 19968K, reserved 1048576K
}
Event: 68.525 GC heap before
{Heap before GC invocations=93 (full 0):
 garbage-first heap   total 560128K, used 486832K [0x0000000080000000, 0x0000000100000000)
  region size 1024K, 271 young (277504K), 33 survivors (33792K)
 Metaspace       used 128472K, committed 130688K, reserved 1179648K
  class space    used 18861K, committed 19968K, reserved 1048576K
}
Event: 68.554 GC heap after
{Heap after GC invocations=94 (full 0):
 garbage-first heap   total 560128K, used 253872K [0x0000000080000000, 0x0000000100000000)
  region size 1024K, 11 young (11264K), 11 survivors (11264K)
 Metaspace       used 128472K, committed 130688K, reserved 1179648K
  class space    used 18861K, committed 19968K, reserved 1048576K
}
Event: 69.075 GC heap before
{Heap before GC invocations=94 (full 0):
 garbage-first heap   total 560128K, used 500656K [0x0000000080000000, 0x0000000100000000)
  region size 1024K, 252 young (258048K), 11 survivors (11264K)
 Metaspace       used 128480K, committed 130688K, reserved 1179648K
  class space    used 18861K, committed 19968K, reserved 1048576K
}
Event: 69.088 GC heap after
{Heap after GC invocations=95 (full 0):
 garbage-first heap   total 560128K, used 249776K [0x0000000080000000, 0x0000000100000000)
  region size 1024K, 18 young (18432K), 18 survivors (18432K)
 Metaspace       used 128480K, committed 130688K, reserved 1179648K
  class space    used 18861K, committed 19968K, reserved 1048576K
}
Event: 69.644 GC heap before
{Heap before GC invocations=95 (full 0):
 garbage-first heap   total 560128K, used 504752K [0x0000000080000000, 0x0000000100000000)
  region size 1024K, 268 young (274432K), 18 survivors (18432K)
 Metaspace       used 128489K, committed 130688K, reserved 1179648K
  class space    used 18862K, committed 19968K, reserved 1048576K
}
Event: 69.659 GC heap after
{Heap after GC invocations=96 (full 0):
 garbage-first heap   total 560128K, used 250587K [0x0000000080000000, 0x0000000100000000)
  region size 1024K, 19 young (19456K), 19 survivors (19456K)
 Metaspace       used 128489K, committed 130688K, reserved 1179648K
  class space    used 18862K, committed 19968K, reserved 1048576K
}
Event: 70.504 GC heap before
{Heap before GC invocations=97 (full 0):
 garbage-first heap   total 560128K, used 514779K [0x0000000080000000, 0x0000000100000000)
  region size 1024K, 277 young (283648K), 19 survivors (19456K)
 Metaspace       used 128501K, committed 130752K, reserved 1179648K
  class space    used 18862K, committed 19968K, reserved 1048576K
}
Event: 70.516 GC heap after
{Heap after GC invocations=98 (full 0):
 garbage-first heap   total 560128K, used 251591K [0x0000000080000000, 0x0000000100000000)
  region size 1024K, 11 young (11264K), 11 survivors (11264K)
 Metaspace       used 128501K, committed 130752K, reserved 1179648K
  class space    used 18862K, committed 19968K, reserved 1048576K
}

Dll operation events (3 events):
Event: 0.011 Loaded shared library C:\Program Files\Android\Android Studio\jbr\bin\java.dll
Event: 0.020 Loaded shared library C:\Program Files\Android\Android Studio\jbr\bin\zip.dll
Event: 1.046 Loaded shared library C:\Program Files\Android\Android Studio\jbr\bin\verify.dll

Deoptimization events (20 events):
Event: 70.072 Thread 0x00000299e5162130 Uncommon trap: trap_request=0xffffff45 fr.pc=0x00000299d3637358 relative=0x0000000000004f78
Event: 70.072 Thread 0x00000299e5162130 Uncommon trap: reason=unstable_if action=reinterpret pc=0x00000299d3637358 method=com.android.tools.r8.internal.oA.a(Lcom/android/tools/r8/internal/aA;Lcom/android/tools/r8/internal/i8;Lcom/android/tools/r8/internal/Gp0;Ljava/lang/String;)Lcom/android/too
Event: 70.072 Thread 0x00000299e5162130 DEOPT PACKING pc=0x00000299d3637358 sp=0x000000a7a57fa370
Event: 70.072 Thread 0x00000299e5162130 DEOPT UNPACKING pc=0x00000299d2f77aa2 sp=0x000000a7a57fa388 mode 2
Event: 70.149 Thread 0x00000299e2643910 Uncommon trap: trap_request=0xffffff45 fr.pc=0x00000299d3cc32d8 relative=0x0000000000001918
Event: 70.149 Thread 0x00000299e2643910 Uncommon trap: reason=unstable_if action=reinterpret pc=0x00000299d3cc32d8 method=com.android.tools.r8.internal.Oa.a(Lcom/android/tools/r8/internal/Vz;IIZ)V @ 270 c2
Event: 70.149 Thread 0x00000299e2643910 DEOPT PACKING pc=0x00000299d3cc32d8 sp=0x000000a7a7bf7360
Event: 70.149 Thread 0x00000299e2643910 DEOPT UNPACKING pc=0x00000299d2f77aa2 sp=0x000000a7a7bf7340 mode 2
Event: 70.185 Thread 0x00000299e5164200 Uncommon trap: trap_request=0xffffff45 fr.pc=0x00000299d35f80ac relative=0x000000000000008c
Event: 70.185 Thread 0x00000299e5164200 Uncommon trap: reason=unstable_if action=reinterpret pc=0x00000299d35f80ac method=com.android.tools.r8.internal.qZ.a(Lcom/android/tools/r8/internal/qZ;)Lcom/android/tools/r8/internal/qZ; @ 13 c2
Event: 70.185 Thread 0x00000299e5164200 DEOPT PACKING pc=0x00000299d35f80ac sp=0x000000a7a5ff9f00
Event: 70.185 Thread 0x00000299e5164200 DEOPT UNPACKING pc=0x00000299d2f77aa2 sp=0x000000a7a5ff9e90 mode 2
Event: 70.341 Thread 0x00000299e5161aa0 Uncommon trap: trap_request=0xffffffc6 fr.pc=0x00000299d3fd5de4 relative=0x00000000000015e4
Event: 70.341 Thread 0x00000299e5161aa0 Uncommon trap: reason=bimorphic_or_optimized_type_check action=maybe_recompile pc=0x00000299d3fd5de4 method=com.android.tools.r8.ir.optimize.z$$Lambda/0x00000001012a3908.test(Ljava/lang/Object;)Z @ 4 c2
Event: 70.341 Thread 0x00000299e5161aa0 DEOPT PACKING pc=0x00000299d3fd5de4 sp=0x000000a7a56fa980
Event: 70.341 Thread 0x00000299e5161aa0 DEOPT UNPACKING pc=0x00000299d2f77aa2 sp=0x000000a7a56fa8a8 mode 2
Event: 70.680 Thread 0x00000299e5161aa0 Uncommon trap: trap_request=0xffffffde fr.pc=0x00000299d365e71c relative=0x0000000000000b5c
Event: 70.680 Thread 0x00000299e5161aa0 Uncommon trap: reason=class_check action=maybe_recompile pc=0x00000299d365e71c method=com.android.tools.r8.internal.F3.a(Lcom/android/tools/r8/graph/y;Lcom/android/tools/r8/graph/D5;Lcom/android/tools/r8/internal/L1;)Lcom/android/tools/r8/internal/E1; @ 1
Event: 70.680 Thread 0x00000299e5161aa0 DEOPT PACKING pc=0x00000299d365e71c sp=0x000000a7a56fa750
Event: 70.680 Thread 0x00000299e5161aa0 DEOPT UNPACKING pc=0x00000299d2f77aa2 sp=0x000000a7a56fa700 mode 2

Classes loaded (20 events):
Event: 35.209 Loading class java/util/AbstractList$SubList$1
Event: 35.209 Loading class java/util/AbstractList$SubList$1 done
Event: 38.667 Loading class java/util/concurrent/ConcurrentHashMap$TreeNode
Event: 38.667 Loading class java/util/concurrent/ConcurrentHashMap$TreeNode done
Event: 38.667 Loading class java/util/concurrent/ConcurrentHashMap$TreeBin
Event: 38.668 Loading class java/util/concurrent/ConcurrentHashMap$TreeBin done
Event: 39.694 Loading class java/nio/ShortBuffer
Event: 39.694 Loading class java/nio/ShortBuffer done
Event: 39.788 Loading class java/nio/ByteBufferAsShortBufferL
Event: 39.789 Loading class java/nio/ByteBufferAsShortBufferL done
Event: 39.906 Loading class java/util/zip/Adler32
Event: 39.906 Loading class java/util/zip/Adler32 done
Event: 39.911 Loading class java/nio/file/Files$2
Event: 39.911 Loading class java/nio/file/Files$2 done
Event: 39.924 Loading class sun/nio/ch/ChannelOutputStream
Event: 39.924 Loading class sun/nio/ch/ChannelOutputStream done
Event: 40.025 Loading class java/nio/file/StandardCopyOption
Event: 40.025 Loading class java/nio/file/StandardCopyOption done
Event: 40.025 Loading class sun/nio/fs/WindowsFileCopy
Event: 40.025 Loading class sun/nio/fs/WindowsFileCopy done

Classes unloaded (17 events):
Event: 34.215 Thread 0x00000299db33bb00 Unloading class 0x00000001010ec400 'java/lang/invoke/LambdaForm$DMH+0x00000001010ec400'
Event: 36.242 Thread 0x00000299db33bb00 Unloading class 0x00000001011dc800 'java/lang/invoke/LambdaForm$DMH+0x00000001011dc800'
Event: 36.242 Thread 0x00000299db33bb00 Unloading class 0x00000001011dc400 'java/lang/invoke/LambdaForm$DMH+0x00000001011dc400'
Event: 36.242 Thread 0x00000299db33bb00 Unloading class 0x00000001011d5400 'java/lang/invoke/LambdaForm$DMH+0x00000001011d5400'
Event: 36.242 Thread 0x00000299db33bb00 Unloading class 0x00000001011d5800 'java/lang/invoke/LambdaForm$DMH+0x00000001011d5800'
Event: 36.242 Thread 0x00000299db33bb00 Unloading class 0x00000001011d6000 'java/lang/invoke/LambdaForm$DMH+0x00000001011d6000'
Event: 36.242 Thread 0x00000299db33bb00 Unloading class 0x00000001011d4000 'java/lang/invoke/LambdaForm$DMH+0x00000001011d4000'
Event: 36.242 Thread 0x00000299db33bb00 Unloading class 0x00000001011d4c00 'java/lang/invoke/LambdaForm$DMH+0x00000001011d4c00'
Event: 36.242 Thread 0x00000299db33bb00 Unloading class 0x00000001011d4800 'java/lang/invoke/LambdaForm$DMH+0x00000001011d4800'
Event: 36.242 Thread 0x00000299db33bb00 Unloading class 0x00000001011d5000 'java/lang/invoke/LambdaForm$DMH+0x00000001011d5000'
Event: 36.242 Thread 0x00000299db33bb00 Unloading class 0x000000010115c400 'java/lang/invoke/LambdaForm$DMH+0x000000010115c400'
Event: 44.846 Thread 0x00000299db33bb00 Unloading class 0x0000000101258c00 'java/lang/invoke/LambdaForm$DMH+0x0000000101258c00'
Event: 44.846 Thread 0x00000299db33bb00 Unloading class 0x0000000101258800 'java/lang/invoke/LambdaForm$DMH+0x0000000101258800'
Event: 60.283 Thread 0x00000299db33bb00 Unloading class 0x0000000101291000 'java/lang/invoke/LambdaForm$DMH+0x0000000101291000'
Event: 60.283 Thread 0x00000299db33bb00 Unloading class 0x0000000101290c00 'java/lang/invoke/LambdaForm$DMH+0x0000000101290c00'
Event: 60.283 Thread 0x00000299db33bb00 Unloading class 0x0000000101290000 'java/lang/invoke/LambdaForm$DMH+0x0000000101290000'
Event: 60.283 Thread 0x00000299db33bb00 Unloading class 0x0000000101290400 'java/lang/invoke/LambdaForm$DMH+0x0000000101290400'

Classes redefined (0 events):
No events

Internal exceptions (20 events):
Event: 66.580 Thread 0x00000299e5164200 Exception <a 'sun/nio/fs/WindowsException'{0x000000008fb91a40}> (0x000000008fb91a40) 
thrown [s\src\hotspot\share\prims\jni.cpp, line 537]
Event: 66.581 Thread 0x00000299e5161410 Exception <a 'sun/nio/fs/WindowsException'{0x000000008fdab3b0}> (0x000000008fdab3b0) 
thrown [s\src\hotspot\share\prims\jni.cpp, line 537]
Event: 66.583 Thread 0x00000299e5164200 Exception <a 'sun/nio/fs/WindowsException'{0x000000008fb987f0}> (0x000000008fb987f0) 
thrown [s\src\hotspot\share\prims\jni.cpp, line 537]
Event: 66.583 Thread 0x00000299e5164200 Exception <a 'sun/nio/fs/WindowsException'{0x000000008fb99970}> (0x000000008fb99970) 
thrown [s\src\hotspot\share\prims\jni.cpp, line 537]
Event: 66.585 Thread 0x00000299e5164200 Exception <a 'sun/nio/fs/WindowsException'{0x000000008fb9c3d8}> (0x000000008fb9c3d8) 
thrown [s\src\hotspot\share\prims\jni.cpp, line 537]
Event: 66.585 Thread 0x00000299e5164200 Exception <a 'sun/nio/fs/WindowsException'{0x000000008fb9d598}> (0x000000008fb9d598) 
thrown [s\src\hotspot\share\prims\jni.cpp, line 537]
Event: 66.589 Thread 0x00000299e5160060 Exception <a 'sun/nio/fs/WindowsException'{0x0000000090261ab8}> (0x0000000090261ab8) 
thrown [s\src\hotspot\share\prims\jni.cpp, line 537]
Event: 66.590 Thread 0x00000299e51627c0 Exception <a 'sun/nio/fs/WindowsException'{0x0000000090094c98}> (0x0000000090094c98) 
thrown [s\src\hotspot\share\prims\jni.cpp, line 537]
Event: 66.595 Thread 0x00000299e5164200 Exception <a 'sun/nio/fs/WindowsException'{0x000000008fb9e758}> (0x000000008fb9e758) 
thrown [s\src\hotspot\share\prims\jni.cpp, line 537]
Event: 66.598 Thread 0x00000299e51627c0 Exception <a 'sun/nio/fs/WindowsException'{0x00000000900aea20}> (0x00000000900aea20) 
thrown [s\src\hotspot\share\prims\jni.cpp, line 537]
Event: 66.599 Thread 0x00000299e5164200 Exception <a 'sun/nio/fs/WindowsException'{0x000000008fb9fc40}> (0x000000008fb9fc40) 
thrown [s\src\hotspot\share\prims\jni.cpp, line 537]
Event: 66.599 Thread 0x00000299e5164200 Exception <a 'sun/nio/fs/WindowsException'{0x000000008fba0e40}> (0x000000008fba0e40) 
thrown [s\src\hotspot\share\prims\jni.cpp, line 537]
Event: 66.600 Thread 0x00000299e5164200 Exception <a 'sun/nio/fs/WindowsException'{0x000000008fba2040}> (0x000000008fba2040) 
thrown [s\src\hotspot\share\prims\jni.cpp, line 537]
Event: 66.794 Thread 0x00000299e5160060 Exception <a 'sun/nio/fs/WindowsException'{0x00000000ff9f8958}> (0x00000000ff9f8958) 
thrown [s\src\hotspot\share\prims\jni.cpp, line 537]
Event: 66.803 Thread 0x00000299e5160060 Exception <a 'sun/nio/fs/WindowsException'{0x000000009c4012d8}> (0x000000009c4012d8) 
thrown [s\src\hotspot\share\prims\jni.cpp, line 537]
Event: 66.804 Thread 0x00000299e5160060 Exception <a 'sun/nio/fs/WindowsException'{0x000000009c4021b8}> (0x000000009c4021b8) 
thrown [s\src\hotspot\share\prims\jni.cpp, line 537]
Event: 66.804 Thread 0x00000299e5160060 Exception <a 'sun/nio/fs/WindowsException'{0x000000009c4032f8}> (0x000000009c4032f8) 
thrown [s\src\hotspot\share\prims\jni.cpp, line 537]
Event: 66.804 Thread 0x00000299e5160060 Exception <a 'sun/nio/fs/WindowsException'{0x000000009c404548}> (0x000000009c404548) 
thrown [s\src\hotspot\share\prims\jni.cpp, line 537]
Event: 66.811 Thread 0x00000299e5160060 Exception <a 'sun/nio/fs/WindowsException'{0x000000009c41e4f8}> (0x000000009c41e4f8) 
thrown [s\src\hotspot\share\prims\jni.cpp, line 537]
Event: 68.023 Thread 0x00000299e2643910 Exception <a 'sun/nio/fs/WindowsException'{0x000000009e0569d8}> (0x000000009e0569d8) 
thrown [s\src\hotspot\share\prims\jni.cpp, line 537]

ZGC Phase Switch (0 events):
No events

VM Operations (20 events):
Event: 67.238 Executing VM operation: G1CollectForAllocation (G1 Evacuation Pause)
Event: 67.279 Executing VM operation: G1CollectForAllocation (G1 Evacuation Pause) done
Event: 67.782 Executing VM operation: G1CollectForAllocation (G1 Evacuation Pause)
Event: 67.824 Executing VM operation: G1CollectForAllocation (G1 Evacuation Pause) done
Event: 68.065 Executing VM operation: G1PauseRemark
Event: 68.070 Executing VM operation: G1PauseRemark done
Event: 68.177 Executing VM operation: G1PauseCleanup
Event: 68.178 Executing VM operation: G1PauseCleanup done
Event: 68.525 Executing VM operation: G1CollectForAllocation (G1 Evacuation Pause)
Event: 68.554 Executing VM operation: G1CollectForAllocation (G1 Evacuation Pause) done
Event: 69.074 Executing VM operation: G1CollectForAllocation (G1 Evacuation Pause)
Event: 69.088 Executing VM operation: G1CollectForAllocation (G1 Evacuation Pause) done
Event: 69.641 Executing VM operation: G1CollectForAllocation (G1 Evacuation Pause)
Event: 69.659 Executing VM operation: G1CollectForAllocation (G1 Evacuation Pause) done
Event: 69.976 Executing VM operation: G1PauseRemark
Event: 69.983 Executing VM operation: G1PauseRemark done
Event: 70.130 Executing VM operation: G1PauseCleanup
Event: 70.131 Executing VM operation: G1PauseCleanup done
Event: 70.495 Executing VM operation: G1CollectForAllocation (G1 Evacuation Pause)
Event: 70.516 Executing VM operation: G1CollectForAllocation (G1 Evacuation Pause) done

Memory protections (0 events):
No events

Nmethod flushes (20 events):
Event: 69.981 Thread 0x00000299db33bb00 flushing  nmethod 0x00000299d3aded90
Event: 69.981 Thread 0x00000299db33bb00 flushing  nmethod 0x00000299d3afd390
Event: 69.981 Thread 0x00000299db33bb00 flushing  nmethod 0x00000299d3b14010
Event: 69.981 Thread 0x00000299db33bb00 flushing  nmethod 0x00000299d3b56390
Event: 69.981 Thread 0x00000299db33bb00 flushing  nmethod 0x00000299d3b57090
Event: 69.981 Thread 0x00000299db33bb00 flushing  nmethod 0x00000299d3b71190
Event: 69.981 Thread 0x00000299db33bb00 flushing  nmethod 0x00000299d3b71490
Event: 69.981 Thread 0x00000299db33bb00 flushing  nmethod 0x00000299d3c19490
Event: 69.981 Thread 0x00000299db33bb00 flushing  nmethod 0x00000299d3c1bd10
Event: 69.981 Thread 0x00000299db33bb00 flushing  nmethod 0x00000299d3ddcb90
Event: 69.981 Thread 0x00000299db33bb00 flushing  nmethod 0x00000299d3dea010
Event: 69.981 Thread 0x00000299db33bb00 flushing  nmethod 0x00000299d3df0710
Event: 69.981 Thread 0x00000299db33bb00 flushing osr nmethod 0x00000299d3e5c510
Event: 69.981 Thread 0x00000299db33bb00 flushing  nmethod 0x00000299d3e6e910
Event: 69.981 Thread 0x00000299db33bb00 flushing  nmethod 0x00000299d413c190
Event: 69.981 Thread 0x00000299db33bb00 flushing osr nmethod 0x00000299d4159c90
Event: 69.981 Thread 0x00000299db33bb00 flushing osr nmethod 0x00000299d416b890
Event: 69.981 Thread 0x00000299db33bb00 flushing osr nmethod 0x00000299d418bf90
Event: 69.981 Thread 0x00000299db33bb00 flushing osr nmethod 0x00000299d419ce10
Event: 69.981 Thread 0x00000299db33bb00 flushing  nmethod 0x00000299d41cf490

Events (20 events):
Event: 29.457 Thread 0x00000299e2643280 Thread added: 0x00000299e263ea50
Event: 29.458 Thread 0x00000299e2643280 Thread added: 0x00000299e263d010
Event: 29.459 Thread 0x00000299e2643280 Thread added: 0x00000299e263f0e0
Event: 29.460 Thread 0x00000299e2643280 Thread added: 0x00000299e2640b20
Event: 29.590 Thread 0x00000299e2643280 Thread added: 0x00000299e2641ed0
Event: 29.591 Thread 0x00000299e2643280 Thread added: 0x00000299e445d3d0
Event: 29.592 Thread 0x00000299e2643280 Thread added: 0x00000299e44601c0
Event: 29.596 Thread 0x00000299e2643280 Thread added: 0x00000299e445e780
Event: 29.600 Thread 0x00000299e2643280 Thread added: 0x00000299e4460850
Event: 29.603 Thread 0x00000299e2643280 Thread added: 0x00000299e4460ee0
Event: 29.605 Thread 0x00000299e2643280 Thread added: 0x00000299e445da60
Event: 29.970 Thread 0x00000299e3890940 Thread added: 0x00000299e78de030
Event: 30.133 Thread 0x00000299e2643280 Thread added: 0x00000299e253ed30
Event: 30.204 Thread 0x00000299e2641840 Thread added: 0x00000299e253e6a0
Event: 30.205 Thread 0x00000299e2641840 Thread added: 0x00000299e253f3c0
Event: 30.206 Thread 0x00000299e2641840 Thread added: 0x00000299e253d980
Event: 30.208 Thread 0x00000299e2641840 Thread added: 0x00000299e253bf40
Event: 30.209 Thread 0x00000299e2641840 Thread added: 0x00000299e253e010
Event: 30.210 Thread 0x00000299e2641840 Thread added: 0x00000299e253fa50
Event: 30.560 Thread 0x00000299e45a5ad0 Thread added: 0x00000299e2539e70


Dynamic libraries:
0x00007ff775c80000 - 0x00007ff775c8a000 	C:\Program Files\Android\Android Studio\jbr\bin\java.exe
0x00007fff41000000 - 0x00007fff41267000 	C:\WINDOWS\SYSTEM32\ntdll.dll
0x00007fff40090000 - 0x00007fff40159000 	C:\WINDOWS\System32\KERNEL32.DLL
0x00007fff3dbb0000 - 0x00007fff3dfa7000 	C:\WINDOWS\System32\KERNELBASE.dll
0x00007fff3e060000 - 0x00007fff3e1ab000 	C:\WINDOWS\System32\ucrtbase.dll
0x00007fff37ec0000 - 0x00007fff37edb000 	C:\Program Files\Android\Android Studio\jbr\bin\VCRUNTIME140.dll
0x00007fff2d9b0000 - 0x00007fff2d9c8000 	C:\Program Files\Android\Android Studio\jbr\bin\jli.dll
0x00007fff40320000 - 0x00007fff404e6000 	C:\WINDOWS\System32\USER32.dll
0x00007fff29bb0000 - 0x00007fff29e42000 	C:\WINDOWS\WinSxS\amd64_microsoft.windows.common-controls_6595b64144ccf1df_6.0.26100.8457_none_3e0b2faee331e92d\COMCTL32.dll
0x00007fff3e240000 - 0x00007fff3e267000 	C:\WINDOWS\System32\win32u.dll
0x00007fff40740000 - 0x00007fff407e9000 	C:\WINDOWS\System32\msvcrt.dll
0x00007fff3f190000 - 0x00007fff3f1bb000 	C:\WINDOWS\System32\GDI32.dll
0x00007fff3e330000 - 0x00007fff3e45c000 	C:\WINDOWS\System32\gdi32full.dll
0x00007fff3dfb0000 - 0x00007fff3e053000 	C:\WINDOWS\System32\msvcp_win.dll
0x00007fff40da0000 - 0x00007fff40dd2000 	C:\WINDOWS\System32\IMM32.DLL
0x00007fff3adb0000 - 0x00007fff3adbc000 	C:\Program Files\Android\Android Studio\jbr\bin\vcruntime140_1.dll
0x00007fff1e6c0000 - 0x00007fff1e74d000 	C:\Program Files\Android\Android Studio\jbr\bin\msvcp140.dll
0x00007ffed7760000 - 0x00007ffed83f6000 	C:\Program Files\Android\Android Studio\jbr\bin\server\jvm.dll
0x00007fff40c00000 - 0x00007fff40cb6000 	C:\WINDOWS\System32\ADVAPI32.dll
0x00007fff40cc0000 - 0x00007fff40d67000 	C:\WINDOWS\System32\sechost.dll
0x00007fff3ef00000 - 0x00007fff3f018000 	C:\WINDOWS\System32\RPCRT4.dll
0x00007fff40170000 - 0x00007fff401f0000 	C:\WINDOWS\System32\WS2_32.dll
0x00007fff3d890000 - 0x00007fff3d8ee000 	C:\WINDOWS\SYSTEM32\POWRPROF.dll
0x00007fff36b10000 - 0x00007fff36b1b000 	C:\WINDOWS\SYSTEM32\VERSION.dll
0x00007fff2c550000 - 0x00007fff2c586000 	C:\WINDOWS\SYSTEM32\WINMM.dll
0x00007fff3d870000 - 0x00007fff3d884000 	C:\WINDOWS\SYSTEM32\UMPDC.dll
0x00007fff3c7c0000 - 0x00007fff3c7db000 	C:\WINDOWS\SYSTEM32\kernel.appcore.dll
0x00007fff39190000 - 0x00007fff3919a000 	C:\Program Files\Android\Android Studio\jbr\bin\jimage.dll
0x00007fff3bb80000 - 0x00007fff3bdc2000 	C:\WINDOWS\SYSTEM32\DBGHELP.DLL
0x00007fff407f0000 - 0x00007fff40b73000 	C:\WINDOWS\System32\combase.dll
0x00007fff405d0000 - 0x00007fff406a9000 	C:\WINDOWS\System32\OLEAUT32.dll
0x00007fff25980000 - 0x00007fff259bb000 	C:\WINDOWS\SYSTEM32\dbgcore.DLL
0x00007fff3e460000 - 0x00007fff3e508000 	C:\WINDOWS\System32\bcryptPrimitives.dll
0x00007fff2d9a0000 - 0x00007fff2d9ae000 	C:\Program Files\Android\Android Studio\jbr\bin\instrument.dll
0x00007fff2dba0000 - 0x00007fff2dbc0000 	C:\Program Files\Android\Android Studio\jbr\bin\java.dll
0x00007fff2db80000 - 0x00007fff2db98000 	C:\Program Files\Android\Android Studio\jbr\bin\zip.dll
0x00007fff3f810000 - 0x00007fff3ff7e000 	C:\WINDOWS\System32\SHELL32.dll
0x00007fff3e510000 - 0x00007fff3ed7c000 	C:\WINDOWS\System32\windows.storage.dll
0x00007fff3ee00000 - 0x00007fff3eef6000 	C:\WINDOWS\System32\SHCORE.dll
0x00007fff40200000 - 0x00007fff40266000 	C:\WINDOWS\System32\shlwapi.dll
0x00007fff3d950000 - 0x00007fff3d979000 	C:\WINDOWS\SYSTEM32\profapi.dll
0x00007fff380f0000 - 0x00007fff38100000 	C:\Program Files\Android\Android Studio\jbr\bin\net.dll
0x00007fff37290000 - 0x00007fff373b9000 	C:\WINDOWS\SYSTEM32\WINHTTP.dll
0x00007fff3cd30000 - 0x00007fff3cd9c000 	C:\WINDOWS\system32\mswsock.dll
0x00007fff2db60000 - 0x00007fff2db76000 	C:\Program Files\Android\Android Studio\jbr\bin\nio.dll
0x00007fff2d5d0000 - 0x00007fff2d5e0000 	C:\Program Files\Android\Android Studio\jbr\bin\verify.dll
0x00007fff2d9d0000 - 0x00007fff2d9f7000 	C:\Users\ibtis\.gradle\native\c067742578af261105cb4f569cf0c3c89f3d7b1fecec35dd04571415982c5e48\windows-amd64\native-platform.dll
0x00007ffed6a60000 - 0x00007ffed6ba4000 	C:\Users\ibtis\.gradle\native\100fb08df4bc3b14c8652ba06237920a3bd2aa13389f12d3474272988ae205f9\windows-amd64\native-platform-file-events.dll
0x00007fff2da20000 - 0x00007fff2da29000 	C:\Program Files\Android\Android Studio\jbr\bin\management.dll
0x00007fff2da10000 - 0x00007fff2da1b000 	C:\Program Files\Android\Android Studio\jbr\bin\management_ext.dll
0x00007fff40500000 - 0x00007fff40508000 	C:\WINDOWS\System32\PSAPI.DLL
0x00007fff3d010000 - 0x00007fff3d02b000 	C:\WINDOWS\SYSTEM32\CRYPTSP.dll
0x00007fff3c720000 - 0x00007fff3c759000 	C:\WINDOWS\system32\rsaenh.dll
0x00007fff3cde0000 - 0x00007fff3ce13000 	C:\WINDOWS\SYSTEM32\USERENV.dll
0x00007fff3d920000 - 0x00007fff3d94a000 	C:\WINDOWS\SYSTEM32\bcrypt.dll
0x00007fff3d030000 - 0x00007fff3d03c000 	C:\WINDOWS\SYSTEM32\CRYPTBASE.dll
0x00007fff3c1d0000 - 0x00007fff3c202000 	C:\WINDOWS\SYSTEM32\IPHLPAPI.DLL
0x00007fff3f020000 - 0x00007fff3f02a000 	C:\WINDOWS\System32\NSI.dll
0x00007fff37eb0000 - 0x00007fff37eb9000 	C:\Program Files\Android\Android Studio\jbr\bin\extnet.dll
0x00007fff2ac50000 - 0x00007fff2ac58000 	C:\WINDOWS\system32\wshunix.dll

JVMTI agents:
C:\Users\ibtis\.gradle\wrapper\dists\gradle-8.10.2-bin\a04bxjujx95o3nb99gddekhwo\gradle-8.10.2\lib\agents\gradle-instrumentation-agent-8.10.2.jar path:C:\Program Files\Android\Android Studio\jbr\bin\instrument.dll, loaded, initialized, instrumentlib options:none

dbghelp: loaded successfully - version: 4.0.5 - missing functions: none
symbol engine: initialized successfully - sym options: 0x614 - pdb path: .;C:\Program Files\Android\Android Studio\jbr\bin;C:\WINDOWS\SYSTEM32;C:\WINDOWS\WinSxS\amd64_microsoft.windows.common-controls_6595b64144ccf1df_6.0.26100.8457_none_3e0b2faee331e92d;C:\Program Files\Android\Android Studio\jbr\bin\server;C:\Users\ibtis\.gradle\native\c067742578af261105cb4f569cf0c3c89f3d7b1fecec35dd04571415982c5e48\windows-amd64;C:\Users\ibtis\.gradle\native\100fb08df4bc3b14c8652ba06237920a3bd2aa13389f12d3474272988ae205f9\windows-amd64

VM Arguments:
jvm_args: -XX:-TieredCompilation --add-opens=java.base/java.util=ALL-UNNAMED --add-opens=java.base/java.lang=ALL-UNNAMED --add-opens=java.base/java.lang.invoke=ALL-UNNAMED --add-opens=java.prefs/java.util.prefs=ALL-UNNAMED --add-exports=jdk.compiler/com.sun.tools.javac.api=ALL-UNNAMED --add-exports=jdk.compiler/com.sun.tools.javac.util=ALL-UNNAMED --add-opens=java.base/java.nio.charset=ALL-UNNAMED --add-opens=java.base/java.net=ALL-UNNAMED --add-opens=java.base/java.util.concurrent.atomic=ALL-UNNAMED -Xmx2048m -Dfile.encoding=UTF-8 -Duser.country=FR -Duser.language=fr -Duser.variant -javaagent:C:\Users\ibtis\.gradle\wrapper\dists\gradle-8.10.2-bin\a04bxjujx95o3nb99gddekhwo\gradle-8.10.2\lib\agents\gradle-instrumentation-agent-8.10.2.jar 
java_command: org.gradle.launcher.daemon.bootstrap.GradleDaemon 8.10.2
java_class_path (initial): C:\Users\ibtis\.gradle\wrapper\dists\gradle-8.10.2-bin\a04bxjujx95o3nb99gddekhwo\gradle-8.10.2\lib\gradle-daemon-main-8.10.2.jar
Launcher Type: SUN_STANDARD

[Global flags]
     intx CICompilerCount                          = 4                                         {product} {ergonomic}
     uint ConcGCThreads                            = 2                                         {product} {ergonomic}
     uint G1ConcRefinementThreads                  = 8                                         {product} {ergonomic}
   size_t G1HeapRegionSize                         = 1048576                                   {product} {ergonomic}
    uintx GCDrainStackTargetSize                   = 64                                        {product} {ergonomic}
   size_t InitialHeapSize                          = 199229440                                 {product} {ergonomic}
   size_t MarkStackSize                            = 4194304                                   {product} {ergonomic}
   size_t MaxHeapSize                              = 2147483648                                {product} {command line}
   size_t MaxNewSize                               = 1287651328                                {product} {ergonomic}
   size_t MinHeapDeltaBytes                        = 1048576                                   {product} {ergonomic}
   size_t MinHeapSize                              = 8388608                                   {product} {ergonomic}
    uintx NonNMethodCodeHeapSize                   = 4096                                   {pd product} {ergonomic}
    uintx NonProfiledCodeHeapSize                  = 0                                      {pd product} {ergonomic}
    uintx ProfiledCodeHeapSize                     = 0                                      {pd product} {ergonomic}
   size_t SoftMaxHeapSize                          = 2147483648                             {manageable} {ergonomic}
     bool TieredCompilation                        = false                                  {pd product} {command line}
     bool UseCompressedOops                        = true                           {product lp64_product} {ergonomic}
     bool UseG1GC                                  = true                                      {product} {ergonomic}
     bool UseLargePagesIndividualAllocation        = false                                  {pd product} {ergonomic}

Logging:
Log output configuration:
 #0: stdout all=warning uptime,level,tags foldmultilines=false
 #1: stderr all=off uptime,level,tags foldmultilines=false

Release file:
JAVA_VERSION="21.0.9" 
MODULES="java.base java.compiler java.datatransfer java.xml java.prefs java.desktop java.instrument java.logging java.management java.security.sasl java.naming java.rmi java.management.rmi java.net.http java.scripting java.security.jgss java.transaction.xa java.sql java.sql.rowset java.xml.crypto java.se java.smartcardio jdk.accessibility jdk.internal.jvmstat jdk.attach jdk.charsets jdk.internal.opt jdk.zipfs jdk.compiler jdk.crypto.ec jdk.crypto.cryptoki jdk.dynalink jdk.hotspot.agent jdk.httpserver jdk.internal.ed jdk.internal.le jdk.internal.vm.ci jdk.jartool jdk.javadoc jdk.jcmd jdk.jdeps jdk.jdwp.agent jdk.jdi jdk.jfr jdk.jlink jdk.jsobject jdk.localedata jdk.management jdk.management.agent jdk.management.jfr jdk.naming.dns jdk.naming.rmi jdk.net jdk.sctp jdk.security.auth jdk.security.jgss jdk.unsupported jdk.unsupported.desktop jdk.xml.dom" 
IMPLEMENTOR="JetBrains s.r.o." 
JAVA_RUNTIME_VERSION="21.0.9+-14787801-b1163.94" 
LIBC="default" 
OS_ARCH="x86_64" 
OS_NAME="Windows" 
SOURCE=".:git:0c757ddc9f2f" 

Environment Variables:
PATH=C:\Program Files\Common Files\Oracle\Java\javapath;C:\Program Files (x86)\VMware\VMware Workstation\bin\;C:\WINDOWS\system32;C:\WINDOWS;C:\WINDOWS\System32\Wbem;C:\WINDOWS\System32\WindowsPowerShell\v1.0\;C:\WINDOWS\System32\OpenSSH\;C:\Program Files\dotnet\;C:\php;C:\Program Files\Git\cmd;C:\Program Files\Maven\apache-maven-3.9.15\bin;C:\Program Files\nodejs\;C:\Program Files\Docker\Docker\resources\bin;C:\Program Files\MySQL\MySQL Shell 8.0\bin\;C:\Users\ibtis\AppData\Local\Programs\Python\Python312\Scripts\;C:\Users\ibtis\AppData\Local\Programs\Python\Python312\;C:\Users\ibtis\AppData\Local\Programs\Python\Launcher\;C:\Users\ibtis\AppData\Local\Microsoft\WindowsApps;C:\Users\ibtis\AppData\Local\Programs\Microsoft VS Code\bin;C:\Program Files\Java\jdk-25.0.2;C:\Users\ibtis\AppData\Roaming\npm;C:\platform-tools;C:\Users\ibtis\AppData\Local\Programs\Antigravity IDE\bin
USERNAME=ibtis
OS=Windows_NT
PROCESSOR_IDENTIFIER=Intel64 Family 6 Model 126 Stepping 5, GenuineIntel
TMP=C:\Users\ibtis\AppData\Local\Temp
TEMP=C:\Users\ibtis\AppData\Local\Temp




Periodic native trim disabled

JNI global refs:
JNI global refs: 32, weak refs: 66

JNI global refs memory usage: 835, weak refs: 1465

Process memory usage:
Resident Set Size: 1066932K (8% of 12383228K total physical memory with 4089556K free physical memory)

OOME stack traces (most recent first):
Classloader memory used:
Loader org.gradle.internal.classloader.VisitableURLClassLoader$InstrumentingVisitableURLClassLoader: 45317K
Loader org.gradle.internal.classloader.VisitableURLClassLoader                         : 41822K
Loader bootstrap                                                                       : 27437K
Loader org.gradle.initialization.MixInLegacyTypesClassLoader                           : 12473K
Loader jdk.internal.loader.ClassLoaders$PlatformClassLoader                            : 538K
Loader jdk.internal.reflect.DelegatingClassLoader                                      : 364K
Loader jdk.internal.loader.ClassLoaders$AppClassLoader                                 : 226K
Loader org.gradle.internal.classloader.VisitableURLClassLoader                         : 162K
Loader org.gradle.groovy.scripts.internal.DefaultScriptCompilationHandler$ScriptClassLoader: 136K
Loader org.codehaus.groovy.runtime.callsite.CallSiteClassLoader                        : 27488B

Classes loaded by more than one classloader:
Class Program                                                                         : loaded 5 times (x 72B)
Class Build_gradle                                                                    : loaded 3 times (x 130B)
Class Build_gradle$1                                                                  : loaded 3 times (x 74B)
Class org.gradle.internal.classloader.FilteringClassLoader                            : loaded 2 times (x 105B)
Class com.google.common.io.FileWriteMode                                              : loaded 2 times (x 79B)
Class [Lcom.google.common.base.AbstractIterator$State;                                : loaded 2 times (x 69B)
Class com.google.common.base.CharMatcher$IsEither                                     : loaded 2 times (x 111B)
Class org.gradle.internal.classloader.ClassLoaderHierarchy                            : loaded 2 times (x 70B)
Class com.google.common.collect.ImmutableEnumSet                                      : loaded 2 times (x 146B)
Class com.google.common.util.concurrent.ExecutionError                                : loaded 2 times (x 82B)
Class com.google.common.collect.ImmutableList$1                                       : loaded 2 times (x 97B)
Class org.gradle.api.internal.classpath.ManifestUtil                                  : loaded 2 times (x 71B)
Class com.google.common.io.ByteArrayDataOutput                                        : loaded 2 times (x 70B)
Class com.google.common.collect.RegularImmutableMap                                   : loaded 2 times (x 121B)
Class com.google.common.collect.ImmutableMap$MapViewOfValuesAsSingletonSets           : loaded 2 times (x 125B)
Class ijKotlinCoroutineJvmDebugInit1_8b08n2xkeizd1exry5iy3l9ps$_run_closure1$_closure2: loaded 2 times (x 139B)
Class [Lorg.objectweb.asm.Symbol;                                                     : loaded 2 times (x 69B)
Class org.objectweb.asm.ClassVisitor                                                  : loaded 2 times (x 88B)
Class com.google.common.collect.UnmodifiableListIterator                              : loaded 2 times (x 95B)
Class org.objectweb.asm.MethodTooLargeException                                       : loaded 2 times (x 83B)
Class [Lcom.google.common.cache.CacheBuilder$OneWeigher;                              : loaded 2 times (x 69B)
Class com.google.common.base.Suppliers                                                : loaded 2 times (x 71B)
Class com.google.common.base.Platform$JdkPatternCompiler                              : loaded 2 times (x 75B)
Class org.gradle.internal.classloader.DefaultClassLoaderFactory                       : loaded 2 times (x 82B)
Class com.google.common.io.ByteSource$ConcatenatedByteSource                          : loaded 2 times (x 85B)
Class com.google.common.base.CharMatcher$None                                         : loaded 2 times (x 112B)
Class org.gradle.internal.classloader.ClassLoaderVisitor                              : loaded 2 times (x 76B)
Class [Lcom.google.common.collect.ImmutableMapEntry;                                  : loaded 2 times (x 69B)
Class org.gradle.api.internal.classpath.EffectiveClassPath                            : loaded 2 times (x 90B)
Class com.google.common.collect.ImmutableRangeSet                                     : loaded 2 times (x 115B)
Class com.google.common.collect.CollectSpliterators$1WithCharacteristics              : loaded 2 times (x 90B)
Class com.google.common.collect.ImmutableEnumMap                                      : loaded 2 times (x 125B)
Class com.google.common.collect.ListMultimap                                          : loaded 2 times (x 70B)
Class com.google.common.collect.Sets$1                                                : loaded 2 times (x 139B)
Class org.objectweb.asm.AnnotationVisitor                                             : loaded 2 times (x 78B)
Class com.google.common.base.Splitter                                                 : loaded 2 times (x 72B)
Class org.gradle.api.internal.DefaultClassPathProvider                                : loaded 2 times (x 76B)
Class com.google.common.collect.Sets$2                                                : loaded 2 times (x 139B)
Class [Lorg.gradle.api.internal.ClassPathProvider;                                    : loaded 2 times (x 69B)
Class org.gradle.api.internal.ClassPathProvider                                       : loaded 2 times (x 70B)
Class com.google.common.collect.Sets$3                                                : loaded 2 times (x 139B)
Class com.google.common.util.concurrent.AbstractFuture$SafeAtomicHelper               : loaded 2 times (x 79B)
Class com.google.common.cache.LocalCache$LocalLoadingCache                            : loaded 2 times (x 134B)
Class com.google.common.base.AbstractIterator$State                                   : loaded 2 times (x 79B)
Class org.gradle.internal.service.UnknownServiceException                             : loaded 2 times (x 83B)
Class com.google.common.io.ByteArrayDataInput                                         : loaded 2 times (x 70B)
Class com.google.common.collect.Sets$4                                                : loaded 2 times (x 139B)
Class org.objectweb.asm.ModuleVisitor                                                 : loaded 2 times (x 81B)
Class com.google.common.cache.LocalCache$Strength$1                                   : loaded 2 times (x 81B)
Class com.google.common.util.concurrent.SettableFuture                                : loaded 2 times (x 114B)
Class com.google.common.cache.LocalCache$Strength$2                                   : loaded 2 times (x 81B)
Class com.google.common.io.ByteStreams                                                : loaded 2 times (x 71B)
Class com.google.common.cache.LocalCache$Strength$3                                   : loaded 2 times (x 81B)
Class com.google.common.collect.MapDifference                                         : loaded 2 times (x 70B)
Class com.google.common.base.Splitter$1                                               : loaded 2 times (x 77B)
Class org.objectweb.asm.FieldWriter                                                   : loaded 2 times (x 78B)
Class com.google.common.cache.CacheBuilder$NullListener                               : loaded 2 times (x 82B)
Class org.gradle.internal.classpath.TransformedClassPath                              : loaded 2 times (x 96B)
Class org.gradle.internal.classloader.InstrumentingClassLoader                        : loaded 2 times (x 70B)
Class com.google.common.collect.ImmutableRangeSet$AsSet                               : loaded 2 times (x 299B)
Class com.google.common.cache.CacheLoader$FunctionToCacheLoader                       : loaded 2 times (x 75B)
Class com.google.common.collect.Iterators$ArrayItr                                    : loaded 2 times (x 97B)
Class com.google.common.collect.ImmutableCollection$Builder                           : loaded 2 times (x 76B)
Class com.google.common.collect.BaseImmutableMultimap                                 : loaded 2 times (x 123B)
Class com.google.common.base.Joiner                                                   : loaded 2 times (x 79B)
Class com.google.common.base.MoreObjects                                              : loaded 2 times (x 71B)
Class [Lorg.objectweb.asm.Type;                                                       : loaded 2 times (x 69B)
Class com.google.common.collect.Platform                                              : loaded 2 times (x 71B)
Class com.google.common.collect.UnmodifiableIterator                                  : loaded 2 times (x 80B)
Class org.gradle.internal.service.ServiceLocator                                      : loaded 2 times (x 70B)
Class com.google.common.base.Ascii                                                    : loaded 2 times (x 71B)
Class com.google.common.collect.SingletonImmutableBiMap                               : loaded 2 times (x 143B)
Class com.google.common.cache.LocalCache$1                                            : loaded 2 times (x 89B)
Class com.google.common.collect.AbstractMapEntry                                      : loaded 2 times (x 81B)
Class com.google.common.io.ByteSource$ByteArrayByteSource                             : loaded 2 times (x 85B)
Class com.google.common.collect.Sets$ImprovedAbstractSet                              : loaded 2 times (x 135B)
Class com.google.common.collect.ImmutableList$Builder                                 : loaded 2 times (x 77B)
Class com.google.common.cache.LocalCache$2                                            : loaded 2 times (x 142B)
Class com.google.common.collect.AbstractMultimap                                      : loaded 2 times (x 123B)
Class com.google.common.collect.ImmutableRangeSet$1                                   : loaded 2 times (x 209B)
Class com.google.common.util.concurrent.AbstractFuture$UnsafeAtomicHelper$1           : loaded 2 times (x 76B)
Class com.google.common.collect.RegularImmutableAsList                                : loaded 2 times (x 216B)
Class com.google.common.collect.Range                                                 : loaded 2 times (x 87B)
Class com.google.common.base.Optional                                                 : loaded 2 times (x 80B)
Class com.google.common.util.concurrent.AbstractFuture$Trusted                        : loaded 2 times (x 70B)
Class com.google.common.collect.Iterators                                             : loaded 2 times (x 71B)
Class com.google.common.base.CharMatcher$RangesMatcher                                : loaded 2 times (x 112B)
Class com.google.common.io.ByteSink$AsCharSink                                        : loaded 2 times (x 80B)
Class com.google.common.util.concurrent.UncheckedExecutionException                   : loaded 2 times (x 82B)
Class com.google.common.collect.Lists$StringAsImmutableList                           : loaded 2 times (x 207B)
Class org.gradle.kotlin.dsl.VersionCatalogAccessorsKt                                 : loaded 2 times (x 71B)
Class com.google.common.collect.ImmutableSortedSetFauxverideShim                      : loaded 2 times (x 147B)
Class com.google.common.base.CharMatcher$JavaLetterOrDigit                            : loaded 2 times (x 111B)
Class org.gradle.internal.InternalTransformer                                         : loaded 2 times (x 70B)
Class com.google.common.collect.AbstractMapBasedMultimap$KeySet$1                     : loaded 2 times (x 82B)
Class org.objectweb.asm.ClassWriter                                                   : loaded 2 times (x 106B)
Class com.google.common.cache.CacheLoader$UnsupportedLoadingOperationException        : loaded 2 times (x 82B)
Class com.google.common.base.CharMatcher$And                                          : loaded 2 times (x 112B)
Class org.gradle.internal.classloader.ClasspathUtil$1                                 : loaded 2 times (x 76B)
Class com.google.common.base.Objects                                                  : loaded 2 times (x 71B)
Class org.objectweb.asm.FieldVisitor                                                  : loaded 2 times (x 77B)
Class com.google.common.collect.IndexedImmutableSet                                   : loaded 2 times (x 150B)
Class com.google.common.collect.ImmutableMap$1                                        : loaded 2 times (x 81B)
Class com.google.common.collect.BiMap                                                 : loaded 2 times (x 70B)
Class org.gradle.api.internal.classpath.DefaultModuleRegistry$DefaultModule           : loaded 2 times (x 86B)
Class com.google.common.base.Absent                                                   : loaded 2 times (x 80B)
Class com.google.common.primitives.Ints                                               : loaded 2 times (x 71B)
Class com.google.common.collect.AbstractIterator                                      : loaded 2 times (x 82B)
Class com.google.common.math.MathPreconditions                                        : loaded 2 times (x 71B)
Class com.google.common.collect.Multiset                                              : loaded 2 times (x 70B)
Class com.google.common.collect.RegularImmutableMap$KeySet                            : loaded 2 times (x 150B)
Class com.google.common.collect.ObjectArrays                                          : loaded 2 times (x 71B)
Class com.google.common.collect.AbstractIndexedListIterator                           : loaded 2 times (x 96B)
Class com.google.common.collect.ImmutableMapEntrySet                                  : loaded 2 times (x 151B)
Class org.gradle.api.internal.classpath.Module                                        : loaded 2 times (x 70B)
Class com.google.common.cache.Weigher                                                 : loaded 2 times (x 70B)
Class org.gradle.api.internal.classpath.UnknownModuleException                        : loaded 2 times (x 82B)
Class com.google.common.base.Stopwatch                                                : loaded 2 times (x 72B)
Class com.google.common.cache.LocalCache$Strength                                     : loaded 2 times (x 81B)
Class com.google.common.cache.Cache                                                   : loaded 2 times (x 70B)
Class com.google.common.io.Files$2                                                    : loaded 2 times (x 76B)
Class com.google.common.util.concurrent.AbstractFuture$Cancellation                   : loaded 2 times (x 72B)
Class com.google.common.collect.ImmutableMap$Builder                                  : loaded 2 times (x 82B)
Class com.google.common.base.NullnessCasts                                            : loaded 2 times (x 71B)
Class com.google.common.base.Present                                                  : loaded 2 times (x 81B)
Class com.google.common.cache.RemovalListener                                         : loaded 2 times (x 70B)
Class org.gradle.api.internal.DefaultClassPathRegistry                                : loaded 2 times (x 76B)
Class com.google.common.primitives.IntsMethodsForWeb                                  : loaded 2 times (x 71B)
Class com.google.common.collect.Multimap                                              : loaded 2 times (x 70B)
Class org.gradle.api.internal.ClassPathRegistry                                       : loaded 2 times (x 70B)
Class org.gradle.internal.classpath.DefaultClassPath$ImmutableUniqueList              : loaded 2 times (x 199B)
Class com.google.common.base.ExtraObjectsMethodsForWeb                                : loaded 2 times (x 71B)
Class ijJvmDebugger1_9laiob171rioarc3zsik11dk4                                        : loaded 2 times (x 179B)
Class com.google.common.base.Equivalence$Identity                                     : loaded 2 times (x 82B)
Class com.google.common.io.ByteSink                                                   : loaded 2 times (x 76B)
Class com.google.common.cache.CacheBuilder                                            : loaded 2 times (x 72B)
Class com.google.common.collect.SingletonImmutableList                                : loaded 2 times (x 207B)
Class Settings_gradle$1                                                               : loaded 2 times (x 74B)
Class org.gradle.internal.classpath.ClassPath                                         : loaded 2 times (x 70B)
Class org.gradle.api.UncheckedIOException                                             : loaded 2 times (x 82B)
Class com.google.common.io.Files$FileByteSource                                       : loaded 2 times (x 85B)
Class com.google.common.collect.ImmutableList$ReverseImmutableList                    : loaded 2 times (x 208B)
Class com.google.common.base.JdkPattern                                               : loaded 2 times (x 75B)
Class org.objectweb.asm.SymbolTable$Entry                                             : loaded 2 times (x 74B)
Class com.google.common.util.concurrent.AbstractFuture$AtomicHelper                   : loaded 2 times (x 78B)
Class org.objectweb.asm.Edge                                                          : loaded 2 times (x 72B)
Class com.google.common.base.Suppliers$SupplierOfInstance                             : loaded 2 times (x 79B)
Class com.google.common.collect.Iterators$1                                           : loaded 2 times (x 81B)
Class com.google.common.cache.LocalCache$ComputingValueReference                      : loaded 2 times (x 96B)
Class com.google.common.collect.SingletonImmutableSet                                 : loaded 2 times (x 146B)
Class com.google.common.collect.ImmutableMap$IteratorBasedImmutableMap                : loaded 2 times (x 125B)
Class com.google.common.cache.LocalCache$Segment                                      : loaded 2 times (x 154B)
Class com.google.common.collect.SortedIterable                                        : loaded 2 times (x 70B)
Class [Lorg.objectweb.asm.SymbolTable$Entry;                                          : loaded 2 times (x 69B)
Class com.google.common.cache.CacheLoader                                             : loaded 2 times (x 74B)
Class com.google.common.collect.Iterators$4                                           : loaded 2 times (x 82B)
Class com.google.common.collect.ImmutableBiMap                                        : loaded 2 times (x 143B)
Class com.google.common.collect.AbstractListMultimap                                  : loaded 2 times (x 172B)
Class org.gradle.internal.installation.GradleInstallation$1                           : loaded 2 times (x 75B)
Class org.gradle.api.internal.classpath.ModuleRegistry                                : loaded 2 times (x 70B)
Class com.google.common.util.concurrent.internal.InternalFutureFailureAccess          : loaded 2 times (x 72B)
Class com.google.common.collect.Iterators$5                                           : loaded 2 times (x 82B)
Class com.google.common.collect.ImmutableSet$JdkBackedSetBuilderImpl                  : loaded 2 times (x 76B)
Class com.google.common.base.Splitter$SplittingIterator                               : loaded 2 times (x 84B)
Class com.google.common.io.Closer$SuppressingSuppressor                               : loaded 2 times (x 75B)
Class com.google.common.util.concurrent.AbstractFuture$UnsafeAtomicHelper             : loaded 2 times (x 78B)
Class com.google.common.cache.LocalCache$LocalManualCache$1                           : loaded 2 times (x 75B)
Class com.google.common.base.CharMatcher$ForPredicate                                 : loaded 2 times (x 112B)
Class com.google.common.collect.ImmutableCollection                                   : loaded 2 times (x 125B)
Class com.google.common.base.CharMatcher$AnyOf                                        : loaded 2 times (x 112B)
Class org.gradle.api.internal.classpath.DefaultModuleRegistry                         : loaded 2 times (x 86B)
Class com.google.common.util.concurrent.ListenableFuture                              : loaded 2 times (x 70B)
Class com.google.common.cache.ReferenceEntry                                          : loaded 2 times (x 70B)
Class com.google.common.collect.ImmutableSet$CachingAsList                            : loaded 2 times (x 147B)
Class com.google.common.base.Converter                                                : loaded 2 times (x 90B)
Class com.google.common.collect.Lists                                                 : loaded 2 times (x 71B)
Class com.google.common.base.CharMatcher$Any                                          : loaded 2 times (x 112B)
Class com.google.common.util.concurrent.AbstractFuture                                : loaded 2 times (x 106B)
Class com.google.common.base.FunctionalEquivalence                                    : loaded 2 times (x 83B)
Class com.google.common.collect.Iterators$9                                           : loaded 2 times (x 81B)
Class com.google.common.collect.AbstractMapBasedMultimap                              : loaded 2 times (x 139B)
Class com.google.common.collect.ImmutableAsList                                       : loaded 2 times (x 209B)
Class org.objectweb.asm.RecordComponentVisitor                                        : loaded 2 times (x 77B)
Class com.google.common.cache.CacheLoader$SupplierToCacheLoader                       : loaded 2 times (x 75B)
Class com.google.common.collect.Maps$EntryTransformer                                 : loaded 2 times (x 70B)
Class org.gradle.internal.service.ServiceLookupException                              : loaded 2 times (x 82B)
Class com.google.common.collect.ImmutableSortedSet                                    : loaded 2 times (x 299B)
Class [Lcom.google.common.cache.LocalCache$EntryFactory;                              : loaded 2 times (x 69B)
Class com.google.common.base.CharMatcher$JavaLetter                                   : loaded 2 times (x 111B)
Class org.gradle.internal.classloader.ClassLoaderFactory                              : loaded 2 times (x 70B)
Class com.google.common.collect.ImmutableMap$SerializedForm                           : loaded 2 times (x 73B)
Class com.google.common.cache.LocalCache$LocalManualCache                             : loaded 2 times (x 99B)
Class com.google.common.base.CharMatcher$IsNot                                        : loaded 2 times (x 111B)
Class com.google.common.base.CommonPattern                                            : loaded 2 times (x 74B)
Class org.gradle.internal.service.CachingServiceLocator                               : loaded 2 times (x 82B)
Class com.google.common.collect.RegularImmutableSortedSet                             : loaded 2 times (x 299B)
Class com.google.common.collect.AbstractMapBasedMultimap$KeySet                       : loaded 2 times (x 137B)
Class com.google.common.math.IntMath                                                  : loaded 2 times (x 71B)
Class com.google.common.collect.Iterators$10                                          : loaded 2 times (x 81B)
Class com.google.common.collect.ImmutableMapEntry                                     : loaded 2 times (x 85B)
Class com.google.common.base.CharMatcher$JavaDigit                                    : loaded 2 times (x 111B)
Class ijKotlinCoroutineJvmDebugInit1_8b08n2xkeizd1exry5iy3l9ps$_run_closure1          : loaded 2 times (x 139B)
Class com.google.common.collect.ImmutableMultimap                                     : loaded 2 times (x 147B)
Class com.google.common.base.Equivalence                                              : loaded 2 times (x 82B)
Class com.google.common.collect.ImmutableMapEntry$NonTerminalImmutableMapEntry        : loaded 2 times (x 85B)
Class com.google.common.base.Function                                                 : loaded 2 times (x 70B)
Class com.google.common.collect.IndexedImmutableSet$1                                 : loaded 2 times (x 212B)
Class com.google.common.cache.CacheBuilder$OneWeigher                                 : loaded 2 times (x 82B)
Class com.google.common.collect.RegularImmutableList                                  : loaded 2 times (x 212B)
Class com.google.common.collect.ImmutableBiMapFauxverideShim                          : loaded 2 times (x 120B)
Class org.gradle.internal.classloader.ClasspathUtil                                   : loaded 2 times (x 71B)
Class com.google.common.base.Charsets                                                 : loaded 2 times (x 71B)
Class com.google.common.util.concurrent.Uninterruptibles                              : loaded 2 times (x 71B)
Class com.google.common.io.CharSource                                                 : loaded 2 times (x 85B)
Class com.google.common.collect.Maps                                                  : loaded 2 times (x 71B)
Class com.google.common.base.CharMatcher$JavaUpperCase                                : loaded 2 times (x 111B)
Class ijJvmDebugger1_9laiob171rioarc3zsik11dk4$_run_closure1$_closure2                : loaded 2 times (x 140B)
Class org.gradle.api.specs.Spec                                                       : loaded 2 times (x 70B)
Class [Lcom.google.common.collect.ImmutableEntry;                                     : loaded 2 times (x 69B)
Class com.google.common.cache.LocalCache$LoadingValueReference                        : loaded 2 times (x 96B)
Class com.google.common.collect.ArrayListMultimapGwtSerializationDependencies         : loaded 2 times (x 172B)
Class com.google.common.collect.CollectSpliterators                                   : loaded 2 times (x 71B)
Class com.google.common.base.Platform                                                 : loaded 2 times (x 71B)
Class com.google.common.primitives.Ints$IntConverter                                  : loaded 2 times (x 90B)
Class com.google.common.collect.Maps$8                                                : loaded 2 times (x 82B)
Class com.google.common.collect.ImmutableRangeSet$Builder                             : loaded 2 times (x 77B)
Class com.google.common.collect.Sets$SetView                                          : loaded 2 times (x 138B)
Class com.google.common.cache.LocalCache$StrongValueReference                         : loaded 2 times (x 90B)
Class com.google.common.util.concurrent.AbstractFuture$SynchronizedHelper             : loaded 2 times (x 78B)
Class com.google.common.base.CharMatcher$Invisible                                    : loaded 2 times (x 112B)
Class com.google.common.graph.SuccessorsFunction                                      : loaded 2 times (x 70B)
Class org.objectweb.asm.Type                                                          : loaded 2 times (x 72B)
Class org.gradle.internal.classloader.VisitableURLClassLoader$InstrumentingVisitableURLClassLoader: loaded 2 times (x 123B)
Class com.google.common.io.Files$FileByteSink                                         : loaded 2 times (x 77B)
Class org.objectweb.asm.ByteVector                                                    : loaded 2 times (x 79B)
Class [Lcom.google.common.cache.CacheBuilder$NullListener;                            : loaded 2 times (x 69B)
Class com.google.common.math.IntMath$1                                                : loaded 2 times (x 71B)
Class org.gradle.internal.classloader.VisitableURLClassLoader$Spec                    : loaded 2 times (x 74B)
Class org.gradle.internal.classpath.DefaultClassPath                                  : loaded 2 times (x 90B)
Class org.objectweb.asm.Symbol                                                        : loaded 2 times (x 73B)
Class com.google.common.base.AbstractIterator                                         : loaded 2 times (x 80B)
Class com.google.common.io.Closer                                                     : loaded 2 times (x 78B)
Class com.google.common.collect.RegularImmutableMap$Values                            : loaded 2 times (x 207B)
Class com.google.common.collect.ImmutableSet                                          : loaded 2 times (x 145B)
Class com.google.common.base.CharMatcher$BitSetMatcher                                : loaded 2 times (x 112B)
Class com.google.common.base.CharMatcher$Ascii                                        : loaded 2 times (x 112B)
Class org.gradle.internal.classloader.ClassLoaderSpec                                 : loaded 2 times (x 71B)
Class com.google.common.io.ByteSource$EmptyByteSource                                 : loaded 2 times (x 85B)
Class org.objectweb.asm.AnnotationWriter                                              : loaded 2 times (x 79B)
Class com.google.common.cache.CacheStats                                              : loaded 2 times (x 71B)
Class com.google.common.io.LineProcessor                                              : loaded 2 times (x 70B)
Class com.google.common.io.Closer$Suppressor                                          : loaded 2 times (x 70B)
Class org.objectweb.asm.RecordComponentWriter                                         : loaded 2 times (x 78B)
Class com.google.common.util.concurrent.AbstractFuture$Listener                       : loaded 2 times (x 72B)
Class com.google.common.base.CharMatcher$Or                                           : loaded 2 times (x 112B)
Class Settings_gradle$1$1                                                             : loaded 2 times (x 74B)
Class org.objectweb.asm.Attribute                                                     : loaded 2 times (x 77B)
Class com.google.common.base.Supplier                                                 : loaded 2 times (x 70B)
Class org.gradle.internal.classloader.VisitableURLClassLoader                         : loaded 2 times (x 117B)
Class com.google.common.collect.ImmutableList$SerializedForm                          : loaded 2 times (x 73B)
Class com.google.common.util.concurrent.AbstractFuture$Waiter                         : loaded 2 times (x 72B)
Class Settings_gradle                                                                 : loaded 2 times (x 128B)
Class org.gradle.internal.Cast                                                        : loaded 2 times (x 71B)
Class org.gradle.api.Action                                                           : loaded 2 times (x 70B)
Class com.google.common.collect.Sets                                                  : loaded 2 times (x 71B)
Class org.objectweb.asm.Handler                                                       : loaded 2 times (x 72B)
Class com.google.common.base.Ticker                                                   : loaded 2 times (x 72B)
Class com.google.common.base.Strings                                                  : loaded 2 times (x 71B)
Class com.google.common.base.CharMatcher$FastMatcher                                  : loaded 2 times (x 111B)
Class [Lcom.google.common.cache.LocalCache$Segment;                                   : loaded 2 times (x 69B)
Class [Lcom.google.common.cache.LocalCache$Strength;                                  : loaded 2 times (x 69B)
Class com.google.common.cache.CacheBuilder$1                                          : loaded 2 times (x 85B)
Class com.google.common.collect.ImmutableMap                                          : loaded 2 times (x 120B)
Class com.google.common.base.Predicate                                                : loaded 2 times (x 70B)
Class org.gradle.internal.classpath.DefaultClassPath$ImmutableUniqueList$Builder      : loaded 2 times (x 75B)
Class com.google.common.collect.AbstractRangeSet                                      : loaded 2 times (x 114B)
Class com.google.common.cache.LocalCache                                              : loaded 2 times (x 187B)
Class com.google.common.cache.CacheBuilder$2                                          : loaded 2 times (x 72B)
Class com.google.common.base.CharMatcher$NegatedFastMatcher                           : loaded 2 times (x 113B)
Class [Lcom.google.common.collect.AbstractMapEntry;                                   : loaded 2 times (x 69B)
Class com.google.common.collect.ImmutableEntry                                        : loaded 2 times (x 82B)
Class com.google.common.collect.ArrayListMultimap                                     : loaded 2 times (x 172B)
Class com.google.common.base.AbstractIterator$1                                       : loaded 2 times (x 71B)
Class com.google.common.base.CharMatcher$Digit                                        : loaded 2 times (x 112B)
Class org.gradle.api.GradleException                                                  : loaded 2 times (x 82B)
Class com.google.common.base.Suppliers$MemoizingSupplier                              : loaded 2 times (x 79B)
Class com.google.common.collect.CollectPreconditions                                  : loaded 2 times (x 71B)
Class com.google.common.base.CharMatcher$JavaIsoControl                               : loaded 2 times (x 112B)
Class [Lcom.google.common.io.FileWriteMode;                                           : loaded 2 times (x 69B)
Class com.google.common.collect.SortedMapDifference                                   : loaded 2 times (x 70B)
Class com.google.common.base.CharMatcher$JavaLowerCase                                : loaded 2 times (x 111B)
Class com.google.common.io.Files                                                      : loaded 2 times (x 71B)
Class com.google.common.cache.LocalCache$EntryFactory                                 : loaded 2 times (x 83B)
Class com.google.common.cache.LocalCache$AbstractReferenceEntry                       : loaded 2 times (x 107B)
Class com.google.common.base.Splitter$1$1                                             : loaded 2 times (x 86B)
Class com.google.common.base.CharMatcher$Whitespace                                   : loaded 2 times (x 112B)
Class org.gradle.internal.IoActions                                                   : loaded 2 times (x 71B)
Class com.google.common.collect.ImmutableRangeSet$ComplementRanges                    : loaded 2 times (x 207B)
Class org.objectweb.asm.SymbolTable                                                   : loaded 2 times (x 72B)
Class com.google.common.cache.CacheLoader$InvalidCacheLoadException                   : loaded 2 times (x 82B)
Class com.google.common.collect.ImmutableSet$RegularSetBuilderImpl                    : loaded 2 times (x 77B)
Class com.google.common.base.CharMatcher$SingleWidth                                  : loaded 2 times (x 112B)
Class org.gradle.internal.classloader.SystemClassLoaderSpec                           : loaded 2 times (x 71B)
Class com.google.common.cache.LocalCache$StrongEntry                                  : loaded 2 times (x 108B)
Class com.google.common.util.concurrent.AbstractFuture$TrustedFuture                  : loaded 2 times (x 114B)
Class com.google.common.cache.LoadingCache                                            : loaded 2 times (x 70B)
Class com.google.common.io.ByteStreams$LimitedInputStream                             : loaded 2 times (x 92B)
Class com.google.common.base.Suppliers$NonSerializableMemoizingSupplier               : loaded 2 times (x 79B)
Class org.objectweb.asm.MethodWriter                                                  : loaded 2 times (x 106B)
Class [Lcom.google.common.cache.Weigher;                                              : loaded 2 times (x 69B)
Class com.google.common.collect.RegularImmutableMap$BucketOverflowException           : loaded 2 times (x 82B)
Class com.google.common.collect.RegularImmutableBiMap                                 : loaded 2 times (x 148B)
Class com.google.common.cache.LocalCache$ValueReference                               : loaded 2 times (x 70B)
Class com.google.common.base.CharMatcher$Negated                                      : loaded 2 times (x 113B)
Class com.google.common.base.CharMatcher$Is                                           : loaded 2 times (x 111B)
Class com.google.common.hash.PrimitiveSink                                            : loaded 2 times (x 70B)
Class com.google.common.util.concurrent.AbstractFuture$Failure                        : loaded 2 times (x 72B)
Class com.google.common.base.Equivalence$Equals                                       : loaded 2 times (x 82B)
Class com.google.common.collect.Hashing                                               : loaded 2 times (x 71B)
Class com.google.common.base.PatternCompiler                                          : loaded 2 times (x 70B)
Class com.google.common.base.Preconditions                                            : loaded 2 times (x 71B)
Class com.google.common.io.CharSink                                                   : loaded 2 times (x 79B)
Class com.google.common.collect.ImmutableSetMultimap                                  : loaded 2 times (x 180B)
Class com.google.common.base.Joiner$1                                                 : loaded 2 times (x 80B)
Class org.objectweb.asm.Label                                                         : loaded 2 times (x 73B)
Class org.objectweb.asm.CurrentFrame                                                  : loaded 2 times (x 73B)
Class org.objectweb.asm.ClassTooLargeException                                        : loaded 2 times (x 83B)
Class com.google.common.collect.PeekingIterator                                       : loaded 2 times (x 70B)
Class com.google.common.base.CharMatcher                                              : loaded 2 times (x 111B)
Class com.google.common.collect.RangeGwtSerializationDependencies                     : loaded 2 times (x 71B)
Class com.google.common.io.ByteSource$AsCharSource                                    : loaded 2 times (x 86B)
Class com.google.common.collect.Maps$IteratorBasedAbstractMap                         : loaded 2 times (x 125B)
Class com.google.common.base.Joiner$2                                                 : loaded 2 times (x 79B)
Class org.objectweb.asm.Frame                                                         : loaded 2 times (x 73B)
Class org.objectweb.asm.MethodVisitor                                                 : loaded 2 times (x 105B)
Class com.google.common.cache.LocalCache$EntryFactory$1                               : loaded 2 times (x 83B)
Class [Lcom.google.common.cache.RemovalListener;                                      : loaded 2 times (x 69B)
Class com.google.common.base.CharMatcher$1                                            : loaded 2 times (x 113B)
Class com.google.common.base.CharMatcher$NamedFastMatcher                             : loaded 2 times (x 112B)
Class com.google.common.collect.RangeSet                                              : loaded 2 times (x 70B)
Class com.google.common.cache.LocalCache$EntryFactory$2                               : loaded 2 times (x 83B)
Class ijJvmDebugger1_9laiob171rioarc3zsik11dk4$_run_closure1                          : loaded 2 times (x 139B)
Class org.gradle.api.internal.classpath.GlobalCacheRootsProvider                      : loaded 2 times (x 70B)
Class com.google.common.collect.CollectCollectors                                     : loaded 2 times (x 71B)
Class org.objectweb.asm.ModuleWriter                                                  : loaded 2 times (x 82B)
Class com.google.common.cache.LocalCache$EntryFactory$3                               : loaded 2 times (x 83B)
Class com.google.common.base.Ticker$1                                                 : loaded 2 times (x 72B)
Class com.google.common.collect.ImmutableMapEntrySet$RegularEntrySet                  : loaded 2 times (x 151B)
Class com.google.common.collect.Maps$BiMapConverter                                   : loaded 2 times (x 90B)
Class com.google.common.collect.SetMultimap                                           : loaded 2 times (x 70B)
Class com.google.common.cache.LocalCache$EntryFactory$4                               : loaded 2 times (x 83B)
Class com.google.common.collect.ImmutableSet$Builder                                  : loaded 2 times (x 85B)
Class com.google.common.base.CharMatcher$InRange                                      : loaded 2 times (x 111B)
Class com.google.common.io.ByteStreams$1                                              : loaded 2 times (x 85B)
Class com.google.common.cache.LocalCache$EntryFactory$5                               : loaded 2 times (x 83B)
Class com.google.common.base.PairwiseEquivalence                                      : loaded 2 times (x 83B)
Class com.google.common.cache.LocalCache$EntryFactory$6                               : loaded 2 times (x 83B)
Class ijKotlinCoroutineJvmDebugInit1_8b08n2xkeizd1exry5iy3l9ps                        : loaded 2 times (x 179B)
Class org.gradle.internal.installation.CurrentGradleInstallationLocator               : loaded 2 times (x 71B)
Class com.google.common.io.ByteSource$SlicedByteSource                                : loaded 2 times (x 85B)
Class com.google.common.collect.Maps$KeySet                                           : loaded 2 times (x 137B)
Class com.google.common.cache.LocalCache$EntryFactory$7                               : loaded 2 times (x 83B)
Class com.google.common.collect.ImmutableSet$EmptySetBuilderImpl                      : loaded 2 times (x 76B)
Class com.google.common.collect.ImmutableList                                         : loaded 2 times (x 206B)
Class org.gradle.internal.service.DefaultServiceLocator                               : loaded 2 times (x 83B)
Class com.google.common.cache.LocalCache$EntryFactory$8                               : loaded 2 times (x 83B)
Class com.google.common.collect.ImmutableSet$SetBuilderImpl                           : loaded 2 times (x 76B)
Class org.gradle.internal.installation.CurrentGradleInstallation                      : loaded 2 times (x 73B)
Class com.google.common.cache.CacheLoader$1                                           : loaded 2 times (x 75B)
Class com.google.common.collect.ForwardingObject                                      : loaded 2 times (x 72B)
Class com.google.common.collect.ImmutableList$SubList                                 : loaded 2 times (x 208B)
Class org.gradle.util.internal.GUtil                                                  : loaded 2 times (x 71B)
Class com.google.common.io.ByteSource                                                 : loaded 2 times (x 84B)
Class com.google.common.util.concurrent.AbstractFuture$SetFuture                      : loaded 2 times (x 75B)
Class com.google.common.cache.AbstractCache$StatsCounter                              : loaded 2 times (x 70B)
Class com.google.common.collect.Iterators$MergingIterator                             : loaded 2 times (x 81B)
Class com.google.common.collect.RegularImmutableSet                                   : loaded 2 times (x 148B)
Class org.gradle.internal.installation.GradleInstallation                             : loaded 2 times (x 75B)
Class com.google.common.collect.Iterables                                             : loaded 2 times (x 71B)
Class com.google.common.base.Splitter$Strategy                                        : loaded 2 times (x 70B)

---------------  S Y S T E M  ---------------

OS:
 Windows 11 , 64 bit Build 26100 (10.0.26100.8328)
OS uptime: 0 days 0:10 hours

CPU: total 8 (initial active 8) (4 cores per cpu, 2 threads per core) family 6 model 126 stepping 5 microcode 0xa6, cx8, cmov, fxsr, ht, mmx, 3dnowpref, sse, sse2, sse3, ssse3, sse4.1, sse4.2, popcnt, lzcnt, tsc, tscinvbit, avx, avx2, aes, erms, clmul, bmi1, bmi2, adx, avx512f, avx512dq, avx512cd, avx512bw, avx512vl, sha, fma, vzeroupper, avx512_vpopcntdq, avx512_vpclmulqdq, avx512_vaes, avx512_vnni, clflush, clflushopt, avx512_vbmi2, avx512_vbmi, rdtscp, rdpid, fsrm, gfni, avx512_bitalg, f16c, pku, avx512_ifma
Processor Information for the first 8 processors :
  Max Mhz: 1190, Current Mhz: 991, Mhz Limit: 987

Memory: 4k page, system-wide physical 12092M (3998M free)
TotalPageFile size 22332M (AvailPageFile size 14959M)
current process WorkingSet (physical memory assigned to process): 1041M, peak: 1057M
current process commit charge ("private bytes"): 1099M, peak: 1117M

vm_info: OpenJDK 64-Bit Server VM (21.0.9+-14787801-b1163.94) for windows-amd64 JRE (21.0.9+-14787801-b1163.94), built on 2026-01-27T21:15:44Z by "builder" with MS VC++ 16.10 / 16.11 (VS2019)

END.
