#
# A fatal error has been detected by the Java Runtime Environment:
#
#  EXCEPTION_ACCESS_VIOLATION (0xc0000005) at pc=0x00000289d00228d9, pid=16076, tid=19912
#
# JRE version: OpenJDK Runtime Environment (21.0.9) (build 21.0.9+-14787801-b1163.94)
# Java VM: OpenJDK 64-Bit Server VM (21.0.9+-14787801-b1163.94, mixed mode, tiered, compressed oops, compressed class ptrs, g1 gc, windows-amd64)
# Problematic frame:
# J 21394 c1 com.google.common.util.concurrent.InterruptibleTask.run()V (190 bytes) @ 0x00000289d00228d9 [0x00000289d0022500+0x00000000000003d9]
#
# No core dump will be written. Minidumps are not enabled by default on client versions of Windows
#
# If you would like to submit a bug report, please visit:
#   https://youtrack.jetbrains.com/issues/JBR
#

---------------  S U M M A R Y ------------

Command Line: --add-opens=java.base/java.util=ALL-UNNAMED --add-opens=java.base/java.lang=ALL-UNNAMED --add-opens=java.base/java.lang.invoke=ALL-UNNAMED --add-opens=java.prefs/java.util.prefs=ALL-UNNAMED --add-exports=jdk.compiler/com.sun.tools.javac.api=ALL-UNNAMED --add-exports=jdk.compiler/com.sun.tools.javac.util=ALL-UNNAMED --add-opens=java.base/java.nio.charset=ALL-UNNAMED --add-opens=java.base/java.net=ALL-UNNAMED --add-opens=java.base/java.util.concurrent.atomic=ALL-UNNAMED -Xmx2048m -Dfile.encoding=UTF-8 -Duser.country=FR -Duser.language=fr -Duser.variant -javaagent:C:\Users\ibtis\.gradle\wrapper\dists\gradle-8.10.2-bin\a04bxjujx95o3nb99gddekhwo\gradle-8.10.2\lib\agents\gradle-instrumentation-agent-8.10.2.jar org.gradle.launcher.daemon.bootstrap.GradleDaemon 8.10.2

Host: Intel(R) Core(TM) i5-1035G1 CPU @ 1.00GHz, 8 cores, 11G,  Windows 11 , 64 bit Build 26100 (10.0.26100.8328)
Time: Thu Jun  4 17:13:41 2026 elapsed time: 695.965031 seconds (0d 0h 11m 35s)

---------------  T H R E A D  ---------------

Current thread (0x00000289e8c33a00):  JavaThread "Unconstrained build operations Thread 74"        [_thread_in_Java, id=19912, stack(0x000000ee2c800000,0x000000ee2c900000) (1024K)]

Stack: [0x000000ee2c800000,0x000000ee2c900000],  sp=0x000000ee2c8fb2e0,  free space=1004k
Native frames: (J=compiled Java code, j=interpreted, Vv=VM code, C=native code)
C  0x00000289d00228d9

The last pc belongs to nmethod (printed below).

siginfo: EXCEPTION_ACCESS_VIOLATION (0xc0000005), reading address 0x0000000020245888


Registers:
RAX=0x0000000080525298, RBX=0x0000000020245850, RCX=0x00000001500bcee8, RDX=0x00000000918ac630
RSP=0x000000ee2c8fb2e0, RBP=0x000000ee2c8fb670, RSI=0x00000000899415c8, RDI=0x00000289e49e2650
R8 =0x00000000918ac600, R9 =0x000000010121dad0, R10=0x000000010122c280, R11=0x000000ee2c8fb440
R12=0x0000000000000000, R13=0x000000ee2c8fb618, R14=0x000000ee2c8fb698, R15=0x00000289e8c33a00
RIP=0x00000289d00228d9, EFLAGS=0x0000000000010297

XMM[0]=0x000000ee2c8ff790 0x0000020000000000
XMM[1]=0x0000000000000000 0x000000ee2c8ff5b0
XMM[2]=0x0000000000000000 0x74756f79614c646e
XMM[3]=0x0000000000000000 0x0000000000000000
XMM[4]=0x007f007f007f006f 0x006f006f006f007f
XMM[5]=0x000000000cd84d5e 0x78aa4ed4775791fa
XMM[6]=0x00000000073ad989 0x778d4a27c33fb434
XMM[7]=0x0000000043792e58 0x0000000000000000
XMM[8]=0x0000000052d67b39 0x7f86f848ea000000
XMM[9]=0x8f80ee2a8f80ee2a 0x8f80ee2a4674d261
XMM[10]=0x00000001db710640 0x00000001f7011640
XMM[11]=0x000000003db1ecdc 0x0000000174359406
XMM[12]=0x0000000000000000 0x000000004674d261
XMM[13]=0x0000000000000000 0x000000010121d650
XMM[14]=0x0000000000000000 0x0000000000000000
XMM[15]=0x0000000000000000 0x000000000fab6589
  MXCSR=0x00001fa2


Register to memory mapping:

RAX=0x0000000080525298 is an oop: java.lang.Class 
{0x0000000080525298} - klass: 'java/lang/Class'
 - ---- fields (total size 16 words):
 - private volatile transient 'classRedefinedCount' 'I' @12  0 (0x00000000)
 - injected 'klass' 'J' @16  4295741056 (0x00000001000bce80)
 - injected 'array_klass' 'J' @24  0 (0x0000000000000000)
 - injected 'oop_size' 'I' @32  16 (0x00000010)
 - injected 'static_oop_field_count' 'I' @36  1 (0x00000001)
 - private volatile transient 'cachedConstructor' 'Ljava/lang/reflect/Constructor;' @40  null (0x00000000)
 - private transient 'name' 'Ljava/lang/String;' @44  "java.util.concurrent.atomic.AtomicReference"{0x0000000082a51b80} (0x82a51b80)
 - private transient 'module' 'Ljava/lang/Module;' @48  a 'java/lang/Module'{0x000000008058a698} (0x8058a698)
 - private final 'classLoader' 'Ljava/lang/ClassLoader;' @52  null (0x00000000)
 - private transient 'classData' 'Ljava/lang/Object;' @56  null (0x00000000)
 - private transient 'packageName' 'Ljava/lang/String;' @60  null (0x00000000)
 - private final 'componentType' 'Ljava/lang/Class;' @64  null (0x00000000)
 - private volatile transient 'reflectionData' 'Ljava/lang/ref/SoftReference;' @68  null (0x00000000)
 - private volatile transient 'genericInfo' 'Lsun/reflect/generics/repository/ClassRepository;' @72  null (0x00000000)
 - private volatile transient 'enumConstants' '[Ljava/lang/Object;' @76  null (0x00000000)
 - private volatile transient 'enumConstantDirectory' 'Ljava/util/Map;' @80  null (0x00000000)
 - private volatile transient 'annotationData' 'Ljava/lang/Class$AnnotationData;' @84  null (0x00000000)
 - private volatile transient 'annotationType' 'Lsun/reflect/annotation/AnnotationType;' @88  null (0x00000000)
 - transient 'classValueMap' 'Ljava/lang/ClassValue$ClassValueMap;' @92  null (0x00000000)
 - injected 'protection_domain' 'Ljava/lang/Object;' @96  null (0x00000000)
 - injected 'signers_name' 'Ljava/lang/Object;' @100  null (0x00000000)
 - injected 'source_file' 'Ljava/lang/Object;' @104  null (0x00000000)
 - injected '<init_lock>' 'Ljava/lang/Object;' @108  null (0x00000000)
 - signature: Ljava/util/concurrent/atomic/AtomicReference;
 - ---- static fields (1):
 - private static final 'serialVersionUID' 'J' @120  -1848883965231344442 (0xe65771d4557854c6)
 - private static final 'VALUE' 'Ljava/lang/invoke/VarHandle;' @112  a 'java/lang/invoke/VarHandleReferences$FieldInstanceReadWrite'{0x0000000080527e18} (0x80527e18)
RBX=539252816 is a compressed pointer to class: 0x000000010122c280
com.google.common.util.concurrent.TrustedListenableFutureTask$TrustedFutureInterruptibleTask {0x000000010122c288}
 - instance size:     3
 - klass size:        80
 - access:            final synchronized 
 - flags:             rewritten has_nonstatic_fields should_verify_class has_localvariable_table has_final_method 
 - state:             fully_initialized
 - name:              'com/google/common/util/concurrent/TrustedListenableFutureTask$TrustedFutureInterruptibleTask'
 - super:             'com/google/common/util/concurrent/InterruptibleTask'
 - sub:               
 - arrays:            null
 - methods:           Array<T>(0x00000289f2c8e058)
 - method ordering:   Array<T>(0x00000289e4000018)
 - local interfaces:  Array<T>(0x00000289e4000058)
 - trans. interfaces: Array<T>(0x00000289f2c8d128)
 - secondary supers: Array<T>(0x00000289f2c8e608)
 - hash_slot:         55
 - bitmap:            0x0010000100000000
 - constants:         constant pool [85] {0x00000289f2c8dd30} for 'com/google/common/util/concurrent/TrustedListenableFutureTask$TrustedFutureInterruptibleTask' cache=0x00000289f2c8ec78
 - class loader data:  loader data: 0x00000289ea9b2d60 for instance a 'org/gradle/internal/classloader/VisitableURLClassLoader$InstrumentingVisitableURLClassLoader'{0x00000000ff9c32d0}
 - source file:       'TrustedListenableFutureTask.java'
 - generic signature: 'Lcom/google/common/util/concurrent/InterruptibleTask<TV;>;'
 - inner classes:     Array<T>(0x00000289f2c8e5c8)
 - nest members:     Array<T>(0x00000289e4000028)
 - permitted subclasses:     Array<T>(0x00000289e4000028)
 - java mirror:       a 'java/lang/Class'{0x0000000089943aa8} = 'com/google/common/util/concurrent/TrustedListenableFutureTask$TrustedFutureInterruptibleTask'
 - vtable length      10  (start addr: 0x000000010122c480)
 - itable length      5 (start addr: 0x000000010122c4d0)
 - ---- static fields (0 words):
 - ---- non-static fields (3 words):
 - private volatile 'value' 'Ljava/lang/Object;' @12 
 - private final 'callable' 'Ljava/util/concurrent/Callable;' @16 
 - final synthetic 'this$0' 'Lcom/google/common/util/concurrent/TrustedListenableFutureTask;' @20 
 - non-static oop maps: 12-20 
RCX=0x00000001500bcee8 is an unknown value
RDX=0x00000000918ac630 is an oop: com.google.common.util.concurrent.TrustedListenableFutureTask$TrustedFutureInterruptibleTask 
{0x00000000918ac630} - klass: 'com/google/common/util/concurrent/TrustedListenableFutureTask$TrustedFutureInterruptibleTask'
 - ---- fields (total size 3 words):
 - private volatile 'value' 'Ljava/lang/Object;' @12  null (0x00000000)
 - private final 'callable' 'Ljava/util/concurrent/Callable;' @16  a 'com/android/tools/r8/internal/Ro0$$Lambda+0x0000000101226cd0'{0x00000000918ac600} (0x918ac600)
 - final synthetic 'this$0' 'Lcom/google/common/util/concurrent/TrustedListenableFutureTask;' @20  a 'com/google/common/util/concurrent/TrustedListenableFutureTask'{0x00000000918ac610} (0x918ac610)
RSP=0x000000ee2c8fb2e0 is pointing into the stack for thread: 0x00000289e8c33a00
RBP=0x000000ee2c8fb670 is pointing into the stack for thread: 0x00000289e8c33a00
RSI=0x00000000899415c8 is an oop: java.lang.Thread 
{0x00000000899415c8} - klass: 'java/lang/Thread'
 - ---- fields (total size 15 words):
 - 'threadLocalRandomProbe' 'I' @12  -157754458 (0xf698dba6)
 - private volatile 'eetop' 'J' @16  2791338883584 (0x00000289e8c33a00)
 - private final 'tid' 'J' @24  296 (0x0000000000000128)
 - 'threadLocalRandomSeed' 'J' @32  -463858568508312180 (0xf9900b16ee0a758c)
 - injected 'jvmti_thread_state' 'J' @40  2791531838320 (0x00000289f4437b70)
 - 'threadLocalRandomSecondarySeed' 'I' @48  0 (0x00000000)
 - injected 'jvmti_VTMS_transition_disable_count' 'I' @52  0 (0x00000000)
 - injected 'jfr_epoch' 'S' @56  0 (0x0000)
 - volatile 'interrupted' 'Z' @58  false (0x00)
 - injected 'jvmti_is_in_VTMS_transition' 'Z' @59  false (0x00)
 - private volatile 'name' 'Ljava/lang/String;' @60  "Unconstrained build operations Thread 74"{0x0000000087daffd8} (0x87daffd8)
 - private volatile 'contextClassLoader' 'Ljava/lang/ClassLoader;' @64  a 'org/gradle/internal/classloader/VisitableURLClassLoader'{0x0000000080586700} (0x80586700)
 - private 'inheritedAccessControlContext' 'Ljava/security/AccessControlContext;' @68  a 'java/security/AccessControlContext'{0x0000000087daff60} (0x87daff60)
 - private final 'holder' 'Ljava/lang/Thread$FieldHolder;' @72  a 'java/lang/Thread$FieldHolder'{0x0000000087daff38} (0x87daff38)
 - 'threadLocals' 'Ljava/lang/ThreadLocal$ThreadLocalMap;' @76  a 'java/lang/ThreadLocal$ThreadLocalMap'{0x0000000087daf0b0} (0x87daf0b0)
 - 'inheritableThreadLocals' 'Ljava/lang/ThreadLocal$ThreadLocalMap;' @80  null (0x00000000)
 - private 'scopedValueBindings' 'Ljava/lang/Object;' @84  a 'java/lang/Class'{0x0000000080586550} = 'java/lang/Thread' (0x80586550)
 - final 'interruptLock' 'Ljava/lang/Object;' @88  a 'java/lang/Object'{0x0000000087daf0a0} (0x87daf0a0)
 - private volatile 'parkBlocker' 'Ljava/lang/Object;' @92  null (0x00000000)
 - volatile 'nioBlocker' 'Lsun/nio/ch/Interruptible;' @96  null (0x00000000)
 - private 'cont' 'Ljdk/internal/vm/Continuation;' @100  null (0x00000000)
 - private volatile 'uncaughtExceptionHandler' 'Ljava/lang/Thread$UncaughtExceptionHandler;' @104  null (0x00000000)
 - private 'container' 'Ljdk/internal/vm/ThreadContainer;' @108  a 'jdk/internal/vm/SharedThreadContainer'{0x00000000869b6670} (0x869b6670)
 - private volatile 'headStackableScopes' 'Ljdk/internal/vm/StackableScope;' @112  null (0x00000000)
RDI=0x00000289e49e2650 is pointing into metadata
R8 =0x00000000918ac600 is an oop: com.android.tools.r8.internal.Ro0$$Lambda/0x0000000101226cd0 
{0x00000000918ac600} - klass: 'com/android/tools/r8/internal/Ro0$$Lambda+0x0000000101226cd0'
 - ---- fields (total size 2 words):
 - private final 'arg$1' 'Lcom/android/tools/r8/internal/lp0;' @12  a 'com/android/tools/r8/dex/a$$Lambda+0x00000001012257b8'{0x00000000918ac5e8} (0x918ac5e8)
R9 =0x000000010121dad0 is a pointer to class: 
com.android.tools.r8.internal.fp0 {0x000000010121dad8}
 - instance size:     2
 - klass size:        77
 - access:            public final 
 - flags:             rewritten should_verify_class has_vanilla_constructor has_final_method 
 - state:             fully_initialized
 - name:              'com/android/tools/r8/internal/fp0'
 - super:             'java/lang/Object'
 - sub:               
 - arrays:            null
 - methods:           Array<T>(0x00000289f2c5b3c0)
 - method ordering:   Array<T>(0x00000289e4000018)
 - local interfaces:  Array<T>(0x00000289f2c5b3b0)
 - trans. interfaces: Array<T>(0x00000289f2c5b3b0)
 - secondary supers: Array<T>(0x00000289f2c5b3b0)
 - hash_slot:         51
 - bitmap:            0x0000000000000080
 - constants:         constant pool [69] {0x00000289f2c5b0e8} for 'com/android/tools/r8/internal/fp0' cache=0x00000289f2c5b8c0
 - class loader data:  loader data: 0x00000289ea9b2d60 for instance a 'org/gradle/internal/classloader/VisitableURLClassLoader$InstrumentingVisitableURLClassLoader'{0x00000000ff9c32d0}
 - source file:       'R8_8.7.18_f8bee6d6fb926b7ebb3b15bf98f726f9d57471456ea20fce6d17d9a020197688'
 - inner classes:     Array<T>(0x00000289e4000028)
 - nest members:     Array<T>(0x00000289e4000028)
 - permitted subclasses:     Array<T>(0x00000289e4000028)
 - java mirror:       a 'java/lang/Class'{0x00000000898c4050} = 'com/android/tools/r8/internal/fp0'
 - vtable length      5  (start addr: 0x000000010121dcd0)
 - itable length      8 (start addr: 0x000000010121dcf8)
 - ---- static fields (0 words):
 - ---- non-static fields (0 words):
 - non-static oop maps: 
R10=0x000000010122c280 is a pointer to class: 
com.google.common.util.concurrent.TrustedListenableFutureTask$TrustedFutureInterruptibleTask {0x000000010122c288}
 - instance size:     3
 - klass size:        80
 - access:            final synchronized 
 - flags:             rewritten has_nonstatic_fields should_verify_class has_localvariable_table has_final_method 
 - state:             fully_initialized
 - name:              'com/google/common/util/concurrent/TrustedListenableFutureTask$TrustedFutureInterruptibleTask'
 - super:             'com/google/common/util/concurrent/InterruptibleTask'
 - sub:               
 - arrays:            null
 - methods:           Array<T>(0x00000289f2c8e058)
 - method ordering:   Array<T>(0x00000289e4000018)
 - local interfaces:  Array<T>(0x00000289e4000058)
 - trans. interfaces: Array<T>(0x00000289f2c8d128)
 - secondary supers: Array<T>(0x00000289f2c8e608)
 - hash_slot:         55
 - bitmap:            0x0010000100000000
 - constants:         constant pool [85] {0x00000289f2c8dd30} for 'com/google/common/util/concurrent/TrustedListenableFutureTask$TrustedFutureInterruptibleTask' cache=0x00000289f2c8ec78
 - class loader data:  loader data: 0x00000289ea9b2d60 for instance a 'org/gradle/internal/classloader/VisitableURLClassLoader$InstrumentingVisitableURLClassLoader'{0x00000000ff9c32d0}
 - source file:       'TrustedListenableFutureTask.java'
 - generic signature: 'Lcom/google/common/util/concurrent/InterruptibleTask<TV;>;'
 - inner classes:     Array<T>(0x00000289f2c8e5c8)
 - nest members:     Array<T>(0x00000289e4000028)
 - permitted subclasses:     Array<T>(0x00000289e4000028)
 - java mirror:       a 'java/lang/Class'{0x0000000089943aa8} = 'com/google/common/util/concurrent/TrustedListenableFutureTask$TrustedFutureInterruptibleTask'
 - vtable length      10  (start addr: 0x000000010122c480)
 - itable length      5 (start addr: 0x000000010122c4d0)
 - ---- static fields (0 words):
 - ---- non-static fields (3 words):
 - private volatile 'value' 'Ljava/lang/Object;' @12 
 - private final 'callable' 'Ljava/util/concurrent/Callable;' @16 
 - final synthetic 'this$0' 'Lcom/google/common/util/concurrent/TrustedListenableFutureTask;' @20 
 - non-static oop maps: 12-20 
R11=0x000000ee2c8fb440 is pointing into the stack for thread: 0x00000289e8c33a00
R12=0x0 is null
R13=0x000000ee2c8fb618 is pointing into the stack for thread: 0x00000289e8c33a00
R14=0x000000ee2c8fb698 is pointing into the stack for thread: 0x00000289e8c33a00
R15=0x00000289e8c33a00 is a thread

Top of Stack: (sp=0x000000ee2c8fb2e0)
0x000000ee2c8fb2e0:   00000000918ac600 00007ffd5ede8524
0x000000ee2c8fb2f0:   00000289e8c33a00 000000ee2c8fb3e9
0x000000ee2c8fb300:   00000289eea8d970 0000000000000000
0x000000ee2c8fb310:   000000ee2c8fb388 00000289e8c33a00
0x000000ee2c8fb320:   000000ee2c8fb350 000000ee2c8f0000
0x000000ee2c8fb330:   0000000000000000 0000000000000000
0x000000ee2c8fb340:   00000289e8c33a00 00007ffd5eb41fb7
0x000000ee2c8fb350:   00000000918ac600 0000000000000000
0x000000ee2c8fb360:   00000000805862a8 00000289f2e06fa8
0x000000ee2c8fb370:   0000000087c2bbc0 00007ffd5ec0675d
0x000000ee2c8fb380:   00000289e8c33a00 00007ffd5f0dafd0
0x000000ee2c8fb390:   00000289e8c33a00 0000000101226cd0
0x000000ee2c8fb3a0:   0000000000000002 00000289d5ff017e
0x000000ee2c8fb3b0:   00000289f2e0c488 00000289f2c8b6b0
0x000000ee2c8fb3c0:   000000008451ad18 00000000918ac630
0x000000ee2c8fb3d0:   00000000899415c8 0000000000000001
0x000000ee2c8fb3e0:   00000289e8c33a00 000000ee2c8fb698
0x000000ee2c8fb3f0:   00000289e8c33a00 00007ffd5eb420ad
0x000000ee2c8fb400:   0000000101226cd0 000000ee2c8fb510
0x000000ee2c8fb410:   00000000805862a8 00000289e8c33a00
0x000000ee2c8fb420:   0000000091855000 00000289d5948aed
0x000000ee2c8fb430:   00000289e8c33a00 000000ee2c8fb698
0x000000ee2c8fb440:   0000000000000009 0000000087c2bbc0
0x000000ee2c8fb450:   00000289e8c33a00 000000ee2c8fb510
0x000000ee2c8fb460:   000000ee2c8fb670 00000289d002e854
0x000000ee2c8fb470:   00007ffd5f12bb60 0000000000000000
0x000000ee2c8fb480:   0000000000000300 0000000000000000
0x000000ee2c8fb490:   0000000092477300 0000000000000000
0x000000ee2c8fb4a0:   000000008974f760 00000289d5f423b6
0x000000ee2c8fb4b0:   00000000805862a8 00000000805862a8
0x000000ee2c8fb4c0:   00000289e8c33a00 000000ee2c8fb698
0x000000ee2c8fb4d0:   00000000805862a8 0000000089884f48 

Instructions: (pc=0x00000289d00228d9)
0x00000289d00227d9:   00 00 00 48 85 ff 75 0a f6 00 01 75 05 f0 48 83
0x00000289d00227e9:   08 01 48 b8 50 4b 3e e5 89 02 00 00 48 8d 80 f8
0x00000289d00227f9:   01 00 00 48 bf 18 7e 52 80 00 00 00 00 48 85 ff
0x00000289d0022809:   75 0c f6 40 08 01 75 06 f0 48 83 48 08 01 48 b8
0x00000289d0022819:   50 4b 3e e5 89 02 00 00 48 83 80 e8 01 00 00 01
0x00000289d0022829:   48 b8 68 a4 3c e5 89 02 00 00 8b b8 cc 00 00 00
0x00000289d0022839:   83 c7 02 89 b8 cc 00 00 00 81 e7 fe ff 1f 00 85
0x00000289d0022849:   ff 0f 84 3e 28 00 00 48 b8 98 52 52 80 00 00 00
0x00000289d0022859:   00 48 bf 68 a4 3c e5 89 02 00 00 48 83 87 48 01
0x00000289d0022869:   00 00 01 48 b8 50 26 9e e4 89 02 00 00 8b b8 cc
0x00000289d0022879:   00 00 00 83 c7 02 89 b8 cc 00 00 00 81 e7 fe ff
0x00000289d0022889:   1f 00 85 ff 0f 84 1c 28 00 00 48 b8 50 26 9e e4
0x00000289d0022899:   89 02 00 00 ff 80 20 01 00 00 48 b8 98 52 52 80
0x00000289d00228a9:   00 00 00 00 48 bf 50 26 9e e4 89 02 00 00 48 83
0x00000289d00228b9:   87 30 01 00 00 01 48 85 d2 0f 84 20 00 00 00 48
0x00000289d00228c9:   b9 80 ce 0b 00 01 00 00 00 8b 5a 08 48 c1 e3 03
0x00000289d00228d9:   48 3b 4b 38 0f 85 05 00 00 00 e9 05 00 00 00 48
0x00000289d00228e9:   33 c0 eb 07 48 c7 c0 01 00 00 00 85 c0 48 b8 50
0x00000289d00228f9:   26 9e e4 89 02 00 00 48 c7 c7 78 01 00 00 74 07
0x00000289d0022909:   48 c7 c7 68 01 00 00 48 8b 1c 38 48 8d 5b 01 48
0x00000289d0022919:   89 1c 38 0f 84 ef 25 00 00 48 b8 68 a4 3c e5 89
0x00000289d0022929:   02 00 00 48 83 80 80 01 00 00 01 48 b8 88 e1 33
0x00000289d0022939:   e4 89 02 00 00 8b b8 cc 00 00 00 83 c7 02 89 b8
0x00000289d0022949:   cc 00 00 00 81 e7 fe ff 1f 00 85 ff 0f 84 75 27
0x00000289d0022959:   00 00 48 b8 88 e1 33 e4 89 02 00 00 ff 80 10 01
0x00000289d0022969:   00 00 48 b8 60 6f 58 80 00 00 00 00 48 bf 68 a4
0x00000289d0022979:   3c e5 89 02 00 00 48 83 87 90 01 00 00 01 48 b8
0x00000289d0022989:   50 26 9e e4 89 02 00 00 8b b8 cc 00 00 00 83 c7
0x00000289d0022999:   02 89 b8 cc 00 00 00 81 e7 fe ff 1f 00 85 ff 0f
0x00000289d00229a9:   84 43 27 00 00 48 b8 50 26 9e e4 89 02 00 00 ff
0x00000289d00229b9:   80 10 01 00 00 48 b8 60 6f 58 80 00 00 00 00 48
0x00000289d00229c9:   bf 68 a4 3c e5 89 02 00 00 48 83 87 c8 01 00 00 


Stack slot to memory mapping:

stack at sp + 0 slots: 0x00000000918ac600 is an oop: com.android.tools.r8.internal.Ro0$$Lambda/0x0000000101226cd0 
{0x00000000918ac600} - klass: 'com/android/tools/r8/internal/Ro0$$Lambda+0x0000000101226cd0'
 - ---- fields (total size 2 words):
 - private final 'arg$1' 'Lcom/android/tools/r8/internal/lp0;' @12  a 'com/android/tools/r8/dex/a$$Lambda+0x00000001012257b8'{0x00000000918ac5e8} (0x918ac5e8)
stack at sp + 1 slots: 0x00007ffd5ede8524 jvm.dll
stack at sp + 2 slots: 0x00000289e8c33a00 is a thread
stack at sp + 3 slots: 0x000000ee2c8fb3e9 is pointing into the stack for thread: 0x00000289e8c33a00
stack at sp + 4 slots: 0x00000289eea8d970 points into unknown readable memory: 0x0000000000000000 | 00 00 00 00 00 00 00 00
stack at sp + 5 slots: 0x0 is null
stack at sp + 6 slots: 0x000000ee2c8fb388 is pointing into the stack for thread: 0x00000289e8c33a00
stack at sp + 7 slots: 0x00000289e8c33a00 is a thread


Compiled method (c1) 696009 21394   !   3       com.google.common.util.concurrent.InterruptibleTask::run (190 bytes)
 total in heap  [0x00000289d0021e90,0x00000289d00267f8] = 18792
 relocation     [0x00000289d0021ff0,0x00000289d00224e8] = 1272
 main code      [0x00000289d0022500,0x00000289d0025800] = 13056
 stub code      [0x00000289d0025800,0x00000289d00258d8] = 216
 oops           [0x00000289d00258d8,0x00000289d0025918] = 64
 metadata       [0x00000289d0025918,0x00000289d0025980] = 104
 scopes data    [0x00000289d0025980,0x00000289d0026198] = 2072
 scopes pcs     [0x00000289d0026198,0x00000289d0026798] = 1536
 dependencies   [0x00000289d0026798,0x00000289d00267b8] = 32
 handler table  [0x00000289d00267b8,0x00000289d00267f8] = 64

[Constant Pool (empty)]

[MachCode]
[Entry Point]
  # {method} {0x00000289f2c8c6c0} 'run' '()V' in 'com/google/common/util/concurrent/InterruptibleTask'
  #           [sp+0x190]  (sp of caller)
  0x00000289d0022500: 448b 5208 | 49c1 e203 

  0x00000289d0022508: ;   {runtime_call ic_miss_stub}
  0x00000289d0022508: 4c3b d00f | 856f c493 | 0566 6666 | 0f1f 8400 | 0000 0000 | 6666 6690 
[Verified Entry Point]
  0x00000289d0022520: 8984 2400 | 80ff ff55 | 4881 ec80 | 0100 0090 | 4181 7f20 | 1900 0000 

  0x00000289d0022538: ;   {runtime_call StubRoutines (final stubs)}
  0x00000289d0022538: 7405 e841 | ab92 0548 | 8994 24e8 

  0x00000289d0022544: ;   {metadata(method data for {method} {0x00000289f2c8c6c0} 'run' '()V' in 'com/google/common/util/concurrent/InterruptibleTask')}
  0x00000289d0022544: 0000 0048 | b818 78e0 | f289 0200 | 008b b0cc | 0000 0083 | c602 89b0 | cc00 0000 | 81e6 fe07 
  0x00000289d0022564: 0000 85f6 | 0f84 7b2a 

  0x00000289d002256c: ;   {metadata(method data for {method} {0x00000289f2c8c6c0} 'run' '()V' in 'com/google/common/util/concurrent/InterruptibleTask')}
  0x00000289d002256c: 0000 48b8 | 1878 e0f2 | 8902 0000 | 4883 8010 | 0100 0001 | 498b 8780 | 0300 0048 | 8b30 4889 
  0x00000289d002258c: b424 f000 | 0000 488b 

  0x00000289d0022594: ;   {metadata(method data for {method} {0x00000289f2c8c6c0} 'run' '()V' in 'com/google/common/util/concurrent/InterruptibleTask')}
  0x00000289d0022594: c248 bf18 | 78e0 f289 | 0200 0048 | 8387 2001 

  0x00000289d00225a4: ;   {metadata(method data for {method} {0x00000289e47f0d30} 'compareAndSet' '(Ljava/lang/Object;Ljava/lang/Object;)Z' in 'java/util/concurrent/atomic/AtomicReference')}
  0x00000289d00225a4: 0000 0148 | b8b8 f18b | e689 0200 | 008b b8cc | 0000 0083 | c702 89b8 | cc00 0000 | 81e7 feff 
  0x00000289d00225c4: 1f00 85ff | 0f84 3c2a 

  0x00000289d00225cc: ;   {metadata(method data for {method} {0x00000289e47f0d30} 'compareAndSet' '(Ljava/lang/Object;Ljava/lang/Object;)Z' in 'java/util/concurrent/atomic/AtomicReference')}
  0x00000289d00225cc: 0000 48b8 | b8f1 8be6 | 8902 0000 | 488d 8048 | 0100 008b | 7a08 48c1 | e703 4c8b | d748 3378 
  0x00000289d00225ec: 0848 f7c7 | fcff ffff | 740b 40f6 | c702 7505 | 4883 4808 

  0x00000289d0022600: ;   {metadata(method data for {method} {0x00000289e47ff9d0} 'guard_LLL_Z' '(Ljava/lang/invoke/VarHandle;Ljava/lang/Object;Ljava/lang/Object;Ljava/lang/Object;Ljava/lang/invoke/VarHandle$AccessDescriptor;)Z' in 'java/lang/invoke/VarHandleGuards')}
  0x00000289d0022600: 0248 b850 | 4b3e e589 | 0200 0048 | 8d80 e003 

  0x00000289d0022610: ;   {oop(a 'java/lang/invoke/VarHandleReferences$FieldInstanceReadWrite'{0x0000000080527e18})}
  0x00000289d0022610: 0000 48bf | 187e 5280 | 0000 0000 | 4885 ff75 | 0af6 0001 | 7505 f048 

  0x00000289d0022628: ;   {metadata(method data for {method} {0x00000289e47f0d30} 'compareAndSet' '(Ljava/lang/Object;Ljava/lang/Object;)Z' in 'java/util/concurrent/atomic/AtomicReference')}
  0x00000289d0022628: 8308 0148 | b8b8 f18b | e689 0200 | 0048 8380 | 1001 0000 

  0x00000289d002263c: ;   {metadata(method data for {method} {0x00000289e47ff9d0} 'guard_LLL_Z' '(Ljava/lang/invoke/VarHandle;Ljava/lang/Object;Ljava/lang/Object;Ljava/lang/Object;Ljava/lang/invoke/VarHandle$AccessDescriptor;)Z' in 'java/lang/invoke/VarHandleGuards')}
  0x00000289d002263c: 0148 b850 | 4b3e e589 | 0200 008b | 98cc 0000 | 0083 c302 | 8998 cc00 | 0000 81e3 | feff 1f00 
  0x00000289d002265c: 85db 0f84 | c729 0000 

  0x00000289d0022664: ;   {metadata(method data for {method} {0x00000289e47ff9d0} 'guard_LLL_Z' '(Ljava/lang/invoke/VarHandle;Ljava/lang/Object;Ljava/lang/Object;Ljava/lang/Object;Ljava/lang/invoke/VarHandle$AccessDescriptor;)Z' in 'java/lang/invoke/VarHandleGuards')}
  0x00000289d0022664: 48b8 504b | 3ee5 8902 | 0000 488d | 8048 0100 

  0x00000289d0022674: ;   {oop(a 'java/lang/invoke/VarHandle$AccessDescriptor'{0x0000000080521b28})}
  0x00000289d0022674: 0048 bb28 | 1b52 8000 | 0000 0048 | 85db 750c | f640 0801 | 7506 f048 | 8348 0801 

  0x00000289d0022690: ;   {metadata(method data for {method} {0x00000289e47ff9d0} 'guard_LLL_Z' '(Ljava/lang/invoke/VarHandle;Ljava/lang/Object;Ljava/lang/Object;Ljava/lang/Object;Ljava/lang/invoke/VarHandle$AccessDescriptor;)Z' in 'java/lang/invoke/VarHandleGuards')}
  0x00000289d0022690: 48b8 504b | 3ee5 8902 | 0000 8b7f | 0848 c1e7 | 0348 3bb8 | 2001 0000 | 750d 4883 | 8028 0100 
  0x00000289d00226b0: 0001 e960 | 0000 0048 | 3bb8 3001 | 0000 750d | 4883 8038 | 0100 0001 | e94a 0000 | 0048 83b8 
  0x00000289d00226d0: 2001 0000 | 0075 1748 | 89b8 2001 | 0000 48c7 | 8028 0100 | 0001 0000 | 00e9 2900 | 0000 4883 
  0x00000289d00226f0: b830 0100 | 0000 7517 | 4889 b830 | 0100 0048 | c780 3801 | 0000 0100 | 0000 e908 | 0000 0048 
  0x00000289d0022710: 8380 1001 

  0x00000289d0022714: ;   {metadata(method data for {method} {0x00000289e409eec0} 'checkAccessModeThenIsDirect' '(Ljava/lang/invoke/VarHandle$AccessDescriptor;)Z' in 'java/lang/invoke/VarHandle')}
  0x00000289d0022714: 0000 0148 | b820 23be | e489 0200 | 008b b8cc | 0000 0083 | c702 89b8 | cc00 0000 | 81e7 feff 
  0x00000289d0022734: 1f00 85ff | 0f84 0e29 

  0x00000289d002273c: ;   {metadata(method data for {method} {0x00000289e409eec0} 'checkAccessModeThenIsDirect' '(Ljava/lang/invoke/VarHandle$AccessDescriptor;)Z' in 'java/lang/invoke/VarHandle')}
  0x00000289d002273c: 0000 48b8 | 2023 bee4 | 8902 0000 | ff80 1001 

  0x00000289d002274c: ;   {metadata(method data for {method} {0x00000289e47ff9d0} 'guard_LLL_Z' '(Ljava/lang/invoke/VarHandle;Ljava/lang/Object;Ljava/lang/Object;Ljava/lang/Object;Ljava/lang/invoke/VarHandle$AccessDescriptor;)Z' in 'java/lang/invoke/VarHandleGuards')}
  0x00000289d002274c: 0000 48b8 | 504b 3ee5 | 8902 0000 | ff80 7001 

  0x00000289d002275c: ;   {metadata(method data for {method} {0x00000289e47ff9d0} 'guard_LLL_Z' '(Ljava/lang/invoke/VarHandle;Ljava/lang/Object;Ljava/lang/Object;Ljava/lang/Object;Ljava/lang/invoke/VarHandle$AccessDescriptor;)Z' in 'java/lang/invoke/VarHandleGuards')}
  0x00000289d002275c: 0000 48b8 | 504b 3ee5 | 8902 0000 | ff80 9001 

  0x00000289d002276c: ;   {oop(a 'java/lang/invoke/VarForm'{0x000000008051f920})}
  0x00000289d002276c: 0000 48b8 | 20f9 5180 | 0000 0000 

  0x00000289d0022778: ;   {metadata(method data for {method} {0x00000289e47ff9d0} 'guard_LLL_Z' '(Ljava/lang/invoke/VarHandle;Ljava/lang/Object;Ljava/lang/Object;Ljava/lang/Object;Ljava/lang/invoke/VarHandle$AccessDescriptor;)Z' in 'java/lang/invoke/VarHandleGuards')}
  0x00000289d0022778: 48bf 504b | 3ee5 8902 | 0000 4883 | 87a0 0100 

  0x00000289d0022788: ;   {metadata(method data for {method} {0x00000289e4767b78} 'getMemberName' '(I)Ljava/lang/invoke/MemberName;' in 'java/lang/invoke/VarForm')}
  0x00000289d0022788: 0001 48b8 | 2825 bee4 | 8902 0000 | 8bb8 cc00 | 0000 83c7 | 0289 b8cc | 0000 0081 | e7fe ff1f 
  0x00000289d00227a8: 0085 ff0f | 84bc 2800 

  0x00000289d00227b0: ;   {metadata(method data for {method} {0x00000289e4767b78} 'getMemberName' '(I)Ljava/lang/invoke/MemberName;' in 'java/lang/invoke/VarForm')}
  0x00000289d00227b0: 0048 b828 | 25be e489 | 0200 00ff | 8010 0100 

  0x00000289d00227c0: ;   {metadata(method data for {method} {0x00000289e47ff9d0} 'guard_LLL_Z' '(Ljava/lang/invoke/VarHandle;Ljava/lang/Object;Ljava/lang/Object;Ljava/lang/Object;Ljava/lang/invoke/VarHandle$AccessDescriptor;)Z' in 'java/lang/invoke/VarHandleGuards')}
  0x00000289d00227c0: 0048 b850 | 4b3e e589 | 0200 0048 | 8d80 d801 

  0x00000289d00227d0: ;   {oop(a 'java/lang/invoke/MemberName'{0x000000008051fc28} = {method} {0x00000289e47fa898} 'compareAndSet' '(Ljava/lang/invoke/VarHandle;Ljava/lang/Object;Ljava/lang/Object;Ljava/lang/Object;)Z' in 'java/lang/invoke/VarHandleReferences$FieldInstanceReadWrite')}
  0x00000289d00227d0: 0000 48bf | 28fc 5180 | 0000 0000 | 4885 ff75 | 0af6 0001 | 7505 f048 

  0x00000289d00227e8: ;   {metadata(method data for {method} {0x00000289e47ff9d0} 'guard_LLL_Z' '(Ljava/lang/invoke/VarHandle;Ljava/lang/Object;Ljava/lang/Object;Ljava/lang/Object;Ljava/lang/invoke/VarHandle$AccessDescriptor;)Z' in 'java/lang/invoke/VarHandleGuards')}
  0x00000289d00227e8: 8308 0148 | b850 4b3e | e589 0200 | 0048 8d80 | f801 0000 

  0x00000289d00227fc: ;   {oop(a 'java/lang/invoke/VarHandleReferences$FieldInstanceReadWrite'{0x0000000080527e18})}
  0x00000289d00227fc: 48bf 187e | 5280 0000 | 0000 4885 | ff75 0cf6 | 4008 0175 | 06f0 4883 

  0x00000289d0022814: ;   {metadata(method data for {method} {0x00000289e47ff9d0} 'guard_LLL_Z' '(Ljava/lang/invoke/VarHandle;Ljava/lang/Object;Ljava/lang/Object;Ljava/lang/Object;Ljava/lang/invoke/VarHandle$AccessDescriptor;)Z' in 'java/lang/invoke/VarHandleGuards')}
  0x00000289d0022814: 4808 0148 | b850 4b3e | e589 0200 | 0048 8380 | e801 0000 

  0x00000289d0022828: ;   {metadata(method data for {method} {0x00000289e47fa898} 'compareAndSet' '(Ljava/lang/invoke/VarHandle;Ljava/lang/Object;Ljava/lang/Object;Ljava/lang/Object;)Z' in 'java/lang/invoke/VarHandleReferences$FieldInstanceReadWrite')}
  0x00000289d0022828: 0148 b868 | a43c e589 | 0200 008b | b8cc 0000 | 0083 c702 | 89b8 cc00 | 0000 81e7 | feff 1f00 
  0x00000289d0022848: 85ff 0f84 | 3e28 0000 

  0x00000289d0022850: ;   {oop(a 'java/lang/Class'{0x0000000080525298} = 'java/util/concurrent/atomic/AtomicReference')}
  0x00000289d0022850: 48b8 9852 | 5280 0000 

  0x00000289d0022858: ;   {metadata(method data for {method} {0x00000289e47fa898} 'compareAndSet' '(Ljava/lang/invoke/VarHandle;Ljava/lang/Object;Ljava/lang/Object;Ljava/lang/Object;)Z' in 'java/lang/invoke/VarHandleReferences$FieldInstanceReadWrite')}
  0x00000289d0022858: 0000 48bf | 68a4 3ce5 | 8902 0000 | 4883 8748 | 0100 0001 

  0x00000289d002286c: ;   {metadata(method data for {method} {0x00000289e401e470} 'cast' '(Ljava/lang/Object;)Ljava/lang/Object;' in 'java/lang/Class')}
  0x00000289d002286c: 48b8 5026 | 9ee4 8902 | 0000 8bb8 | cc00 0000 | 83c7 0289 | b8cc 0000 | 0081 e7fe | ff1f 0085 
  0x00000289d002288c: ff0f 841c 

  0x00000289d0022890: ;   {metadata(method data for {method} {0x00000289e401e470} 'cast' '(Ljava/lang/Object;)Ljava/lang/Object;' in 'java/lang/Class')}
  0x00000289d0022890: 2800 0048 | b850 269e | e489 0200 | 00ff 8020 

  0x00000289d00228a0: ;   {oop(a 'java/lang/Class'{0x0000000080525298} = 'java/util/concurrent/atomic/AtomicReference')}
  0x00000289d00228a0: 0100 0048 | b898 5252 | 8000 0000 

  0x00000289d00228ac: ;   {metadata(method data for {method} {0x00000289e401e470} 'cast' '(Ljava/lang/Object;)Ljava/lang/Object;' in 'java/lang/Class')}
  0x00000289d00228ac: 0048 bf50 | 269e e489 | 0200 0048 | 8387 3001 | 0000 0148 | 85d2 0f84 | 2000 0000 

  0x00000289d00228c8: ;   {metadata('java/util/concurrent/atomic/AtomicReference')}
  0x00000289d00228c8: 48b9 80ce | 0b00 0100 | 0000 8b5a | 0848 c1e3 | 0348 3b4b | 380f 8505 | 0000 00e9 | 0500 0000 
  0x00000289d00228e8: 4833 c0eb | 0748 c7c0 | 0100 0000 

  0x00000289d00228f4: ;   {metadata(method data for {method} {0x00000289e401e470} 'cast' '(Ljava/lang/Object;)Ljava/lang/Object;' in 'java/lang/Class')}
  0x00000289d00228f4: 85c0 48b8 | 5026 9ee4 | 8902 0000 | 48c7 c778 | 0100 0074 | 0748 c7c7 | 6801 0000 | 488b 1c38 
  0x00000289d0022914: 488d 5b01 | 4889 1c38 | 0f84 ef25 

  0x00000289d0022920: ;   {metadata(method data for {method} {0x00000289e47fa898} 'compareAndSet' '(Ljava/lang/invoke/VarHandle;Ljava/lang/Object;Ljava/lang/Object;Ljava/lang/Object;)Z' in 'java/lang/invoke/VarHandleReferences$FieldInstanceReadWrite')}
  0x00000289d0022920: 0000 48b8 | 68a4 3ce5 | 8902 0000 | 4883 8080 | 0100 0001 

  0x00000289d0022934: ;   {metadata(method data for {method} {0x00000289e4177978} 'requireNonNull' '(Ljava/lang/Object;)Ljava/lang/Object;' in 'java/util/Objects')}
  0x00000289d0022934: 48b8 88e1 | 33e4 8902 | 0000 8bb8 | cc00 0000 | 83c7 0289 | b8cc 0000 | 0081 e7fe | ff1f 0085 
  0x00000289d0022954: ff0f 8475 

  0x00000289d0022958: ;   {metadata(method data for {method} {0x00000289e4177978} 'requireNonNull' '(Ljava/lang/Object;)Ljava/lang/Object;' in 'java/util/Objects')}
  0x00000289d0022958: 2700 0048 | b888 e133 | e489 0200 | 00ff 8010 

  0x00000289d0022968: ;   {oop(a 'java/lang/Class'{0x0000000080586f60} = 'java/lang/Object')}
  0x00000289d0022968: 0100 0048 | b860 6f58 | 8000 0000 

  0x00000289d0022974: ;   {metadata(method data for {method} {0x00000289e47fa898} 'compareAndSet' '(Ljava/lang/invoke/VarHandle;Ljava/lang/Object;Ljava/lang/Object;Ljava/lang/Object;)Z' in 'java/lang/invoke/VarHandleReferences$FieldInstanceReadWrite')}
  0x00000289d0022974: 0048 bf68 | a43c e589 | 0200 0048 | 8387 9001 

  0x00000289d0022984: ;   {metadata(method data for {method} {0x00000289e401e470} 'cast' '(Ljava/lang/Object;)Ljava/lang/Object;' in 'java/lang/Class')}
  0x00000289d0022984: 0000 0148 | b850 269e | e489 0200 | 008b b8cc | 0000 0083 | c702 89b8 | cc00 0000 | 81e7 feff 
  0x00000289d00229a4: 1f00 85ff | 0f84 4327 

  0x00000289d00229ac: ;   {metadata(method data for {method} {0x00000289e401e470} 'cast' '(Ljava/lang/Object;)Ljava/lang/Object;' in 'java/lang/Class')}
  0x00000289d00229ac: 0000 48b8 | 5026 9ee4 | 8902 0000 | ff80 1001 

  0x00000289d00229bc: ;   {oop(a 'java/lang/Class'{0x0000000080586f60} = 'java/lang/Object')}
  0x00000289d00229bc: 0000 48b8 | 606f 5880 | 0000 0000 

  0x00000289d00229c8: ;   {metadata(method data for {method} {0x00000289e47fa898} 'compareAndSet' '(Ljava/lang/invoke/VarHandle;Ljava/lang/Object;Ljava/lang/Object;Ljava/lang/Object;)Z' in 'java/lang/invoke/VarHandleReferences$FieldInstanceReadWrite')}
  0x00000289d00229c8: 48bf 68a4 | 3ce5 8902 | 0000 4883 | 87c8 0100 

  0x00000289d00229d8: ;   {metadata(method data for {method} {0x00000289e401e470} 'cast' '(Ljava/lang/Object;)Ljava/lang/Object;' in 'java/lang/Class')}
  0x00000289d00229d8: 0001 48b8 | 5026 9ee4 | 8902 0000 | 8bb8 cc00 | 0000 83c7 | 0289 b8cc | 0000 0081 | e7fe ff1f 
  0x00000289d00229f8: 0085 ff0f | 8411 2700 | 0048 85f6 

  0x00000289d0022a04: ;   {metadata(method data for {method} {0x00000289e401e470} 'cast' '(Ljava/lang/Object;)Ljava/lang/Object;' in 'java/lang/Class')}
  0x00000289d0022a04: 48b8 5026 | 9ee4 8902 | 0000 48c7 | c710 0100 | 0074 0748 | c7c7 2001 | 0000 488b | 1c38 488d 
  0x00000289d0022a24: 5b01 4889 | 1c38 0f84 | 7f00 0000 

  0x00000289d0022a30: ;   {oop(a 'java/lang/Class'{0x0000000080586f60} = 'java/lang/Object')}
  0x00000289d0022a30: 48b8 606f | 5880 0000 

  0x00000289d0022a38: ;   {metadata(method data for {method} {0x00000289e401e470} 'cast' '(Ljava/lang/Object;)Ljava/lang/Object;' in 'java/lang/Class')}
  0x00000289d0022a38: 0000 48bf | 5026 9ee4 | 8902 0000 | 4883 8730 | 0100 0001 | 4885 f60f | 8420 0000 

  0x00000289d0022a54: ;   {metadata('java/lang/Object')}
  0x00000289d0022a54: 0048 b968 | 1304 0001 | 0000 008b | 5e08 48c1 | e303 483b | 4b30 0f85 | 0500 0000 | e905 0000 
  0x00000289d0022a74: 0048 33c0 | eb07 48c7 | c001 0000 

  0x00000289d0022a80: ;   {metadata(method data for {method} {0x00000289e401e470} 'cast' '(Ljava/lang/Object;)Ljava/lang/Object;' in 'java/lang/Class')}
  0x00000289d0022a80: 0085 c048 | b850 269e | e489 0200 | 0048 c7c7 | 7801 0000 | 7407 48c7 | c768 0100 | 0048 8b1c 
  0x00000289d0022aa0: 3848 8d5b | 0148 891c | 380f 848a | 2300 0048 | c7c0 0c00 | 0000 488d | 3c02 410f | be47 4085 
  0x00000289d0022ac0: c00f 856c 

  0x00000289d0022ac4: ;   {oop(nullptr)}
  0x00000289d0022ac4: 2600 0048 | b800 0000 | 0000 0000 | 004c 8bd6 | f044 0fb1 | 17bb 0100 | 0000 7405 | bb00 0000 
  0x00000289d0022ae4: 0048 8bc7 | 4833 c648 | c1e8 1448 | 83f8 000f | 8554 2600 | 0083 e301 | 83e3 0183 | e301 85db 
  0x00000289d0022b04: ;   {metadata(method data for {method} {0x00000289f2c8c6c0} 'run' '()V' in 'com/google/common/util/concurrent/InterruptibleTask')}
  0x00000289d0022b04: 48bf 1878 | e0f2 8902 | 0000 48c7 | c368 0100 | 0074 0748 | c7c3 5801 | 0000 488b | 041f 488d 
  0x00000289d0022b24: 4001 4889 | 041f 0f84 | 1b1a 0000 

  0x00000289d0022b30: ;   {metadata(method data for {method} {0x00000289f2c8c6c0} 'run' '()V' in 'com/google/common/util/concurrent/InterruptibleTask')}
  0x00000289d0022b30: 488b fa48 | bb18 78e0 | f289 0200 | 008b 7f08 | 48c1 e703 | 483b bb88 | 0100 0075 | 0d48 8383 
  0x00000289d0022b50: 9001 0000 | 01e9 6000 | 0000 483b | bb98 0100 | 0075 0d48 | 8383 a001 | 0000 01e9 | 4a00 0000 
  0x00000289d0022b70: 4883 bb88 | 0100 0000 | 7517 4889 | bb88 0100 | 0048 c783 | 9001 0000 | 0100 0000 | e929 0000 
  0x00000289d0022b90: 0048 83bb | 9801 0000 | 0075 1748 | 89bb 9801 | 0000 48c7 | 83a0 0100 | 0001 0000 | 00e9 0800 
  0x00000289d0022bb0: 0000 4883 | 8378 0100 | 0001 488b | fa48 8bd7 | 0f1f 4400 | 0048 b8ff | ffff ffff 

  0x00000289d0022bcc: ;   {virtual_call}
  0x00000289d0022bcc: ffff ffe8 

  0x00000289d0022bd0: ; ImmutableOopMap {[232]=Oop [240]=Oop }
                      ;*invokevirtual isDone {reexecute=0 rethrow=0 return_oop=0}
                      ; - com.google.common.util.concurrent.InterruptibleTask::run@15 (line 70)
  0x00000289d0022bd0: 4c94 9305 

  0x00000289d0022bd4: ;   {other}
  0x00000289d0022bd4: 0f1f 8400 | 440d 0000 

  0x00000289d0022bdc: ;   {metadata(method data for {method} {0x00000289f2c8c6c0} 'run' '()V' in 'com/google/common/util/concurrent/InterruptibleTask')}
  0x00000289d0022bdc: 85c0 48ba | 1878 e0f2 | 8902 0000 | 48c7 c6b0 | 0100 0075 | 0748 c7c6 | c001 0000 | 488b 3c32 
  0x00000289d0022bfc: 488d 7f01 | 4889 3c32 | 0f85 1a00 

  0x00000289d0022c08: ;   {metadata(method data for {method} {0x00000289f2c8c6c0} 'run' '()V' in 'com/google/common/util/concurrent/InterruptibleTask')}
  0x00000289d0022c08: 0000 48ba | 1878 e0f2 | 8902 0000 | ff82 d001 | 0000 be01 | 0000 00e9 | 0500 0000 | be00 0000 
  0x00000289d0022c28: ;   {metadata(method data for {method} {0x00000289f2c8c6c0} 'run' '()V' in 'com/google/common/util/concurrent/InterruptibleTask')}
  0x00000289d0022c28: 0085 f648 | ba18 78e0 | f289 0200 | 0048 c7c7 | f801 0000 | 7507 48c7 | c7e8 0100 | 0048 8b1c 
  0x00000289d0022c48: 3a48 8d5b | 0148 891c | 3a0f 8516 

  0x00000289d0022c54: ;   {oop(nullptr)}
  0x00000289d0022c54: 0000 0048 | bf00 0000 | 0000 0000 | 0089 b424 | f800 0000 | e9ba 0000 | 0089 b424 | f800 0000 
  0x00000289d0022c74: 488b 9424 | e800 0000 

  0x00000289d0022c7c: ;   {metadata(method data for {method} {0x00000289f2c8c6c0} 'run' '()V' in 'com/google/common/util/concurrent/InterruptibleTask')}
  0x00000289d0022c7c: 48bf 1878 | e0f2 8902 | 0000 8b52 | 0848 c1e2 | 0348 3b97 | 1802 0000 | 750d 4883 | 8720 0200 
  0x00000289d0022c9c: 0001 e960 | 0000 0048 | 3b97 2802 | 0000 750d | 4883 8730 | 0200 0001 | e94a 0000 | 0048 83bf 
  0x00000289d0022cbc: 1802 0000 | 0075 1748 | 8997 1802 | 0000 48c7 | 8720 0200 | 0001 0000 | 00e9 2900 | 0000 4883 
  0x00000289d0022cdc: bf28 0200 | 0000 7517 | 4889 9728 | 0200 0048 | c787 3002 | 0000 0100 | 0000 e908 | 0000 0048 
  0x00000289d0022cfc: 8387 0802 | 0000 0148 | 8b94 24e8 | 0000 0066 | 9048 b8ff | ffff ffff 

  0x00000289d0022d14: ;   {virtual_call}
  0x00000289d0022d14: ffff ffe8 

  0x00000289d0022d18: ; ImmutableOopMap {[232]=Oop [240]=Oop }
                      ;*invokevirtual runInterruptibly {reexecute=0 rethrow=0 return_oop=0}
                      ; - com.google.common.util.concurrent.InterruptibleTask::run@37 (line 75)
  0x00000289d0022d18: 4493 9305 

  0x00000289d0022d1c: ;   {other}
  0x00000289d0022d1c: 0f1f 8400 | 8c0e 0001 | 488b f848 | 8b94 24e8 | 0000 0048 

  0x00000289d0022d30: ;   {metadata(method data for {method} {0x00000289f2c8c6c0} 'run' '()V' in 'com/google/common/util/concurrent/InterruptibleTask')}
  0x00000289d0022d30: 8bc2 49b8 | 1878 e0f2 | 8902 0000 | 4983 8040 | 0200 0001 

  0x00000289d0022d44: ;   {metadata(method data for {method} {0x00000289e47f0d30} 'compareAndSet' '(Ljava/lang/Object;Ljava/lang/Object;)Z' in 'java/util/concurrent/atomic/AtomicReference')}
  0x00000289d0022d44: 48b8 b8f1 | 8be6 8902 | 0000 448b | 80cc 0000 | 0041 83c0 | 0244 8980 | cc00 0000 | 4181 e0fe 
  0x00000289d0022d64: ff1f 0045 | 85c0 0f84 | f523 0000 

  0x00000289d0022d70: ;   {metadata(method data for {method} {0x00000289e47f0d30} 'compareAndSet' '(Ljava/lang/Object;Ljava/lang/Object;)Z' in 'java/util/concurrent/atomic/AtomicReference')}
  0x00000289d0022d70: 48b8 b8f1 | 8be6 8902 | 0000 488d | 8048 0100 | 0044 8b42 | 0849 c1e0 | 034d 8bd0 | 4c33 4008 
  0x00000289d0022d90: 49f7 c0fc | ffff ff74 | 0b41 f6c0 | 0275 0548 | 8348 0802 

  0x00000289d0022da4: ;   {metadata(method data for {method} {0x00000289e47ff9d0} 'guard_LLL_Z' '(Ljava/lang/invoke/VarHandle;Ljava/lang/Object;Ljava/lang/Object;Ljava/lang/Object;Ljava/lang/invoke/VarHandle$AccessDescriptor;)Z' in 'java/lang/invoke/VarHandleGuards')}
  0x00000289d0022da4: 48b8 504b | 3ee5 8902 | 0000 488d | 80e0 0300 

  0x00000289d0022db4: ;   {oop(a 'java/lang/invoke/VarHandleReferences$FieldInstanceReadWrite'{0x0000000080527e18})}
  0x00000289d0022db4: 0049 b818 | 7e52 8000 | 0000 004d | 85c0 750a | f600 0175 | 05f0 4883 

  0x00000289d0022dcc: ;   {metadata(method data for {method} {0x00000289e47f0d30} 'compareAndSet' '(Ljava/lang/Object;Ljava/lang/Object;)Z' in 'java/util/concurrent/atomic/AtomicReference')}
  0x00000289d0022dcc: 0801 48b8 | b8f1 8be6 | 8902 0000 | 4883 8010 | 0100 0001 

  0x00000289d0022de0: ;   {metadata(method data for {method} {0x00000289e47ff9d0} 'guard_LLL_Z' '(Ljava/lang/invoke/VarHandle;Ljava/lang/Object;Ljava/lang/Object;Ljava/lang/Object;Ljava/lang/invoke/VarHandle$AccessDescriptor;)Z' in 'java/lang/invoke/VarHandleGuards')}
  0x00000289d0022de0: 48b8 504b | 3ee5 8902 | 0000 8bb0 | cc00 0000 | 83c6 0289 | b0cc 0000 | 0081 e6fe | ff1f 0085 
  0x00000289d0022e00: f60f 847f 

  0x00000289d0022e04: ;   {metadata(method data for {method} {0x00000289e47ff9d0} 'guard_LLL_Z' '(Ljava/lang/invoke/VarHandle;Ljava/lang/Object;Ljava/lang/Object;Ljava/lang/Object;Ljava/lang/invoke/VarHandle$AccessDescriptor;)Z' in 'java/lang/invoke/VarHandleGuards')}
  0x00000289d0022e04: 2300 0048 | b850 4b3e | e589 0200 | 0048 8d80 | 4801 0000 

  0x00000289d0022e18: ;   {oop(a 'java/lang/invoke/VarHandle$AccessDescriptor'{0x0000000080521b28})}
  0x00000289d0022e18: 48be 281b | 5280 0000 | 0000 4885 | f675 0cf6 | 4008 0175 | 06f0 4883 

  0x00000289d0022e30: ;   {metadata(method data for {method} {0x00000289e47ff9d0} 'guard_LLL_Z' '(Ljava/lang/invoke/VarHandle;Ljava/lang/Object;Ljava/lang/Object;Ljava/lang/Object;Ljava/lang/invoke/VarHandle$AccessDescriptor;)Z' in 'java/lang/invoke/VarHandleGuards')}
  0x00000289d0022e30: 4808 0148 | b850 4b3e | e589 0200 | 0045 8b40 | 0849 c1e0 | 034c 3b80 | 2001 0000 | 750d 4883 
  0x00000289d0022e50: 8028 0100 | 0001 e960 | 0000 004c | 3b80 3001 | 0000 750d | 4883 8038 | 0100 0001 | e94a 0000 
  0x00000289d0022e70: 0048 83b8 | 2001 0000 | 0075 174c | 8980 2001 | 0000 48c7 | 8028 0100 | 0001 0000 | 00e9 2900 
  0x00000289d0022e90: 0000 4883 | b830 0100 | 0000 7517 | 4c89 8030 | 0100 0048 | c780 3801 | 0000 0100 | 0000 e908 
  0x00000289d0022eb0: 0000 0048 | 8380 1001 

  0x00000289d0022eb8: ;   {metadata(method data for {method} {0x00000289e409eec0} 'checkAccessModeThenIsDirect' '(Ljava/lang/invoke/VarHandle$AccessDescriptor;)Z' in 'java/lang/invoke/VarHandle')}
  0x00000289d0022eb8: 0000 0148 | b820 23be | e489 0200 | 0044 8b80 | cc00 0000 | 4183 c002 | 4489 80cc | 0000 0041 
  0x00000289d0022ed8: 81e0 feff | 1f00 4585 | c00f 84c0 

  0x00000289d0022ee4: ;   {metadata(method data for {method} {0x00000289e409eec0} 'checkAccessModeThenIsDirect' '(Ljava/lang/invoke/VarHandle$AccessDescriptor;)Z' in 'java/lang/invoke/VarHandle')}
  0x00000289d0022ee4: 2200 0048 | b820 23be | e489 0200 | 00ff 8010 

  0x00000289d0022ef4: ;   {metadata(method data for {method} {0x00000289e47ff9d0} 'guard_LLL_Z' '(Ljava/lang/invoke/VarHandle;Ljava/lang/Object;Ljava/lang/Object;Ljava/lang/Object;Ljava/lang/invoke/VarHandle$AccessDescriptor;)Z' in 'java/lang/invoke/VarHandleGuards')}
  0x00000289d0022ef4: 0100 0048 | b850 4b3e | e589 0200 | 00ff 8070 

  0x00000289d0022f04: ;   {metadata(method data for {method} {0x00000289e47ff9d0} 'guard_LLL_Z' '(Ljava/lang/invoke/VarHandle;Ljava/lang/Object;Ljava/lang/Object;Ljava/lang/Object;Ljava/lang/invoke/VarHandle$AccessDescriptor;)Z' in 'java/lang/invoke/VarHandleGuards')}
  0x00000289d0022f04: 0100 0048 | b850 4b3e | e589 0200 | 00ff 8090 

  0x00000289d0022f14: ;   {oop(a 'java/lang/invoke/VarForm'{0x000000008051f920})}
  0x00000289d0022f14: 0100 0048 | b820 f951 | 8000 0000 

  0x00000289d0022f20: ;   {metadata(method data for {method} {0x00000289e47ff9d0} 'guard_LLL_Z' '(Ljava/lang/invoke/VarHandle;Ljava/lang/Object;Ljava/lang/Object;Ljava/lang/Object;Ljava/lang/invoke/VarHandle$AccessDescriptor;)Z' in 'java/lang/invoke/VarHandleGuards')}
  0x00000289d0022f20: 0049 b850 | 4b3e e589 | 0200 0049 | 8380 a001 

  0x00000289d0022f30: ;   {metadata(method data for {method} {0x00000289e4767b78} 'getMemberName' '(I)Ljava/lang/invoke/MemberName;' in 'java/lang/invoke/VarForm')}
  0x00000289d0022f30: 0000 0148 | b828 25be | e489 0200 | 0044 8b80 | cc00 0000 | 4183 c002 | 4489 80cc | 0000 0041 
  0x00000289d0022f50: 81e0 feff | 1f00 4585 | c00f 8469 

  0x00000289d0022f5c: ;   {metadata(method data for {method} {0x00000289e4767b78} 'getMemberName' '(I)Ljava/lang/invoke/MemberName;' in 'java/lang/invoke/VarForm')}
  0x00000289d0022f5c: 2200 0048 | b828 25be | e489 0200 | 00ff 8010 

  0x00000289d0022f6c: ;   {metadata(method data for {method} {0x00000289e47ff9d0} 'guard_LLL_Z' '(Ljava/lang/invoke/VarHandle;Ljava/lang/Object;Ljava/lang/Object;Ljava/lang/Object;Ljava/lang/invoke/VarHandle$AccessDescriptor;)Z' in 'java/lang/invoke/VarHandleGuards')}
  0x00000289d0022f6c: 0100 0048 | b850 4b3e | e589 0200 | 0048 8d80 | d801 0000 

  0x00000289d0022f80: ;   {oop(a 'java/lang/invoke/MemberName'{0x000000008051fc28} = {method} {0x00000289e47fa898} 'compareAndSet' '(Ljava/lang/invoke/VarHandle;Ljava/lang/Object;Ljava/lang/Object;Ljava/lang/Object;)Z' in 'java/lang/invoke/VarHandleReferences$FieldInstanceReadWrite')}
  0x00000289d0022f80: 49b8 28fc | 5180 0000 | 0000 4d85 | c075 0af6 | 0001 7505 | f048 8308 

  0x00000289d0022f98: ;   {metadata(method data for {method} {0x00000289e47ff9d0} 'guard_LLL_Z' '(Ljava/lang/invoke/VarHandle;Ljava/lang/Object;Ljava/lang/Object;Ljava/lang/Object;Ljava/lang/invoke/VarHandle$AccessDescriptor;)Z' in 'java/lang/invoke/VarHandleGuards')}
  0x00000289d0022f98: 0148 b850 | 4b3e e589 | 0200 0048 | 8d80 f801 

  0x00000289d0022fa8: ;   {oop(a 'java/lang/invoke/VarHandleReferences$FieldInstanceReadWrite'{0x0000000080527e18})}
  0x00000289d0022fa8: 0000 49b8 | 187e 5280 | 0000 0000 | 4d85 c075 | 0cf6 4008 | 0175 06f0 | 4883 4808 

  0x00000289d0022fc4: ;   {metadata(method data for {method} {0x00000289e47ff9d0} 'guard_LLL_Z' '(Ljava/lang/invoke/VarHandle;Ljava/lang/Object;Ljava/lang/Object;Ljava/lang/Object;Ljava/lang/invoke/VarHandle$AccessDescriptor;)Z' in 'java/lang/invoke/VarHandleGuards')}
  0x00000289d0022fc4: 0148 b850 | 4b3e e589 | 0200 0048 | 8380 e801 

  0x00000289d0022fd4: ;   {metadata(method data for {method} {0x00000289e47fa898} 'compareAndSet' '(Ljava/lang/invoke/VarHandle;Ljava/lang/Object;Ljava/lang/Object;Ljava/lang/Object;)Z' in 'java/lang/invoke/VarHandleReferences$FieldInstanceReadWrite')}
  0x00000289d0022fd4: 0000 0148 | b868 a43c | e589 0200 | 0044 8b80 | cc00 0000 | 4183 c002 | 4489 80cc | 0000 0041 
  0x00000289d0022ff4: 81e0 feff | 1f00 4585 | c00f 84e6 

  0x00000289d0023000: ;   {oop(a 'java/lang/Class'{0x0000000080525298} = 'java/util/concurrent/atomic/AtomicReference')}
  0x00000289d0023000: 2100 0048 | b898 5252 | 8000 0000 

  0x00000289d002300c: ;   {metadata(method data for {method} {0x00000289e47fa898} 'compareAndSet' '(Ljava/lang/invoke/VarHandle;Ljava/lang/Object;Ljava/lang/Object;Ljava/lang/Object;)Z' in 'java/lang/invoke/VarHandleReferences$FieldInstanceReadWrite')}
  0x00000289d002300c: 0049 b868 | a43c e589 | 0200 0049 | 8380 4801 

  0x00000289d002301c: ;   {metadata(method data for {method} {0x00000289e401e470} 'cast' '(Ljava/lang/Object;)Ljava/lang/Object;' in 'java/lang/Class')}
  0x00000289d002301c: 0000 0148 | b850 269e | e489 0200 | 0044 8b80 | cc00 0000 | 4183 c002 | 4489 80cc | 0000 0041 
  0x00000289d002303c: 81e0 feff | 1f00 4585 | c00f 84bf 

  0x00000289d0023048: ;   {metadata(method data for {method} {0x00000289e401e470} 'cast' '(Ljava/lang/Object;)Ljava/lang/Object;' in 'java/lang/Class')}
  0x00000289d0023048: 2100 0048 | b850 269e | e489 0200 | 00ff 8020 

  0x00000289d0023058: ;   {oop(a 'java/lang/Class'{0x0000000080525298} = 'java/util/concurrent/atomic/AtomicReference')}
  0x00000289d0023058: 0100 0048 | b898 5252 | 8000 0000 

  0x00000289d0023064: ;   {metadata(method data for {method} {0x00000289e401e470} 'cast' '(Ljava/lang/Object;)Ljava/lang/Object;' in 'java/lang/Class')}
  0x00000289d0023064: 0049 b850 | 269e e489 | 0200 0049 | 8380 3001 | 0000 0148 | 85d2 0f84 | 2000 0000 

  0x00000289d0023080: ;   {metadata('java/util/concurrent/atomic/AtomicReference')}
  0x00000289d0023080: 48bb 80ce | 0b00 0100 | 0000 8b72 | 0848 c1e6 | 0348 3b5e | 380f 8505 | 0000 00e9 | 0500 0000 
  0x00000289d00230a0: 4833 c0eb | 0748 c7c0 | 0100 0000 

  0x00000289d00230ac: ;   {metadata(method data for {method} {0x00000289e401e470} 'cast' '(Ljava/lang/Object;)Ljava/lang/Object;' in 'java/lang/Class')}
  0x00000289d00230ac: 85c0 48b8 | 5026 9ee4 | 8902 0000 | 49c7 c078 | 0100 0074 | 0749 c7c0 | 6801 0000 | 4a8b 3400 
  0x00000289d00230cc: 488d 7601 | 4a89 3400 | 0f84 7f1c 

  0x00000289d00230d8: ;   {metadata(method data for {method} {0x00000289e47fa898} 'compareAndSet' '(Ljava/lang/invoke/VarHandle;Ljava/lang/Object;Ljava/lang/Object;Ljava/lang/Object;)Z' in 'java/lang/invoke/VarHandleReferences$FieldInstanceReadWrite')}
  0x00000289d00230d8: 0000 48b8 | 68a4 3ce5 | 8902 0000 | 4883 8080 | 0100 0001 

  0x00000289d00230ec: ;   {metadata(method data for {method} {0x00000289e4177978} 'requireNonNull' '(Ljava/lang/Object;)Ljava/lang/Object;' in 'java/util/Objects')}
  0x00000289d00230ec: 48b8 88e1 | 33e4 8902 | 0000 448b | 80cc 0000 | 0041 83c0 | 0244 8980 | cc00 0000 | 4181 e0fe 
  0x00000289d002310c: ff1f 0045 | 85c0 0f84 | 1321 0000 

  0x00000289d0023118: ;   {metadata(method data for {method} {0x00000289e4177978} 'requireNonNull' '(Ljava/lang/Object;)Ljava/lang/Object;' in 'java/util/Objects')}
  0x00000289d0023118: 48b8 88e1 | 33e4 8902 | 0000 ff80 | 1001 0000 | 488b b424 | f000 0000 

  0x00000289d0023130: ;   {oop(a 'java/lang/Class'{0x0000000080586f60} = 'java/lang/Object')}
  0x00000289d0023130: 48b8 606f | 5880 0000 

  0x00000289d0023138: ;   {metadata(method data for {method} {0x00000289e47fa898} 'compareAndSet' '(Ljava/lang/invoke/VarHandle;Ljava/lang/Object;Ljava/lang/Object;Ljava/lang/Object;)Z' in 'java/lang/invoke/VarHandleReferences$FieldInstanceReadWrite')}
  0x00000289d0023138: 0000 49b8 | 68a4 3ce5 | 8902 0000 | 4983 8090 | 0100 0001 

  0x00000289d002314c: ;   {metadata(method data for {method} {0x00000289e401e470} 'cast' '(Ljava/lang/Object;)Ljava/lang/Object;' in 'java/lang/Class')}
  0x00000289d002314c: 48b8 5026 | 9ee4 8902 | 0000 448b | 80cc 0000 | 0041 83c0 | 0244 8980 | cc00 0000 | 4181 e0fe 
  0x00000289d002316c: ff1f 0045 | 85c0 0f84 | d420 0000 

  0x00000289d0023178: ;   {metadata(method data for {method} {0x00000289e401e470} 'cast' '(Ljava/lang/Object;)Ljava/lang/Object;' in 'java/lang/Class')}
  0x00000289d0023178: 4885 f648 | b850 269e | e489 0200 | 0049 c7c0 | 1001 0000 | 7407 49c7 | c020 0100 | 004a 8b1c 
  0x00000289d0023198: 0048 8d5b | 014a 891c | 000f 847f 

  0x00000289d00231a4: ;   {oop(a 'java/lang/Class'{0x0000000080586f60} = 'java/lang/Object')}
  0x00000289d00231a4: 0000 0048 | b860 6f58 | 8000 0000 

  0x00000289d00231b0: ;   {metadata(method data for {method} {0x00000289e401e470} 'cast' '(Ljava/lang/Object;)Ljava/lang/Object;' in 'java/lang/Class')}
  0x00000289d00231b0: 0049 b850 | 269e e489 | 0200 0049 | 8380 3001 | 0000 0148 | 85f6 0f84 | 2000 0000 

  0x00000289d00231cc: ;   {metadata('java/lang/Object')}
  0x00000289d00231cc: 48b9 6813 | 0400 0100 | 0000 8b5e | 0848 c1e3 | 0348 3b4b | 300f 8505 | 0000 00e9 | 0500 0000 
  0x00000289d00231ec: 4833 c0eb | 0748 c7c0 | 0100 0000 

  0x00000289d00231f8: ;   {metadata(method data for {method} {0x00000289e401e470} 'cast' '(Ljava/lang/Object;)Ljava/lang/Object;' in 'java/lang/Class')}
  0x00000289d00231f8: 85c0 48b8 | 5026 9ee4 | 8902 0000 | 49c7 c078 | 0100 0074 | 0749 c7c0 | 6801 0000 | 4a8b 1c00 
  0x00000289d0023218: 488d 5b01 | 4a89 1c00 | 0f84 531a 

  0x00000289d0023224: ;   {oop(a 'java/lang/Class'{0x0000000080586f60} = 'java/lang/Object')}
  0x00000289d0023224: 0000 48b8 | 606f 5880 | 0000 0000 

  0x00000289d0023230: ;   {metadata(method data for {method} {0x00000289e47fa898} 'compareAndSet' '(Ljava/lang/invoke/VarHandle;Ljava/lang/Object;Ljava/lang/Object;Ljava/lang/Object;)Z' in 'java/lang/invoke/VarHandleReferences$FieldInstanceReadWrite')}
  0x00000289d0023230: 49b8 68a4 | 3ce5 8902 | 0000 4983 | 80c8 0100 

  0x00000289d0023240: ;   {metadata(method data for {method} {0x00000289e401e470} 'cast' '(Ljava/lang/Object;)Ljava/lang/Object;' in 'java/lang/Class')}
  0x00000289d0023240: 0001 48b8 | 5026 9ee4 | 8902 0000 | 448b 80cc | 0000 0041 | 83c0 0244 | 8980 cc00 | 0000 4181 
  0x00000289d0023260: e0fe ff1f | 0045 85c0 | 0f84 ff1f 

  0x00000289d002326c: ;   {metadata(method data for {method} {0x00000289e401e470} 'cast' '(Ljava/lang/Object;)Ljava/lang/Object;' in 'java/lang/Class')}
  0x00000289d002326c: 0000 48b8 | 5026 9ee4 | 8902 0000 | ff80 2001 

  0x00000289d002327c: ;   {oop(a 'java/lang/Class'{0x0000000080586f60} = 'java/lang/Object')}
  0x00000289d002327c: 0000 48b8 | 606f 5880 | 0000 0000 

  0x00000289d0023288: ;   {metadata(method data for {method} {0x00000289e401e470} 'cast' '(Ljava/lang/Object;)Ljava/lang/Object;' in 'java/lang/Class')}
  0x00000289d0023288: 49b8 5026 | 9ee4 8902 | 0000 4983 | 8030 0100 

  0x00000289d0023298: ;   {oop(a 'com/google/common/util/concurrent/InterruptibleTask$DoNothingRunnable'{0x0000000087dc2940})}
  0x00000289d0023298: 0001 48b8 | 4029 dc87 | 0000 0000 | 4885 c00f | 8420 0000 

  0x00000289d00232ac: ;   {metadata('java/lang/Object')}
  0x00000289d00232ac: 0048 b968 | 1304 0001 | 0000 008b | 5808 48c1 | e303 483b | 4b30 0f85 | 0500 0000 | e905 0000 
  0x00000289d00232cc: 0048 33c0 | eb07 48c7 | c001 0000 

  0x00000289d00232d8: ;   {metadata(method data for {method} {0x00000289e401e470} 'cast' '(Ljava/lang/Object;)Ljava/lang/Object;' in 'java/lang/Class')}
  0x00000289d00232d8: 0085 c048 | b850 269e | e489 0200 | 0049 c7c0 | 7801 0000 | 7407 49c7 | c068 0100 | 004a 8b1c 
  0x00000289d00232f8: 0048 8d5b | 014a 891c | 000f 848a | 1800 0048 | c7c0 0c00 

  0x00000289d002330c: ;   {oop(a 'com/google/common/util/concurrent/InterruptibleTask$DoNothingRunnable'{0x0000000087dc2940})}
  0x00000289d002330c: 0000 49b8 | 4029 dc87 | 0000 0000 | 488d 1c02 | 410f be47 | 4085 c00f | 8565 1f00 | 0048 8bc6 
  0x00000289d002332c: 4d8b d0f0 | 440f b113 | b801 0000 | 0074 05b8 | 0000 0000 | 488b cb49 | 33c8 48c1 | e914 4883 
  0x00000289d002334c: f900 0f85 | 541f 0000 | 83e0 0183 | e001 83e0 

  0x00000289d002335c: ;   {metadata(method data for {method} {0x00000289f2c8c6c0} 'run' '()V' in 'com/google/common/util/concurrent/InterruptibleTask')}
  0x00000289d002335c: 0185 c049 | b818 78e0 | f289 0200 | 0048 c7c3 | 7802 0000 | 7507 48c7 | c388 0200 | 0049 8b04 
  0x00000289d002337c: 1848 8d40 | 0149 8904 | 1848 89bc | 2400 0100 | 000f 8531 | 0000 004c 

  0x00000289d0023394: ;   {metadata(method data for {method} {0x00000289f2c8c6c0} 'run' '()V' in 'com/google/common/util/concurrent/InterruptibleTask')}
  0x00000289d0023394: 8bc2 48bb | 1878 e0f2 | 8902 0000 | 4883 8398 | 0200 0001 | 4c8b c648 | 8bf2 488b | d666 0f1f 
  0x00000289d00233b4: ;   {optimized virtual_call}
  0x00000289d00233b4: 4400 00e8 

  0x00000289d00233b8: ; ImmutableOopMap {[232]=Oop [256]=Oop }
                      ;*invokespecial waitForInterrupt {reexecute=0 rethrow=0 return_oop=0}
                      ; - com.google.common.util.concurrent.InterruptibleTask::run@54 (line 83)
  0x00000289d00233b8: c4ba 9305 

  0x00000289d00233bc: ;   {other}
  0x00000289d00233bc: 0f1f 8400 | 2c15 0002 | 8bb4 24f8 | 0000 0085 

  0x00000289d00233cc: ;   {metadata(method data for {method} {0x00000289f2c8c6c0} 'run' '()V' in 'com/google/common/util/concurrent/InterruptibleTask')}
  0x00000289d00233cc: f648 b818 | 78e0 f289 | 0200 0048 | c7c2 a802 | 0000 7407 | 48c7 c2b8 | 0200 0048 | 8b34 1048 
  0x00000289d00233ec: 8d76 0148 | 8934 100f | 843c 1100 

  0x00000289d00233f8: ;   {metadata(method data for {method} {0x00000289f2c8c6c0} 'run' '()V' in 'com/google/common/util/concurrent/InterruptibleTask')}
  0x00000289d00233f8: 0048 b818 | 78e0 f289 | 0200 00ff | 80d8 0200 | 00e9 2510 | 0000 498b | 87f8 0400 | 004d 33d2 
  0x00000289d0023418: 4d89 97f8 | 0400 004d | 33d2 4d89 | 9700 0500 | 0048 8984 | 2408 0100 | 0048 8bd0 

  0x00000289d0023434: ;   {static_call}
  0x00000289d0023434: 6666 90e8 

  0x00000289d0023438: ; ImmutableOopMap {[232]=Oop [240]=Oop [264]=Oop }
                      ;*invokestatic restoreInterruptIfIsInterruptedException {reexecute=0 rethrow=0 return_oop=0}
                      ; - com.google.common.util.concurrent.InterruptibleTask::run@90 (line 78)
  0x00000289d0023438: 44c4 9305 

  0x00000289d002343c: ;   {other}
  0x00000289d002343c: 0f1f 8400 | ac15 0003 | 488b 9424 | e800 0000 

  0x00000289d002344c: ;   {metadata(method data for {method} {0x00000289f2c8c6c0} 'run' '()V' in 'com/google/common/util/concurrent/InterruptibleTask')}
  0x00000289d002344c: 488b c249 | b818 78e0 | f289 0200 | 0049 8380 | a803 0000 

  0x00000289d0023460: ;   {metadata(method data for {method} {0x00000289e47f0d30} 'compareAndSet' '(Ljava/lang/Object;Ljava/lang/Object;)Z' in 'java/util/concurrent/atomic/AtomicReference')}
  0x00000289d0023460: 0148 b8b8 | f18b e689 | 0200 0044 | 8b80 cc00 | 0000 4183 | c002 4489 | 80cc 0000 | 0041 81e0 
  0x00000289d0023480: feff 1f00 | 4585 c00f | 8433 1e00 

  0x00000289d002348c: ;   {metadata(method data for {method} {0x00000289e47f0d30} 'compareAndSet' '(Ljava/lang/Object;Ljava/lang/Object;)Z' in 'java/util/concurrent/atomic/AtomicReference')}
  0x00000289d002348c: 0048 b8b8 | f18b e689 | 0200 0048 | 8d80 4801 | 0000 448b | 4208 49c1 | e003 4d8b | d04c 3340 
  0x00000289d00234ac: 0849 f7c0 | fcff ffff | 740b 41f6 | c002 7505 | 4883 4808 

  0x00000289d00234c0: ;   {metadata(method data for {method} {0x00000289e47ff9d0} 'guard_LLL_Z' '(Ljava/lang/invoke/VarHandle;Ljava/lang/Object;Ljava/lang/Object;Ljava/lang/Object;Ljava/lang/invoke/VarHandle$AccessDescriptor;)Z' in 'java/lang/invoke/VarHandleGuards')}
  0x00000289d00234c0: 0248 b850 | 4b3e e589 | 0200 0048 | 8d80 e003 

  0x00000289d00234d0: ;   {oop(a 'java/lang/invoke/VarHandleReferences$FieldInstanceReadWrite'{0x0000000080527e18})}
  0x00000289d00234d0: 0000 49b8 | 187e 5280 | 0000 0000 | 4d85 c075 | 0af6 0001 | 7505 f048 

  0x00000289d00234e8: ;   {metadata(method data for {method} {0x00000289e47f0d30} 'compareAndSet' '(Ljava/lang/Object;Ljava/lang/Object;)Z' in 'java/util/concurrent/atomic/AtomicReference')}
  0x00000289d00234e8: 8308 0148 | b8b8 f18b | e689 0200 | 0048 8380 | 1001 0000 

  0x00000289d00234fc: ;   {metadata(method data for {method} {0x00000289e47ff9d0} 'guard_LLL_Z' '(Ljava/lang/invoke/VarHandle;Ljava/lang/Object;Ljava/lang/Object;Ljava/lang/Object;Ljava/lang/invoke/VarHandle$AccessDescriptor;)Z' in 'java/lang/invoke/VarHandleGuards')}
  0x00000289d00234fc: 0148 b850 | 4b3e e589 | 0200 008b | b0cc 0000 | 0083 c602 | 89b0 cc00 | 0000 81e6 | feff 1f00 
  0x00000289d002351c: 85f6 0f84 | bd1d 0000 

  0x00000289d0023524: ;   {metadata(method data for {method} {0x00000289e47ff9d0} 'guard_LLL_Z' '(Ljava/lang/invoke/VarHandle;Ljava/lang/Object;Ljava/lang/Object;Ljava/lang/Object;Ljava/lang/invoke/VarHandle$AccessDescriptor;)Z' in 'java/lang/invoke/VarHandleGuards')}
  0x00000289d0023524: 48b8 504b | 3ee5 8902 | 0000 488d | 8048 0100 

  0x00000289d0023534: ;   {oop(a 'java/lang/invoke/VarHandle$AccessDescriptor'{0x0000000080521b28})}
  0x00000289d0023534: 0048 be28 | 1b52 8000 | 0000 0048 | 85f6 750c | f640 0801 | 7506 f048 | 8348 0801 

  0x00000289d0023550: ;   {metadata(method data for {method} {0x00000289e47ff9d0} 'guard_LLL_Z' '(Ljava/lang/invoke/VarHandle;Ljava/lang/Object;Ljava/lang/Object;Ljava/lang/Object;Ljava/lang/invoke/VarHandle$AccessDescriptor;)Z' in 'java/lang/invoke/VarHandleGuards')}
  0x00000289d0023550: 48b8 504b | 3ee5 8902 | 0000 458b | 4008 49c1 | e003 4c3b | 8020 0100 | 0075 0d48 | 8380 2801 
  0x00000289d0023570: 0000 01e9 | 6000 0000 | 4c3b 8030 | 0100 0075 | 0d48 8380 | 3801 0000 | 01e9 4a00 | 0000 4883 
  0x00000289d0023590: b820 0100 | 0000 7517 | 4c89 8020 | 0100 0048 | c780 2801 | 0000 0100 | 0000 e929 | 0000 0048 
  0x00000289d00235b0: 83b8 3001 | 0000 0075 | 174c 8980 | 3001 0000 | 48c7 8038 | 0100 0001 | 0000 00e9 | 0800 0000 
  0x00000289d00235d0: 4883 8010 | 0100 0001 

  0x00000289d00235d8: ;   {metadata(method data for {method} {0x00000289e409eec0} 'checkAccessModeThenIsDirect' '(Ljava/lang/invoke/VarHandle$AccessDescriptor;)Z' in 'java/lang/invoke/VarHandle')}
  0x00000289d00235d8: 48b8 2023 | bee4 8902 | 0000 448b | 80cc 0000 | 0041 83c0 | 0244 8980 | cc00 0000 | 4181 e0fe 
  0x00000289d00235f8: ff1f 0045 | 85c0 0f84 | fe1c 0000 

  0x00000289d0023604: ;   {metadata(method data for {method} {0x00000289e409eec0} 'checkAccessModeThenIsDirect' '(Ljava/lang/invoke/VarHandle$AccessDescriptor;)Z' in 'java/lang/invoke/VarHandle')}
  0x00000289d0023604: 48b8 2023 | bee4 8902 | 0000 ff80 | 1001 0000 

  0x00000289d0023614: ;   {metadata(method data for {method} {0x00000289e47ff9d0} 'guard_LLL_Z' '(Ljava/lang/invoke/VarHandle;Ljava/lang/Object;Ljava/lang/Object;Ljava/lang/Object;Ljava/lang/invoke/VarHandle$AccessDescriptor;)Z' in 'java/lang/invoke/VarHandleGuards')}
  0x00000289d0023614: 48b8 504b | 3ee5 8902 | 0000 ff80 | 7001 0000 

  0x00000289d0023624: ;   {metadata(method data for {method} {0x00000289e47ff9d0} 'guard_LLL_Z' '(Ljava/lang/invoke/VarHandle;Ljava/lang/Object;Ljava/lang/Object;Ljava/lang/Object;Ljava/lang/invoke/VarHandle$AccessDescriptor;)Z' in 'java/lang/invoke/VarHandleGuards')}
  0x00000289d0023624: 48b8 504b | 3ee5 8902 | 0000 ff80 | 9001 0000 

  0x00000289d0023634: ;   {oop(a 'java/lang/invoke/VarForm'{0x000000008051f920})}
  0x00000289d0023634: 48b8 20f9 | 5180 0000 

  0x00000289d002363c: ;   {metadata(method data for {method} {0x00000289e47ff9d0} 'guard_LLL_Z' '(Ljava/lang/invoke/VarHandle;Ljava/lang/Object;Ljava/lang/Object;Ljava/lang/Object;Ljava/lang/invoke/VarHandle$AccessDescriptor;)Z' in 'java/lang/invoke/VarHandleGuards')}
  0x00000289d002363c: 0000 49b8 | 504b 3ee5 | 8902 0000 | 4983 80a0 | 0100 0001 

  0x00000289d0023650: ;   {metadata(method data for {method} {0x00000289e4767b78} 'getMemberName' '(I)Ljava/lang/invoke/MemberName;' in 'java/lang/invoke/VarForm')}
  0x00000289d0023650: 48b8 2825 | bee4 8902 | 0000 448b | 80cc 0000 | 0041 83c0 | 0244 8980 | cc00 0000 | 4181 e0fe 
  0x00000289d0023670: ff1f 0045 | 85c0 0f84 | a71c 0000 

  0x00000289d002367c: ;   {metadata(method data for {method} {0x00000289e4767b78} 'getMemberName' '(I)Ljava/lang/invoke/MemberName;' in 'java/lang/invoke/VarForm')}
  0x00000289d002367c: 48b8 2825 | bee4 8902 | 0000 ff80 | 1001 0000 

  0x00000289d002368c: ;   {metadata(method data for {method} {0x00000289e47ff9d0} 'guard_LLL_Z' '(Ljava/lang/invoke/VarHandle;Ljava/lang/Object;Ljava/lang/Object;Ljava/lang/Object;Ljava/lang/invoke/VarHandle$AccessDescriptor;)Z' in 'java/lang/invoke/VarHandleGuards')}
  0x00000289d002368c: 48b8 504b | 3ee5 8902 | 0000 488d | 80d8 0100 

  0x00000289d002369c: ;   {oop(a 'java/lang/invoke/MemberName'{0x000000008051fc28} = {method} {0x00000289e47fa898} 'compareAndSet' '(Ljava/lang/invoke/VarHandle;Ljava/lang/Object;Ljava/lang/Object;Ljava/lang/Object;)Z' in 'java/lang/invoke/VarHandleReferences$FieldInstanceReadWrite')}
  0x00000289d002369c: 0049 b828 | fc51 8000 | 0000 004d | 85c0 750a | f600 0175 | 05f0 4883 

  0x00000289d00236b4: ;   {metadata(method data for {method} {0x00000289e47ff9d0} 'guard_LLL_Z' '(Ljava/lang/invoke/VarHandle;Ljava/lang/Object;Ljava/lang/Object;Ljava/lang/Object;Ljava/lang/invoke/VarHandle$AccessDescriptor;)Z' in 'java/lang/invoke/VarHandleGuards')}
  0x00000289d00236b4: 0801 48b8 | 504b 3ee5 | 8902 0000 | 488d 80f8 

  0x00000289d00236c4: ;   {oop(a 'java/lang/invoke/VarHandleReferences$FieldInstanceReadWrite'{0x0000000080527e18})}
  0x00000289d00236c4: 0100 0049 | b818 7e52 | 8000 0000 | 004d 85c0 | 750c f640 | 0801 7506 | f048 8348 

  0x00000289d00236e0: ;   {metadata(method data for {method} {0x00000289e47ff9d0} 'guard_LLL_Z' '(Ljava/lang/invoke/VarHandle;Ljava/lang/Object;Ljava/lang/Object;Ljava/lang/Object;Ljava/lang/invoke/VarHandle$AccessDescriptor;)Z' in 'java/lang/invoke/VarHandleGuards')}
  0x00000289d00236e0: 0801 48b8 | 504b 3ee5 | 8902 0000 | 4883 80e8 | 0100 0001 

  0x00000289d00236f4: ;   {metadata(method data for {method} {0x00000289e47fa898} 'compareAndSet' '(Ljava/lang/invoke/VarHandle;Ljava/lang/Object;Ljava/lang/Object;Ljava/lang/Object;)Z' in 'java/lang/invoke/VarHandleReferences$FieldInstanceReadWrite')}
  0x00000289d00236f4: 48b8 68a4 | 3ce5 8902 | 0000 448b | 80cc 0000 | 0041 83c0 | 0244 8980 | cc00 0000 | 4181 e0fe 
  0x00000289d0023714: ff1f 0045 | 85c0 0f84 | 241c 0000 

  0x00000289d0023720: ;   {oop(a 'java/lang/Class'{0x0000000080525298} = 'java/util/concurrent/atomic/AtomicReference')}
  0x00000289d0023720: 48b8 9852 | 5280 0000 

  0x00000289d0023728: ;   {metadata(method data for {method} {0x00000289e47fa898} 'compareAndSet' '(Ljava/lang/invoke/VarHandle;Ljava/lang/Object;Ljava/lang/Object;Ljava/lang/Object;)Z' in 'java/lang/invoke/VarHandleReferences$FieldInstanceReadWrite')}
  0x00000289d0023728: 0000 49b8 | 68a4 3ce5 | 8902 0000 | 4983 8048 | 0100 0001 

  0x00000289d002373c: ;   {metadata(method data for {method} {0x00000289e401e470} 'cast' '(Ljava/lang/Object;)Ljava/lang/Object;' in 'java/lang/Class')}
  0x00000289d002373c: 48b8 5026 | 9ee4 8902 | 0000 448b | 80cc 0000 | 0041 83c0 | 0244 8980 | cc00 0000 | 4181 e0fe 
  0x00000289d002375c: ff1f 0045 | 85c0 0f84 | fd1b 0000 

  0x00000289d0023768: ;   {metadata(method data for {method} {0x00000289e401e470} 'cast' '(Ljava/lang/Object;)Ljava/lang/Object;' in 'java/lang/Class')}
  0x00000289d0023768: 48b8 5026 | 9ee4 8902 | 0000 ff80 | 2001 0000 

  0x00000289d0023778: ;   {oop(a 'java/lang/Class'{0x0000000080525298} = 'java/util/concurrent/atomic/AtomicReference')}
  0x00000289d0023778: 48b8 9852 | 5280 0000 

  0x00000289d0023780: ;   {metadata(method data for {method} {0x00000289e401e470} 'cast' '(Ljava/lang/Object;)Ljava/lang/Object;' in 'java/lang/Class')}
  0x00000289d0023780: 0000 49b8 | 5026 9ee4 | 8902 0000 | 4983 8030 | 0100 0001 | 4885 d20f | 8420 0000 

  0x00000289d002379c: ;   {metadata('java/util/concurrent/atomic/AtomicReference')}
  0x00000289d002379c: 0048 bf80 | ce0b 0001 | 0000 008b | 7208 48c1 | e603 483b | 7e38 0f85 | 0500 0000 | e905 0000 
  0x00000289d00237bc: 0048 33c0 | eb07 48c7 | c001 0000 

  0x00000289d00237c8: ;   {metadata(method data for {method} {0x00000289e401e470} 'cast' '(Ljava/lang/Object;)Ljava/lang/Object;' in 'java/lang/Class')}
  0x00000289d00237c8: 0085 c048 | b850 269e | e489 0200 | 0049 c7c0 | 7801 0000 | 7407 49c7 | c068 0100 | 004a 8b34 
  0x00000289d00237e8: 0048 8d76 | 014a 8934 | 000f 84c2 

  0x00000289d00237f4: ;   {metadata(method data for {method} {0x00000289e47fa898} 'compareAndSet' '(Ljava/lang/invoke/VarHandle;Ljava/lang/Object;Ljava/lang/Object;Ljava/lang/Object;)Z' in 'java/lang/invoke/VarHandleReferences$FieldInstanceReadWrite')}
  0x00000289d00237f4: 1200 0048 | b868 a43c | e589 0200 | 0048 8380 | 8001 0000 

  0x00000289d0023808: ;   {metadata(method data for {method} {0x00000289e4177978} 'requireNonNull' '(Ljava/lang/Object;)Ljava/lang/Object;' in 'java/util/Objects')}
  0x00000289d0023808: 0148 b888 | e133 e489 | 0200 0044 | 8b80 cc00 | 0000 4183 | c002 4489 | 80cc 0000 | 0041 81e0 
  0x00000289d0023828: feff 1f00 | 4585 c00f | 8451 1b00 

  0x00000289d0023834: ;   {metadata(method data for {method} {0x00000289e4177978} 'requireNonNull' '(Ljava/lang/Object;)Ljava/lang/Object;' in 'java/util/Objects')}
  0x00000289d0023834: 0048 b888 | e133 e489 | 0200 00ff | 8010 0100 | 0048 8bb4 | 24f0 0000 

  0x00000289d002384c: ;   {oop(a 'java/lang/Class'{0x0000000080586f60} = 'java/lang/Object')}
  0x00000289d002384c: 0048 b860 | 6f58 8000 

  0x00000289d0023854: ;   {metadata(method data for {method} {0x00000289e47fa898} 'compareAndSet' '(Ljava/lang/invoke/VarHandle;Ljava/lang/Object;Ljava/lang/Object;Ljava/lang/Object;)Z' in 'java/lang/invoke/VarHandleReferences$FieldInstanceReadWrite')}
  0x00000289d0023854: 0000 0049 | b868 a43c | e589 0200 | 0049 8380 | 9001 0000 

  0x00000289d0023868: ;   {metadata(method data for {method} {0x00000289e401e470} 'cast' '(Ljava/lang/Object;)Ljava/lang/Object;' in 'java/lang/Class')}
  0x00000289d0023868: 0148 b850 | 269e e489 | 0200 0044 | 8b80 cc00 | 0000 4183 | c002 4489 | 80cc 0000 | 0041 81e0 
  0x00000289d0023888: feff 1f00 | 4585 c00f | 8412 1b00 | 0048 85f6 

  0x00000289d0023898: ;   {metadata(method data for {method} {0x00000289e401e470} 'cast' '(Ljava/lang/Object;)Ljava/lang/Object;' in 'java/lang/Class')}
  0x00000289d0023898: 48b8 5026 | 9ee4 8902 | 0000 49c7 | c010 0100 | 0074 0749 | c7c0 2001 | 0000 4a8b | 3c00 488d 
  0x00000289d00238b8: 7f01 4a89 | 3c00 0f84 | 7f00 0000 

  0x00000289d00238c4: ;   {oop(a 'java/lang/Class'{0x0000000080586f60} = 'java/lang/Object')}
  0x00000289d00238c4: 48b8 606f | 5880 0000 

  0x00000289d00238cc: ;   {metadata(method data for {method} {0x00000289e401e470} 'cast' '(Ljava/lang/Object;)Ljava/lang/Object;' in 'java/lang/Class')}
  0x00000289d00238cc: 0000 49b8 | 5026 9ee4 | 8902 0000 | 4983 8030 | 0100 0001 | 4885 f60f | 8420 0000 

  0x00000289d00238e8: ;   {metadata('java/lang/Object')}
  0x00000289d00238e8: 0048 bb68 | 1304 0001 | 0000 008b | 7e08 48c1 | e703 483b | 5f30 0f85 | 0500 0000 | e905 0000 
  0x00000289d0023908: 0048 33c0 | eb07 48c7 | c001 0000 

  0x00000289d0023914: ;   {metadata(method data for {method} {0x00000289e401e470} 'cast' '(Ljava/lang/Object;)Ljava/lang/Object;' in 'java/lang/Class')}
  0x00000289d0023914: 0085 c048 | b850 269e | e489 0200 | 0049 c7c0 | 7801 0000 | 7407 49c7 | c068 0100 | 004a 8b3c 
  0x00000289d0023934: 0048 8d7f | 014a 893c | 000f 849e 

  0x00000289d0023940: ;   {oop(a 'java/lang/Class'{0x0000000080586f60} = 'java/lang/Object')}
  0x00000289d0023940: 1000 0048 | b860 6f58 | 8000 0000 

  0x00000289d002394c: ;   {metadata(method data for {method} {0x00000289e47fa898} 'compareAndSet' '(Ljava/lang/invoke/VarHandle;Ljava/lang/Object;Ljava/lang/Object;Ljava/lang/Object;)Z' in 'java/lang/invoke/VarHandleReferences$FieldInstanceReadWrite')}
  0x00000289d002394c: 0049 b868 | a43c e589 | 0200 0049 | 8380 c801 

  0x00000289d002395c: ;   {metadata(method data for {method} {0x00000289e401e470} 'cast' '(Ljava/lang/Object;)Ljava/lang/Object;' in 'java/lang/Class')}
  0x00000289d002395c: 0000 0148 | b850 269e | e489 0200 | 0044 8b80 | cc00 0000 | 4183 c002 | 4489 80cc | 0000 0041 
  0x00000289d002397c: 81e0 feff | 1f00 4585 | c00f 843d 

  0x00000289d0023988: ;   {metadata(method data for {method} {0x00000289e401e470} 'cast' '(Ljava/lang/Object;)Ljava/lang/Object;' in 'java/lang/Class')}
  0x00000289d0023988: 1a00 0048 | b850 269e | e489 0200 | 00ff 8020 

  0x00000289d0023998: ;   {oop(a 'java/lang/Class'{0x0000000080586f60} = 'java/lang/Object')}
  0x00000289d0023998: 0100 0048 | b860 6f58 | 8000 0000 

  0x00000289d00239a4: ;   {metadata(method data for {method} {0x00000289e401e470} 'cast' '(Ljava/lang/Object;)Ljava/lang/Object;' in 'java/lang/Class')}
  0x00000289d00239a4: 0049 b850 | 269e e489 | 0200 0049 | 8380 3001 

  0x00000289d00239b4: ;   {oop(a 'com/google/common/util/concurrent/InterruptibleTask$DoNothingRunnable'{0x0000000087dc2940})}
  0x00000289d00239b4: 0000 0148 | b840 29dc | 8700 0000 | 0048 85c0 | 0f84 2000 

  0x00000289d00239c8: ;   {metadata('java/lang/Object')}
  0x00000289d00239c8: 0000 48bb | 6813 0400 | 0100 0000 | 8b78 0848 | c1e7 0348 | 3b5f 300f | 8505 0000 | 00e9 0500 
  0x00000289d00239e8: 0000 4833 | c0eb 0748 | c7c0 0100 | 0000 85c0 

  0x00000289d00239f8: ;   {metadata(method data for {method} {0x00000289e401e470} 'cast' '(Ljava/lang/Object;)Ljava/lang/Object;' in 'java/lang/Class')}
  0x00000289d00239f8: 48b8 5026 | 9ee4 8902 | 0000 49c7 | c078 0100 | 0074 0749 | c7c0 6801 | 0000 4a8b | 3c00 488d 
  0x00000289d0023a18: 7f01 4a89 | 3c00 0f84 | dd0e 0000 | 48c7 c00c 

  0x00000289d0023a28: ;   {oop(a 'com/google/common/util/concurrent/InterruptibleTask$DoNothingRunnable'{0x0000000087dc2940})}
  0x00000289d0023a28: 0000 0049 | b840 29dc | 8700 0000 | 0048 8d3c | 0241 0fbe | 4740 85c0 | 0f85 a319 | 0000 488b 
  0x00000289d0023a48: c64d 8bd0 | f044 0fb1 | 17bb 0100 | 0000 7405 | bb00 0000 | 0048 8bc7 | 4933 c048 | c1e8 1448 
  0x00000289d0023a68: 83f8 000f | 8592 1900 | 0083 e301 | 83e3 0183 | e301 85db 

  0x00000289d0023a7c: ;   {metadata(method data for {method} {0x00000289f2c8c6c0} 'run' '()V' in 'com/google/common/util/concurrent/InterruptibleTask')}
  0x00000289d0023a7c: 49b8 1878 | e0f2 8902 | 0000 48c7 | c7e0 0300 | 0075 0748 | c7c7 f003 | 0000 498b | 1c38 488d 
  0x00000289d0023a9c: 5b01 4989 | 1c38 0f85 | 2c00 0000 

  0x00000289d0023aa8: ;   {metadata(method data for {method} {0x00000289f2c8c6c0} 'run' '()V' in 'com/google/common/util/concurrent/InterruptibleTask')}
  0x00000289d0023aa8: 4c8b c248 | bf18 78e0 | f289 0200 | 0048 8387 | 0004 0000 | 014c 8bc6 | 488b f248 

  0x00000289d0023ac4: ;   {optimized virtual_call}
  0x00000289d0023ac4: 8bd6 90e8 

  0x00000289d0023ac8: ; ImmutableOopMap {[232]=Oop [264]=Oop }
                      ;*invokespecial waitForInterrupt {reexecute=0 rethrow=0 return_oop=0}
                      ; - com.google.common.util.concurrent.InterruptibleTask::run@110 (line 83)
  0x00000289d0023ac8: b4b3 9305 

  0x00000289d0023acc: ;   {other}
  0x00000289d0023acc: 0f1f 8400 | 3c1c 0004 | 8bb4 24f8 | 0000 0085 

  0x00000289d0023adc: ;   {metadata(method data for {method} {0x00000289f2c8c6c0} 'run' '()V' in 'com/google/common/util/concurrent/InterruptibleTask')}
  0x00000289d0023adc: f648 b818 | 78e0 f289 | 0200 0049 | c7c0 1004 | 0000 7407 | 49c7 c020 | 0400 004a | 8b14 0048 
  0x00000289d0023afc: 8d52 014a | 8914 000f | 842c 0a00 | 0048 8b84 | 2408 0100 | 0048 85c0 

  0x00000289d0023b14: ;   {metadata(method data for {method} {0x00000289f2c8c6c0} 'run' '()V' in 'com/google/common/util/concurrent/InterruptibleTask')}
  0x00000289d0023b14: 49b8 1878 | e0f2 8902 | 0000 48c7 | c230 0400 | 0075 0748 | c7c2 4004 | 0000 498b | 3410 488d 
  0x00000289d0023b34: 7601 4989 | 3410 0f85 | 1b08 0000 | e9fa 0600 | 0048 8bb4 | 24f0 0000 | 0049 8b87 | f804 0000 
  0x00000289d0023b54: 4d33 d24d | 8997 f804 | 0000 4d33 | d24d 8997 | 0005 0000 | 4889 8424 | 1001 0000 | 488b 9424 
  0x00000289d0023b74: e800 0000 

  0x00000289d0023b78: ;   {metadata(method data for {method} {0x00000289f2c8c6c0} 'run' '()V' in 'com/google/common/util/concurrent/InterruptibleTask')}
  0x00000289d0023b78: 4c8b c248 | bb18 78e0 | f289 0200 | 0048 8383 | 0005 0000 

  0x00000289d0023b8c: ;   {metadata(method data for {method} {0x00000289e47f0d30} 'compareAndSet' '(Ljava/lang/Object;Ljava/lang/Object;)Z' in 'java/util/concurrent/atomic/AtomicReference')}
  0x00000289d0023b8c: 0149 b8b8 | f18b e689 | 0200 0041 | 8b98 cc00 | 0000 83c3 | 0241 8998 | cc00 0000 | 81e3 feff 
  0x00000289d0023bac: 1f00 85db | 0f84 6518 

  0x00000289d0023bb4: ;   {metadata(method data for {method} {0x00000289e47f0d30} 'compareAndSet' '(Ljava/lang/Object;Ljava/lang/Object;)Z' in 'java/util/concurrent/atomic/AtomicReference')}
  0x00000289d0023bb4: 0000 49b8 | b8f1 8be6 | 8902 0000 | 4d8d 8048 | 0100 008b | 5a08 48c1 | e303 4c8b | d349 3358 
  0x00000289d0023bd4: 0848 f7c3 | fcff ffff | 740a f6c3 | 0275 0549 | 8348 0802 

  0x00000289d0023be8: ;   {metadata(method data for {method} {0x00000289e47ff9d0} 'guard_LLL_Z' '(Ljava/lang/invoke/VarHandle;Ljava/lang/Object;Ljava/lang/Object;Ljava/lang/Object;Ljava/lang/invoke/VarHandle$AccessDescriptor;)Z' in 'java/lang/invoke/VarHandleGuards')}
  0x00000289d0023be8: 49b8 504b | 3ee5 8902 | 0000 4d8d | 80e0 0300 

  0x00000289d0023bf8: ;   {oop(a 'java/lang/invoke/VarHandleReferences$FieldInstanceReadWrite'{0x0000000080527e18})}
  0x00000289d0023bf8: 0048 bb18 | 7e52 8000 | 0000 0048 | 85db 750b | 41f6 0001 | 7505 f049 

  0x00000289d0023c10: ;   {metadata(method data for {method} {0x00000289e47f0d30} 'compareAndSet' '(Ljava/lang/Object;Ljava/lang/Object;)Z' in 'java/util/concurrent/atomic/AtomicReference')}
  0x00000289d0023c10: 8308 0149 | b8b8 f18b | e689 0200 | 0049 8380 | 1001 0000 

  0x00000289d0023c24: ;   {metadata(method data for {method} {0x00000289e47ff9d0} 'guard_LLL_Z' '(Ljava/lang/invoke/VarHandle;Ljava/lang/Object;Ljava/lang/Object;Ljava/lang/Object;Ljava/lang/invoke/VarHandle$AccessDescriptor;)Z' in 'java/lang/invoke/VarHandleGuards')}
  0x00000289d0023c24: 0149 b850 | 4b3e e589 | 0200 0041 | 8b88 cc00 | 0000 83c1 | 0241 8988 | cc00 0000 | 81e1 feff 
  0x00000289d0023c44: 1f00 85c9 | 0f84 ee17 

  0x00000289d0023c4c: ;   {metadata(method data for {method} {0x00000289e47ff9d0} 'guard_LLL_Z' '(Ljava/lang/invoke/VarHandle;Ljava/lang/Object;Ljava/lang/Object;Ljava/lang/Object;Ljava/lang/invoke/VarHandle$AccessDescriptor;)Z' in 'java/lang/invoke/VarHandleGuards')}
  0x00000289d0023c4c: 0000 49b8 | 504b 3ee5 | 8902 0000 | 4d8d 8048 

  0x00000289d0023c5c: ;   {oop(a 'java/lang/invoke/VarHandle$AccessDescriptor'{0x0000000080521b28})}
  0x00000289d0023c5c: 0100 0048 | b928 1b52 | 8000 0000 | 0048 85c9 | 750d 41f6 | 4008 0175 | 06f0 4983 

  0x00000289d0023c78: ;   {metadata(method data for {method} {0x00000289e47ff9d0} 'guard_LLL_Z' '(Ljava/lang/invoke/VarHandle;Ljava/lang/Object;Ljava/lang/Object;Ljava/lang/Object;Ljava/lang/invoke/VarHandle$AccessDescriptor;)Z' in 'java/lang/invoke/VarHandleGuards')}
  0x00000289d0023c78: 4808 0149 | b850 4b3e | e589 0200 | 008b 5b08 | 48c1 e303 | 493b 9820 | 0100 0075 | 0d49 8380 
  0x00000289d0023c98: 2801 0000 | 01e9 6000 | 0000 493b | 9830 0100 | 0075 0d49 | 8380 3801 | 0000 01e9 | 4a00 0000 
  0x00000289d0023cb8: 4983 b820 | 0100 0000 | 7517 4989 | 9820 0100 | 0049 c780 | 2801 0000 | 0100 0000 | e929 0000 
  0x00000289d0023cd8: 0049 83b8 | 3001 0000 | 0075 1749 | 8998 3001 | 0000 49c7 | 8038 0100 | 0001 0000 | 00e9 0800 
  0x00000289d0023cf8: 0000 4983 | 8010 0100 

  0x00000289d0023d00: ;   {metadata(method data for {method} {0x00000289e409eec0} 'checkAccessModeThenIsDirect' '(Ljava/lang/invoke/VarHandle$AccessDescriptor;)Z' in 'java/lang/invoke/VarHandle')}
  0x00000289d0023d00: 0001 49b8 | 2023 bee4 | 8902 0000 | 418b 98cc | 0000 0083 | c302 4189 | 98cc 0000 | 0081 e3fe 
  0x00000289d0023d20: ff1f 0085 | db0f 8432 

  0x00000289d0023d28: ;   {metadata(method data for {method} {0x00000289e409eec0} 'checkAccessModeThenIsDirect' '(Ljava/lang/invoke/VarHandle$AccessDescriptor;)Z' in 'java/lang/invoke/VarHandle')}
  0x00000289d0023d28: 1700 0049 | b820 23be | e489 0200 | 0041 ff80 | 1001 0000 

  0x00000289d0023d3c: ;   {metadata(method data for {method} {0x00000289e47ff9d0} 'guard_LLL_Z' '(Ljava/lang/invoke/VarHandle;Ljava/lang/Object;Ljava/lang/Object;Ljava/lang/Object;Ljava/lang/invoke/VarHandle$AccessDescriptor;)Z' in 'java/lang/invoke/VarHandleGuards')}
  0x00000289d0023d3c: 49b8 504b | 3ee5 8902 | 0000 41ff | 8070 0100 

  0x00000289d0023d4c: ;   {metadata(method data for {method} {0x00000289e47ff9d0} 'guard_LLL_Z' '(Ljava/lang/invoke/VarHandle;Ljava/lang/Object;Ljava/lang/Object;Ljava/lang/Object;Ljava/lang/invoke/VarHandle$AccessDescriptor;)Z' in 'java/lang/invoke/VarHandleGuards')}
  0x00000289d0023d4c: 0049 b850 | 4b3e e589 | 0200 0041 | ff80 9001 

  0x00000289d0023d5c: ;   {oop(a 'java/lang/invoke/VarForm'{0x000000008051f920})}
  0x00000289d0023d5c: 0000 49b8 | 20f9 5180 | 0000 0000 

  0x00000289d0023d68: ;   {metadata(method data for {method} {0x00000289e47ff9d0} 'guard_LLL_Z' '(Ljava/lang/invoke/VarHandle;Ljava/lang/Object;Ljava/lang/Object;Ljava/lang/Object;Ljava/lang/invoke/VarHandle$AccessDescriptor;)Z' in 'java/lang/invoke/VarHandleGuards')}
  0x00000289d0023d68: 48bb 504b | 3ee5 8902 | 0000 4883 | 83a0 0100 

  0x00000289d0023d78: ;   {metadata(method data for {method} {0x00000289e4767b78} 'getMemberName' '(I)Ljava/lang/invoke/MemberName;' in 'java/lang/invoke/VarForm')}
  0x00000289d0023d78: 0001 49b8 | 2825 bee4 | 8902 0000 | 418b 98cc | 0000 0083 | c302 4189 | 98cc 0000 | 0081 e3fe 
  0x00000289d0023d98: ff1f 0085 | db0f 84db 

  0x00000289d0023da0: ;   {metadata(method data for {method} {0x00000289e4767b78} 'getMemberName' '(I)Ljava/lang/invoke/MemberName;' in 'java/lang/invoke/VarForm')}
  0x00000289d0023da0: 1600 0049 | b828 25be | e489 0200 | 0041 ff80 | 1001 0000 

  0x00000289d0023db4: ;   {metadata(method data for {method} {0x00000289e47ff9d0} 'guard_LLL_Z' '(Ljava/lang/invoke/VarHandle;Ljava/lang/Object;Ljava/lang/Object;Ljava/lang/Object;Ljava/lang/invoke/VarHandle$AccessDescriptor;)Z' in 'java/lang/invoke/VarHandleGuards')}
  0x00000289d0023db4: 49b8 504b | 3ee5 8902 | 0000 4d8d | 80d8 0100 

  0x00000289d0023dc4: ;   {oop(a 'java/lang/invoke/MemberName'{0x000000008051fc28} = {method} {0x00000289e47fa898} 'compareAndSet' '(Ljava/lang/invoke/VarHandle;Ljava/lang/Object;Ljava/lang/Object;Ljava/lang/Object;)Z' in 'java/lang/invoke/VarHandleReferences$FieldInstanceReadWrite')}
  0x00000289d0023dc4: 0048 bb28 | fc51 8000 | 0000 0048 | 85db 750b | 41f6 0001 | 7505 f049 

  0x00000289d0023ddc: ;   {metadata(method data for {method} {0x00000289e47ff9d0} 'guard_LLL_Z' '(Ljava/lang/invoke/VarHandle;Ljava/lang/Object;Ljava/lang/Object;Ljava/lang/Object;Ljava/lang/invoke/VarHandle$AccessDescriptor;)Z' in 'java/lang/invoke/VarHandleGuards')}
  0x00000289d0023ddc: 8308 0149 | b850 4b3e | e589 0200 | 004d 8d80 | f801 0000 

  0x00000289d0023df0: ;   {oop(a 'java/lang/invoke/VarHandleReferences$FieldInstanceReadWrite'{0x0000000080527e18})}
  0x00000289d0023df0: 48bb 187e | 5280 0000 | 0000 4885 | db75 0d41 | f640 0801 | 7506 f049 | 8348 0801 

  0x00000289d0023e0c: ;   {metadata(method data for {method} {0x00000289e47ff9d0} 'guard_LLL_Z' '(Ljava/lang/invoke/VarHandle;Ljava/lang/Object;Ljava/lang/Object;Ljava/lang/Object;Ljava/lang/invoke/VarHandle$AccessDescriptor;)Z' in 'java/lang/invoke/VarHandleGuards')}
  0x00000289d0023e0c: 49b8 504b | 3ee5 8902 | 0000 4983 | 80e8 0100 

  0x00000289d0023e1c: ;   {metadata(method data for {method} {0x00000289e47fa898} 'compareAndSet' '(Ljava/lang/invoke/VarHandle;Ljava/lang/Object;Ljava/lang/Object;Ljava/lang/Object;)Z' in 'java/lang/invoke/VarHandleReferences$FieldInstanceReadWrite')}
  0x00000289d0023e1c: 0001 49b8 | 68a4 3ce5 | 8902 0000 | 418b 98cc | 0000 0083 | c302 4189 | 98cc 0000 | 0081 e3fe 
  0x00000289d0023e3c: ff1f 0085 | db0f 8458 

  0x00000289d0023e44: ;   {oop(a 'java/lang/Class'{0x0000000080525298} = 'java/util/concurrent/atomic/AtomicReference')}
  0x00000289d0023e44: 1600 0049 | b898 5252 | 8000 0000 

  0x00000289d0023e50: ;   {metadata(method data for {method} {0x00000289e47fa898} 'compareAndSet' '(Ljava/lang/invoke/VarHandle;Ljava/lang/Object;Ljava/lang/Object;Ljava/lang/Object;)Z' in 'java/lang/invoke/VarHandleReferences$FieldInstanceReadWrite')}
  0x00000289d0023e50: 0048 bb68 | a43c e589 | 0200 0048 | 8383 4801 

  0x00000289d0023e60: ;   {metadata(method data for {method} {0x00000289e401e470} 'cast' '(Ljava/lang/Object;)Ljava/lang/Object;' in 'java/lang/Class')}
  0x00000289d0023e60: 0000 0149 | b850 269e | e489 0200 | 0041 8b98 | cc00 0000 | 83c3 0241 | 8998 cc00 | 0000 81e3 
  0x00000289d0023e80: feff 1f00 | 85db 0f84 | 3416 0000 

  0x00000289d0023e8c: ;   {metadata(method data for {method} {0x00000289e401e470} 'cast' '(Ljava/lang/Object;)Ljava/lang/Object;' in 'java/lang/Class')}
  0x00000289d0023e8c: 49b8 5026 | 9ee4 8902 | 0000 41ff | 8020 0100 

  0x00000289d0023e9c: ;   {oop(a 'java/lang/Class'{0x0000000080525298} = 'java/util/concurrent/atomic/AtomicReference')}
  0x00000289d0023e9c: 0049 b898 | 5252 8000 

  0x00000289d0023ea4: ;   {metadata(method data for {method} {0x00000289e401e470} 'cast' '(Ljava/lang/Object;)Ljava/lang/Object;' in 'java/lang/Class')}
  0x00000289d0023ea4: 0000 0048 | bb50 269e | e489 0200 | 0048 8383 | 3001 0000 | 0148 85d2 | 0f84 2000 

  0x00000289d0023ec0: ;   {metadata('java/util/concurrent/atomic/AtomicReference')}
  0x00000289d0023ec0: 0000 49b9 | 80ce 0b00 | 0100 0000 | 8b4a 0848 | c1e1 034c | 3b49 380f | 8505 0000 | 00e9 0500 
  0x00000289d0023ee0: 0000 4d33 | c0eb 0749 | c7c0 0100 | 0000 4585 

  0x00000289d0023ef0: ;   {metadata(method data for {method} {0x00000289e401e470} 'cast' '(Ljava/lang/Object;)Ljava/lang/Object;' in 'java/lang/Class')}
  0x00000289d0023ef0: c049 b850 | 269e e489 | 0200 0048 | c7c3 7801 | 0000 7407 | 48c7 c368 | 0100 0049 | 8b0c 1848 
  0x00000289d0023f10: 8d49 0149 | 890c 180f | 840c 0900 

  0x00000289d0023f1c: ;   {metadata(method data for {method} {0x00000289e47fa898} 'compareAndSet' '(Ljava/lang/invoke/VarHandle;Ljava/lang/Object;Ljava/lang/Object;Ljava/lang/Object;)Z' in 'java/lang/invoke/VarHandleReferences$FieldInstanceReadWrite')}
  0x00000289d0023f1c: 0049 b868 | a43c e589 | 0200 0049 | 8380 8001 

  0x00000289d0023f2c: ;   {metadata(method data for {method} {0x00000289e4177978} 'requireNonNull' '(Ljava/lang/Object;)Ljava/lang/Object;' in 'java/util/Objects')}
  0x00000289d0023f2c: 0000 0149 | b888 e133 | e489 0200 | 0041 8b98 | cc00 0000 | 83c3 0241 | 8998 cc00 | 0000 81e3 
  0x00000289d0023f4c: feff 1f00 | 85db 0f84 | 8915 0000 

  0x00000289d0023f58: ;   {metadata(method data for {method} {0x00000289e4177978} 'requireNonNull' '(Ljava/lang/Object;)Ljava/lang/Object;' in 'java/util/Objects')}
  0x00000289d0023f58: 49b8 88e1 | 33e4 8902 | 0000 41ff | 8010 0100 

  0x00000289d0023f68: ;   {oop(a 'java/lang/Class'{0x0000000080586f60} = 'java/lang/Object')}
  0x00000289d0023f68: 0049 b860 | 6f58 8000 

  0x00000289d0023f70: ;   {metadata(method data for {method} {0x00000289e47fa898} 'compareAndSet' '(Ljava/lang/invoke/VarHandle;Ljava/lang/Object;Ljava/lang/Object;Ljava/lang/Object;)Z' in 'java/lang/invoke/VarHandleReferences$FieldInstanceReadWrite')}
  0x00000289d0023f70: 0000 0048 | bb68 a43c | e589 0200 | 0048 8383 | 9001 0000 

  0x00000289d0023f84: ;   {metadata(method data for {method} {0x00000289e401e470} 'cast' '(Ljava/lang/Object;)Ljava/lang/Object;' in 'java/lang/Class')}
  0x00000289d0023f84: 0149 b850 | 269e e489 | 0200 0041 | 8b98 cc00 | 0000 83c3 | 0241 8998 | cc00 0000 | 81e3 feff 
  0x00000289d0023fa4: 1f00 85db | 0f84 5415 | 0000 4885 

  0x00000289d0023fb0: ;   {metadata(method data for {method} {0x00000289e401e470} 'cast' '(Ljava/lang/Object;)Ljava/lang/Object;' in 'java/lang/Class')}
  0x00000289d0023fb0: f649 b850 | 269e e489 | 0200 0048 | c7c3 1001 | 0000 7407 | 48c7 c320 | 0100 0049 | 8b0c 1848 
  0x00000289d0023fd0: 8d49 0149 | 890c 180f | 8480 0000 

  0x00000289d0023fdc: ;   {oop(a 'java/lang/Class'{0x0000000080586f60} = 'java/lang/Object')}
  0x00000289d0023fdc: 0049 b860 | 6f58 8000 

  0x00000289d0023fe4: ;   {metadata(method data for {method} {0x00000289e401e470} 'cast' '(Ljava/lang/Object;)Ljava/lang/Object;' in 'java/lang/Class')}
  0x00000289d0023fe4: 0000 0048 | bb50 269e | e489 0200 | 0048 8383 | 3001 0000 | 0148 85f6 | 0f84 2000 

  0x00000289d0024000: ;   {metadata('java/lang/Object')}
  0x00000289d0024000: 0000 49b9 | 6813 0400 | 0100 0000 | 8b4e 0848 | c1e1 034c | 3b49 300f | 8505 0000 | 00e9 0500 
  0x00000289d0024020: 0000 4d33 | c0eb 0749 | c7c0 0100 | 0000 4585 

  0x00000289d0024030: ;   {metadata(method data for {method} {0x00000289e401e470} 'cast' '(Ljava/lang/Object;)Ljava/lang/Object;' in 'java/lang/Class')}
  0x00000289d0024030: c049 b850 | 269e e489 | 0200 0048 | c7c3 7801 | 0000 7407 | 48c7 c368 | 0100 0049 | 8b0c 1848 
  0x00000289d0024050: 8d49 0149 | 890c 180f | 84f4 0600 

  0x00000289d002405c: ;   {oop(a 'java/lang/Class'{0x0000000080586f60} = 'java/lang/Object')}
  0x00000289d002405c: 0049 b860 | 6f58 8000 

  0x00000289d0024064: ;   {metadata(method data for {method} {0x00000289e47fa898} 'compareAndSet' '(Ljava/lang/invoke/VarHandle;Ljava/lang/Object;Ljava/lang/Object;Ljava/lang/Object;)Z' in 'java/lang/invoke/VarHandleReferences$FieldInstanceReadWrite')}
  0x00000289d0024064: 0000 0048 | bb68 a43c | e589 0200 | 0048 8383 | c801 0000 

  0x00000289d0024078: ;   {metadata(method data for {method} {0x00000289e401e470} 'cast' '(Ljava/lang/Object;)Ljava/lang/Object;' in 'java/lang/Class')}
  0x00000289d0024078: 0149 b850 | 269e e489 | 0200 0041 | 8b98 cc00 | 0000 83c3 | 0241 8998 | cc00 0000 | 81e3 feff 
  0x00000289d0024098: 1f00 85db | 0f84 8114 

  0x00000289d00240a0: ;   {metadata(method data for {method} {0x00000289e401e470} 'cast' '(Ljava/lang/Object;)Ljava/lang/Object;' in 'java/lang/Class')}
  0x00000289d00240a0: 0000 49b8 | 5026 9ee4 | 8902 0000 | 41ff 8020 

  0x00000289d00240b0: ;   {oop(a 'java/lang/Class'{0x0000000080586f60} = 'java/lang/Object')}
  0x00000289d00240b0: 0100 0049 | b860 6f58 | 8000 0000 

  0x00000289d00240bc: ;   {metadata(method data for {method} {0x00000289e401e470} 'cast' '(Ljava/lang/Object;)Ljava/lang/Object;' in 'java/lang/Class')}
  0x00000289d00240bc: 0048 bb50 | 269e e489 | 0200 0048 | 8383 3001 

  0x00000289d00240cc: ;   {oop(a 'com/google/common/util/concurrent/InterruptibleTask$DoNothingRunnable'{0x0000000087dc2940})}
  0x00000289d00240cc: 0000 0149 | b840 29dc | 8700 0000 | 004d 85c0 | 0f84 2100 

  0x00000289d00240e0: ;   {metadata('java/lang/Object')}
  0x00000289d00240e0: 0000 49b9 | 6813 0400 | 0100 0000 | 418b 4808 | 48c1 e103 | 4c3b 4930 | 0f85 0500 | 0000 e905 
  0x00000289d0024100: 0000 004d | 33c0 eb07 | 49c7 c001 | 0000 0045 

  0x00000289d0024110: ;   {metadata(method data for {method} {0x00000289e401e470} 'cast' '(Ljava/lang/Object;)Ljava/lang/Object;' in 'java/lang/Class')}
  0x00000289d0024110: 85c0 49b8 | 5026 9ee4 | 8902 0000 | 48c7 c378 | 0100 0074 | 0748 c7c3 | 6801 0000 | 498b 0c18 
  0x00000289d0024130: 488d 4901 | 4989 0c18 | 0f84 3305 | 0000 49c7 | c00c 0000 

  0x00000289d0024144: ;   {oop(a 'com/google/common/util/concurrent/InterruptibleTask$DoNothingRunnable'{0x0000000087dc2940})}
  0x00000289d0024144: 0048 bb40 | 29dc 8700 | 0000 004e | 8d04 0241 | 0fbe 4f40 | 85c9 0f85 | e413 0000 | 488b c64c 
  0x00000289d0024164: 8bd3 f045 | 0fb1 10b8 | 0100 0000 | 7405 b800 | 0000 004d | 8bc8 4c33 | cb49 c1e9 | 1449 83f9 
  0x00000289d0024184: 000f 85d4 | 1300 0083 | e001 83e0 | 0183 e001 

  0x00000289d0024194: ;   {metadata(method data for {method} {0x00000289f2c8c6c0} 'run' '()V' in 'com/google/common/util/concurrent/InterruptibleTask')}
  0x00000289d0024194: 85c0 49b8 | 1878 e0f2 | 8902 0000 | 48c7 c338 | 0500 0075 | 0748 c7c3 | 4805 0000 | 498b 0418 
  0x00000289d00241b4: 488d 4001 | 4989 0418 | 0f85 3200 | 0000 4c8b 

  0x00000289d00241c4: ;   {metadata(method data for {method} {0x00000289f2c8c6c0} 'run' '()V' in 'com/google/common/util/concurrent/InterruptibleTask')}
  0x00000289d00241c4: c248 bb18 | 78e0 f289 | 0200 0048 | 8383 5805 | 0000 014c | 8bc6 488b | f248 8bd6 | 0f1f 8000 
  0x00000289d00241e4: ;   {optimized virtual_call}
  0x00000289d00241e4: 0000 00e8 

  0x00000289d00241e8: ; ImmutableOopMap {[232]=Oop [272]=Oop }
                      ;*invokespecial waitForInterrupt {reexecute=0 rethrow=0 return_oop=0}
                      ; - com.google.common.util.concurrent.InterruptibleTask::run@157 (line 83)
  0x00000289d00241e8: 94ac 9305 

  0x00000289d00241ec: ;   {other}
  0x00000289d00241ec: 0f1f 8400 | 5c23 0005 | 8bb4 24f8 | 0000 0085 

  0x00000289d00241fc: ;   {metadata(method data for {method} {0x00000289f2c8c6c0} 'run' '()V' in 'com/google/common/util/concurrent/InterruptibleTask')}
  0x00000289d00241fc: f649 b818 | 78e0 f289 | 0200 0048 | c7c2 6805 | 0000 7407 | 48c7 c278 | 0500 0049 | 8b34 1048 
  0x00000289d002421c: 8d76 0149 | 8934 100f | 843b 0400 

  0x00000289d0024228: ;   {metadata(method data for {method} {0x00000289f2c8c6c0} 'run' '()V' in 'com/google/common/util/concurrent/InterruptibleTask')}
  0x00000289d0024228: 0049 b818 | 78e0 f289 | 0200 0041 | ff80 9805 | 0000 e922 

  0x00000289d002423c: ;   {metadata(method data for {method} {0x00000289f2c8c6c0} 'run' '()V' in 'com/google/common/util/concurrent/InterruptibleTask')}
  0x00000289d002423c: 0300 0049 | b818 78e0 | f289 0200 | 0049 8380 | 5004 0000 

  0x00000289d0024250: ;   {metadata(method data for {method} {0x00000289f2d8e238} 'uncheckedCastNullableTToT' '(Ljava/lang/Object;)Ljava/lang/Object;' in 'com/google/common/util/concurrent/NullnessCasts')}
  0x00000289d0024250: 0149 b858 | c3e0 f289 | 0200 0041 | 8b90 cc00 | 0000 83c2 | 0241 8990 | cc00 0000 | 81e2 feff 
  0x00000289d0024270: 1f00 85d2 | 0f84 fd12 | 0000 488b | 9424 e800 

  0x00000289d0024280: ;   {metadata(method data for {method} {0x00000289f2c8c6c0} 'run' '()V' in 'com/google/common/util/concurrent/InterruptibleTask')}
  0x00000289d0024280: 0000 49b8 | 1878 e0f2 | 8902 0000 | 8b52 0848 | c1e2 0349 | 3b90 7004 | 0000 750d | 4983 8078 
  0x00000289d00242a0: 0400 0001 | e960 0000 | 0049 3b90 | 8004 0000 | 750d 4983 | 8088 0400 | 0001 e94a | 0000 0049 
  0x00000289d00242c0: 83b8 7004 | 0000 0075 | 1749 8990 | 7004 0000 | 49c7 8078 | 0400 0001 | 0000 00e9 | 2900 0000 
  0x00000289d00242e0: 4983 b880 | 0400 0000 | 7517 4989 | 9080 0400 | 0049 c780 | 8804 0000 | 0100 0000 | e908 0000 
  0x00000289d0024300: 0049 8380 | 6004 0000 

  0x00000289d0024308: ;   {oop(nullptr)}
  0x00000289d0024308: 0149 b800 | 0000 0000 | 0000 0048 | 8b94 24e8 | 0000 0066 | 9048 b8ff | ffff ffff 

  0x00000289d0024324: ;   {virtual_call}
  0x00000289d0024324: ffff ffe8 

  0x00000289d0024328: ; ImmutableOopMap {}
                      ;*invokevirtual afterRanInterruptiblySuccess {reexecute=0 rethrow=0 return_oop=0}
                      ; - com.google.common.util.concurrent.InterruptibleTask::run@127 (line 88)
  0x00000289d0024328: 54b0 9305 

  0x00000289d002432c: ;   {other}
  0x00000289d002432c: 0f1f 8400 | 9c24 0006 

  0x00000289d0024334: ;   {metadata(method data for {method} {0x00000289f2c8c6c0} 'run' '()V' in 'com/google/common/util/concurrent/InterruptibleTask')}
  0x00000289d0024334: 49b8 1878 | e0f2 8902 | 0000 41ff | 8098 0400 | 0048 81c4 | 8001 0000 

  0x00000289d002434c: ;   {poll_return}
  0x00000289d002434c: 5d49 3ba7 | 4804 0000 | 0f87 3e12 | 0000 c348 | 8b94 24e8 

  0x00000289d0024360: ;   {metadata(method data for {method} {0x00000289f2c8c6c0} 'run' '()V' in 'com/google/common/util/concurrent/InterruptibleTask')}
  0x00000289d0024360: 0000 0049 | b818 78e0 | f289 0200 | 008b 5208 | 48c1 e203 | 493b 90c0 | 0400 0075 | 0d49 8380 
  0x00000289d0024380: c804 0000 | 01e9 6000 | 0000 493b | 90d0 0400 | 0075 0d49 | 8380 d804 | 0000 01e9 | 4a00 0000 
  0x00000289d00243a0: 4983 b8c0 | 0400 0000 | 7517 4989 | 90c0 0400 | 0049 c780 | c804 0000 | 0100 0000 | e929 0000 
  0x00000289d00243c0: 0049 83b8 | d004 0000 | 0075 1749 | 8990 d004 | 0000 49c7 | 80d8 0400 | 0001 0000 | 00e9 0800 
  0x00000289d00243e0: 0000 4983 | 80b0 0400 | 0001 4c8b | c048 8b94 | 24e8 0000 | 0048 b8ff | ffff ffff 

  0x00000289d00243fc: ;   {virtual_call}
  0x00000289d00243fc: ffff ffe8 

  0x00000289d0024400: ; ImmutableOopMap {}
                      ;*invokevirtual afterRanInterruptiblyFailure {reexecute=0 rethrow=0 return_oop=0}
                      ; - com.google.common.util.concurrent.InterruptibleTask::run@136 (line 90)
  0x00000289d0024400: 7caf 9305 

  0x00000289d0024404: ;   {other}
  0x00000289d0024404: 0f1f 8400 | 7425 0007 

  0x00000289d002440c: ;   {metadata(method data for {method} {0x00000289f2c8c6c0} 'run' '()V' in 'com/google/common/util/concurrent/InterruptibleTask')}
  0x00000289d002440c: 49b8 1878 | e0f2 8902 | 0000 41ff | 80e8 0400 | 0048 81c4 | 8001 0000 

  0x00000289d0024424: ;   {poll_return}
  0x00000289d0024424: 5d49 3ba7 | 4804 0000 | 0f87 7c11 

  0x00000289d0024430: ;   {metadata(method data for {method} {0x00000289f2c8c6c0} 'run' '()V' in 'com/google/common/util/concurrent/InterruptibleTask')}
  0x00000289d0024430: 0000 c349 | b818 78e0 | f289 0200 | 0049 8380 | e802 0000 

  0x00000289d0024444: ;   {metadata(method data for {method} {0x00000289f2d8e238} 'uncheckedCastNullableTToT' '(Ljava/lang/Object;)Ljava/lang/Object;' in 'com/google/common/util/concurrent/NullnessCasts')}
  0x00000289d0024444: 0149 b858 | c3e0 f289 | 0200 0041 | 8b90 cc00 | 0000 83c2 | 0241 8990 | cc00 0000 | 81e2 feff 
  0x00000289d0024464: 1f00 85d2 | 0f84 5611 | 0000 488b | 9424 e800 

  0x00000289d0024474: ;   {metadata(method data for {method} {0x00000289f2c8c6c0} 'run' '()V' in 'com/google/common/util/concurrent/InterruptibleTask')}
  0x00000289d0024474: 0000 49b8 | 1878 e0f2 | 8902 0000 | 8b52 0848 | c1e2 0349 | 3b90 0803 | 0000 750d | 4983 8010 
  0x00000289d0024494: 0300 0001 | e960 0000 | 0049 3b90 | 1803 0000 | 750d 4983 | 8020 0300 | 0001 e94a | 0000 0049 
  0x00000289d00244b4: 83b8 0803 | 0000 0075 | 1749 8990 | 0803 0000 | 49c7 8010 | 0300 0001 | 0000 00e9 | 2900 0000 
  0x00000289d00244d4: 4983 b818 | 0300 0000 | 7517 4989 | 9018 0300 | 0049 c780 | 2003 0000 | 0100 0000 | e908 0000 
  0x00000289d00244f4: 0049 8380 | f802 0000 | 014c 8b84 | 2400 0100 | 0048 8b94 | 24e8 0000 | 0048 b880 | c222 0101 
  0x00000289d0024514: ;   {virtual_call}
  0x00000289d0024514: 0000 00e8 

  0x00000289d0024518: ; ImmutableOopMap {}
                      ;*invokevirtual afterRanInterruptiblySuccess {reexecute=0 rethrow=0 return_oop=0}
                      ; - com.google.common.util.concurrent.InterruptibleTask::run@71 (line 88)
  0x00000289d0024518: 2471 ffff 

  0x00000289d002451c: ;   {other}
  0x00000289d002451c: 0f1f 8400 | 8c26 0008 

  0x00000289d0024524: ;   {metadata(method data for {method} {0x00000289f2c8c6c0} 'run' '()V' in 'com/google/common/util/concurrent/InterruptibleTask')}
  0x00000289d0024524: 49b8 1878 | e0f2 8902 | 0000 41ff | 8030 0300 | 0048 81c4 | 8001 0000 

  0x00000289d002453c: ;   {poll_return}
  0x00000289d002453c: 5d49 3ba7 | 4804 0000 | 0f87 9b10 | 0000 c348 | 81c4 8001 

  0x00000289d0024550: ;   {poll_return}
  0x00000289d0024550: 0000 5d49 | 3ba7 4804 | 0000 0f87 | 9b10 0000 

  0x00000289d0024560: ;   {metadata(method data for {method} {0x00000289f2c8c6c0} 'run' '()V' in 'com/google/common/util/concurrent/InterruptibleTask')}
  0x00000289d0024560: c349 b818 | 78e0 f289 | 0200 0049 | 8380 a805 

  0x00000289d0024570: ;   {metadata(method data for {method} {0x00000289f2d8e238} 'uncheckedCastNullableTToT' '(Ljava/lang/Object;)Ljava/lang/Object;' in 'com/google/common/util/concurrent/NullnessCasts')}
  0x00000289d0024570: 0000 0149 | b858 c3e0 | f289 0200 | 0041 8b90 | cc00 0000 | 83c2 0241 | 8990 cc00 | 0000 81e2 
  0x00000289d0024590: feff 1f00 | 85d2 0f84 | 7510 0000 | 488b 9424 | e800 0000 

  0x00000289d00245a4: ;   {metadata(method data for {method} {0x00000289f2c8c6c0} 'run' '()V' in 'com/google/common/util/concurrent/InterruptibleTask')}
  0x00000289d00245a4: 49b8 1878 | e0f2 8902 | 0000 8b52 | 0848 c1e2 | 0349 3b90 | c805 0000 | 750d 4983 | 80d0 0500 
  0x00000289d00245c4: 0001 e960 | 0000 0049 | 3b90 d805 | 0000 750d | 4983 80e0 | 0500 0001 | e94a 0000 | 0049 83b8 
  0x00000289d00245e4: c805 0000 | 0075 1749 | 8990 c805 | 0000 49c7 | 80d0 0500 | 0001 0000 | 00e9 2900 | 0000 4983 
  0x00000289d0024604: b8d8 0500 | 0000 7517 | 4989 90d8 | 0500 0049 | c780 e005 | 0000 0100 | 0000 e908 | 0000 0049 
  0x00000289d0024624: 8380 b805 

  0x00000289d0024628: ;   {oop(nullptr)}
  0x00000289d0024628: 0000 0149 | b800 0000 | 0000 0000 | 0048 8b94 | 24e8 0000 | 0048 b8ff | ffff ffff 

  0x00000289d0024644: ;   {virtual_call}
  0x00000289d0024644: ffff ffe8 

  0x00000289d0024648: ; ImmutableOopMap {[272]=Oop }
                      ;*invokevirtual afterRanInterruptiblySuccess {reexecute=0 rethrow=0 return_oop=0}
                      ; - com.google.common.util.concurrent.InterruptibleTask::run@174 (line 88)
  0x00000289d0024648: 34ad 9305 

  0x00000289d002464c: ;   {other}
  0x00000289d002464c: 0f1f 8400 | bc27 0009 

  0x00000289d0024654: ;   {metadata(method data for {method} {0x00000289f2c8c6c0} 'run' '()V' in 'com/google/common/util/concurrent/InterruptibleTask')}
  0x00000289d0024654: 48b8 1878 | e0f2 8902 | 0000 ff80 | f005 0000 | 488b 8424 | 1001 0000 | e980 1100 | 000f 1f80 
  0x00000289d0024674: 0000 0000 

  0x00000289d0024678: ;   {no_reloc}
  0x00000289d0024678: e9c4 0f00 | 0000 0000 | 0000 498b | 87b8 0100 | 0048 8d78 | 2849 3bbf | c801 0000 | 0f87 b10f 
  0x00000289d0024698: 0000 4989 | bfb8 0100 | 0048 c700 | 0100 0000 | 488b ca48 | c1e9 0389 | 4808 4833 | c989 480c 
  0x00000289d00246b8: 4833 c948 | 8948 1048 | 8948 1848 

  0x00000289d00246c4: ;   {oop(a 'java/lang/Class'{0x0000000080586f60} = 'java/lang/Object')}
  0x00000289d00246c4: 8948 2048 | ba60 6f58 | 8000 0000 | 004c 8bc2 

  0x00000289d00246d4: ;   {metadata(method data for {method} {0x00000289e401e470} 'cast' '(Ljava/lang/Object;)Ljava/lang/Object;' in 'java/lang/Class')}
  0x00000289d00246d4: 48be 5026 | 9ee4 8902 | 0000 4883 | 8688 0100 

  0x00000289d00246e4: ;   {oop(a 'com/google/common/util/concurrent/InterruptibleTask$DoNothingRunnable'{0x0000000087dc2940})}
  0x00000289d00246e4: 0001 49b8 | 4029 dc87 | 0000 0000 | 4889 8424 | 1801 0000 | 0f1f 8000 

  0x00000289d00246fc: ;   {optimized virtual_call}
  0x00000289d00246fc: 0000 00e8 

  0x00000289d0024700: ; ImmutableOopMap {[232]=Oop [240]=Oop [272]=Oop [280]=Oop }
                      ;*invokevirtual cannotCastMsg {reexecute=0 rethrow=0 return_oop=0}
                      ; - java.lang.Class::cast@18
                      ; - java.lang.invoke.VarHandleReferences$FieldInstanceReadWrite::compareAndSet@41
                      ; - java.lang.invoke.VarHandleGuards::guard_LLL_Z@50
                      ; - java.util.concurrent.atomic.AtomicReference::compareAndSet@6
                      ; - com.google.common.util.concurrent.InterruptibleTask::run@149 (line 82)
  0x00000289d0024700: 7ca7 9305 

  0x00000289d0024704: ;   {other}
  0x00000289d0024704: 0f1f 8400 | 7428 000a | 4c8b 8424 | 1801 0000 

  0x00000289d0024714: ;   {metadata(method data for {method} {0x00000289e401e470} 'cast' '(Ljava/lang/Object;)Ljava/lang/Object;' in 'java/lang/Class')}
  0x00000289d0024714: 48ba 5026 | 9ee4 8902 | 0000 4883 | 82c0 0100 | 0001 4c8b | c048 8b94 | 2418 0100 | 0066 0f1f 
  0x00000289d0024734: ;   {optimized virtual_call}
  0x00000289d0024734: 4400 00e8 

  0x00000289d0024738: ; ImmutableOopMap {[232]=Oop [240]=Oop [272]=Oop [280]=Oop }
                      ;*invokespecial <init> {reexecute=0 rethrow=0 return_oop=0}
                      ; - java.lang.Class::cast@21
                      ; - java.lang.invoke.VarHandleReferences$FieldInstanceReadWrite::compareAndSet@41
                      ; - java.lang.invoke.VarHandleGuards::guard_LLL_Z@50
                      ; - java.util.concurrent.atomic.AtomicReference::compareAndSet@6
                      ; - com.google.common.util.concurrent.InterruptibleTask::run@149 (line 82)
  0x00000289d0024738: 44a7 9305 

  0x00000289d002473c: ;   {other}
  0x00000289d002473c: 0f1f 8400 | ac28 000b | 488b 8424 | 1801 0000 | e9a0 1000 | 000f 1f80 | 0000 0000 

  0x00000289d0024758: ;   {no_reloc}
  0x00000289d0024758: e90a 0f00 | 0000 0000 | 0000 498b | 87b8 0100 | 0048 8d78 | 2849 3bbf | c801 0000 | 0f87 f70e 
  0x00000289d0024778: 0000 4989 | bfb8 0100 | 0048 c700 | 0100 0000 | 488b ca48 | c1e9 0389 | 4808 4833 | c989 480c 
  0x00000289d0024798: 4833 c948 | 8948 1048 | 8948 1848 

  0x00000289d00247a4: ;   {oop(a 'java/lang/Class'{0x0000000080586f60} = 'java/lang/Object')}
  0x00000289d00247a4: 8948 2048 | ba60 6f58 | 8000 0000 | 004c 8bc2 

  0x00000289d00247b4: ;   {metadata(method data for {method} {0x00000289e401e470} 'cast' '(Ljava/lang/Object;)Ljava/lang/Object;' in 'java/lang/Class')}
  0x00000289d00247b4: 48be 5026 | 9ee4 8902 | 0000 4883 | 8688 0100 | 0001 4c8b | 8424 f000 | 0000 4889 | 8424 2001 
  0x00000289d00247d4: ;   {optimized virtual_call}
  0x00000289d00247d4: 0000 90e8 

  0x00000289d00247d8: ; ImmutableOopMap {[232]=Oop [240]=Oop [272]=Oop [288]=Oop }
                      ;*invokevirtual cannotCastMsg {reexecute=0 rethrow=0 return_oop=0}
                      ; - java.lang.Class::cast@18
                      ; - java.lang.invoke.VarHandleReferences$FieldInstanceReadWrite::compareAndSet@32
                      ; - java.lang.invoke.VarHandleGuards::guard_LLL_Z@50
                      ; - java.util.concurrent.atomic.AtomicReference::compareAndSet@6
                      ; - com.google.common.util.concurrent.InterruptibleTask::run@149 (line 82)
  0x00000289d00247d8: a4a6 9305 

  0x00000289d00247dc: ;   {other}
  0x00000289d00247dc: 0f1f 8400 | 4c29 000c | 4c8b 8424 | 2001 0000 

  0x00000289d00247ec: ;   {metadata(method data for {method} {0x00000289e401e470} 'cast' '(Ljava/lang/Object;)Ljava/lang/Object;' in 'java/lang/Class')}
  0x00000289d00247ec: 48ba 5026 | 9ee4 8902 | 0000 4883 | 82c0 0100 | 0001 4c8b | c048 8b94 | 2420 0100 | 0066 0f1f 
  0x00000289d002480c: ;   {optimized virtual_call}
  0x00000289d002480c: 4400 00e8 

  0x00000289d0024810: ; ImmutableOopMap {[232]=Oop [240]=Oop [272]=Oop [288]=Oop }
                      ;*invokespecial <init> {reexecute=0 rethrow=0 return_oop=0}
                      ; - java.lang.Class::cast@21
                      ; - java.lang.invoke.VarHandleReferences$FieldInstanceReadWrite::compareAndSet@32
                      ; - java.lang.invoke.VarHandleGuards::guard_LLL_Z@50
                      ; - java.util.concurrent.atomic.AtomicReference::compareAndSet@6
                      ; - com.google.common.util.concurrent.InterruptibleTask::run@149 (line 82)
  0x00000289d0024810: 6ca6 9305 

  0x00000289d0024814: ;   {other}
  0x00000289d0024814: 0f1f 8400 | 8429 000d | 488b 8424 | 2001 0000 | e9c8 0f00 | 000f 1f80 | 0000 0000 

  0x00000289d0024830: ;   {no_reloc}
  0x00000289d0024830: e958 0e00 | 0000 0000 | 0000 498b | 87b8 0100 | 0048 8d78 | 2849 3bbf | c801 0000 | 0f87 450e 
  0x00000289d0024850: 0000 4989 | bfb8 0100 | 0048 c700 | 0100 0000 | 488b ca48 | c1e9 0389 | 4808 4833 | c989 480c 
  0x00000289d0024870: 4833 c948 | 8948 1048 | 8948 1848 

  0x00000289d002487c: ;   {oop(a 'java/lang/Class'{0x0000000080525298} = 'java/util/concurrent/atomic/AtomicReference')}
  0x00000289d002487c: 8948 2048 | ba98 5252 | 8000 0000 | 004c 8bc2 

  0x00000289d002488c: ;   {metadata(method data for {method} {0x00000289e401e470} 'cast' '(Ljava/lang/Object;)Ljava/lang/Object;' in 'java/lang/Class')}
  0x00000289d002488c: 48be 5026 | 9ee4 8902 | 0000 4883 | 8688 0100 | 0001 4c8b | 8424 e800 | 0000 4889 | 8424 2801 
  0x00000289d00248ac: ;   {optimized virtual_call}
  0x00000289d00248ac: 0000 90e8 

  0x00000289d00248b0: ; ImmutableOopMap {[232]=Oop [240]=Oop [272]=Oop [296]=Oop }
                      ;*invokevirtual cannotCastMsg {reexecute=0 rethrow=0 return_oop=0}
                      ; - java.lang.Class::cast@18
                      ; - java.lang.invoke.VarHandleReferences$FieldInstanceReadWrite::compareAndSet@15
                      ; - java.lang.invoke.VarHandleGuards::guard_LLL_Z@50
                      ; - java.util.concurrent.atomic.AtomicReference::compareAndSet@6
                      ; - com.google.common.util.concurrent.InterruptibleTask::run@149 (line 82)
  0x00000289d00248b0: cca5 9305 

  0x00000289d00248b4: ;   {other}
  0x00000289d00248b4: 0f1f 8400 | 242a 000e | 4c8b 8424 | 2801 0000 

  0x00000289d00248c4: ;   {metadata(method data for {method} {0x00000289e401e470} 'cast' '(Ljava/lang/Object;)Ljava/lang/Object;' in 'java/lang/Class')}
  0x00000289d00248c4: 48ba 5026 | 9ee4 8902 | 0000 4883 | 82c0 0100 | 0001 4c8b | c048 8b94 | 2428 0100 | 0066 0f1f 
  0x00000289d00248e4: ;   {optimized virtual_call}
  0x00000289d00248e4: 4400 00e8 

  0x00000289d00248e8: ; ImmutableOopMap {[232]=Oop [240]=Oop [272]=Oop [296]=Oop }
                      ;*invokespecial <init> {reexecute=0 rethrow=0 return_oop=0}
                      ; - java.lang.Class::cast@21
                      ; - java.lang.invoke.VarHandleReferences$FieldInstanceReadWrite::compareAndSet@15
                      ; - java.lang.invoke.VarHandleGuards::guard_LLL_Z@50
                      ; - java.util.concurrent.atomic.AtomicReference::compareAndSet@6
                      ; - com.google.common.util.concurrent.InterruptibleTask::run@149 (line 82)
  0x00000289d00248e8: 94a5 9305 

  0x00000289d00248ec: ;   {other}
  0x00000289d00248ec: 0f1f 8400 | 5c2a 000f | 488b 8424 | 2801 0000 | e9f0 0e00 | 000f 1f80 | 0000 0000 

  0x00000289d0024908: ;   {no_reloc}
  0x00000289d0024908: e9a6 0d00 | 0000 0000 | 0000 498b | 87b8 0100 | 0048 8d78 | 2849 3bbf | c801 0000 | 0f87 930d 
  0x00000289d0024928: 0000 4989 | bfb8 0100 | 0048 c700 | 0100 0000 | 488b ca48 | c1e9 0389 | 4808 4833 | c989 480c 
  0x00000289d0024948: 4833 c948 | 8948 1048 | 8948 1848 

  0x00000289d0024954: ;   {oop(a 'java/lang/Class'{0x0000000080586f60} = 'java/lang/Object')}
  0x00000289d0024954: 8948 2048 | ba60 6f58 | 8000 0000 | 004c 8bc2 

  0x00000289d0024964: ;   {metadata(method data for {method} {0x00000289e401e470} 'cast' '(Ljava/lang/Object;)Ljava/lang/Object;' in 'java/lang/Class')}
  0x00000289d0024964: 48be 5026 | 9ee4 8902 | 0000 4883 | 8688 0100 

  0x00000289d0024974: ;   {oop(a 'com/google/common/util/concurrent/InterruptibleTask$DoNothingRunnable'{0x0000000087dc2940})}
  0x00000289d0024974: 0001 49b8 | 4029 dc87 | 0000 0000 | 4889 8424 | 3001 0000 | 0f1f 8000 

  0x00000289d002498c: ;   {optimized virtual_call}
  0x00000289d002498c: 0000 00e8 

  0x00000289d0024990: ; ImmutableOopMap {[232]=Oop [240]=Oop [264]=Oop [304]=Oop }
                      ;*invokevirtual cannotCastMsg {reexecute=0 rethrow=0 return_oop=0}
                      ; - java.lang.Class::cast@18
                      ; - java.lang.invoke.VarHandleReferences$FieldInstanceReadWrite::compareAndSet@41
                      ; - java.lang.invoke.VarHandleGuards::guard_LLL_Z@50
                      ; - java.util.concurrent.atomic.AtomicReference::compareAndSet@6
                      ; - com.google.common.util.concurrent.InterruptibleTask::run@102 (line 82)
  0x00000289d0024990: eca4 9305 

  0x00000289d0024994: ;   {other}
  0x00000289d0024994: 0f1f 8400 | 042b 0010 | 4c8b 8424 | 3001 0000 

  0x00000289d00249a4: ;   {metadata(method data for {method} {0x00000289e401e470} 'cast' '(Ljava/lang/Object;)Ljava/lang/Object;' in 'java/lang/Class')}
  0x00000289d00249a4: 48ba 5026 | 9ee4 8902 | 0000 4883 | 82c0 0100 | 0001 4c8b | c048 8b94 | 2430 0100 | 0066 0f1f 
  0x00000289d00249c4: ;   {optimized virtual_call}
  0x00000289d00249c4: 4400 00e8 

  0x00000289d00249c8: ; ImmutableOopMap {[232]=Oop [240]=Oop [264]=Oop [304]=Oop }
                      ;*invokespecial <init> {reexecute=0 rethrow=0 return_oop=0}
                      ; - java.lang.Class::cast@21
                      ; - java.lang.invoke.VarHandleReferences$FieldInstanceReadWrite::compareAndSet@41
                      ; - java.lang.invoke.VarHandleGuards::guard_LLL_Z@50
                      ; - java.util.concurrent.atomic.AtomicReference::compareAndSet@6
                      ; - com.google.common.util.concurrent.InterruptibleTask::run@102 (line 82)
  0x00000289d00249c8: b4a4 9305 

  0x00000289d00249cc: ;   {other}
  0x00000289d00249cc: 0f1f 8400 | 3c2b 0011 | 488b 8424 | 3001 0000 | e910 0e00 | 000f 1f80 | 0000 0000 

  0x00000289d00249e8: ;   {no_reloc}
  0x00000289d00249e8: e9ec 0c00 | 0000 0000 | 0000 498b | 87b8 0100 | 0048 8d78 | 2849 3bbf | c801 0000 | 0f87 d90c 
  0x00000289d0024a08: 0000 4989 | bfb8 0100 | 0048 c700 | 0100 0000 | 488b ca48 | c1e9 0389 | 4808 4833 | c989 480c 
  0x00000289d0024a28: 4833 c948 | 8948 1048 | 8948 1848 

  0x00000289d0024a34: ;   {oop(a 'java/lang/Class'{0x0000000080586f60} = 'java/lang/Object')}
  0x00000289d0024a34: 8948 2048 | ba60 6f58 | 8000 0000 | 004c 8bc2 

  0x00000289d0024a44: ;   {metadata(method data for {method} {0x00000289e401e470} 'cast' '(Ljava/lang/Object;)Ljava/lang/Object;' in 'java/lang/Class')}
  0x00000289d0024a44: 48be 5026 | 9ee4 8902 | 0000 4883 | 8688 0100 | 0001 4c8b | 8424 f000 | 0000 4889 | 8424 3801 
  0x00000289d0024a64: ;   {optimized virtual_call}
  0x00000289d0024a64: 0000 90e8 

  0x00000289d0024a68: ; ImmutableOopMap {[232]=Oop [240]=Oop [264]=Oop [312]=Oop }
                      ;*invokevirtual cannotCastMsg {reexecute=0 rethrow=0 return_oop=0}
                      ; - java.lang.Class::cast@18
                      ; - java.lang.invoke.VarHandleReferences$FieldInstanceReadWrite::compareAndSet@32
                      ; - java.lang.invoke.VarHandleGuards::guard_LLL_Z@50
                      ; - java.util.concurrent.atomic.AtomicReference::compareAndSet@6
                      ; - com.google.common.util.concurrent.InterruptibleTask::run@102 (line 82)
  0x00000289d0024a68: 14a4 9305 

  0x00000289d0024a6c: ;   {other}
  0x00000289d0024a6c: 0f1f 8400 | dc2b 0012 | 4c8b 8424 | 3801 0000 

  0x00000289d0024a7c: ;   {metadata(method data for {method} {0x00000289e401e470} 'cast' '(Ljava/lang/Object;)Ljava/lang/Object;' in 'java/lang/Class')}
  0x00000289d0024a7c: 48ba 5026 | 9ee4 8902 | 0000 4883 | 82c0 0100 | 0001 4c8b | c048 8b94 | 2438 0100 | 0066 0f1f 
  0x00000289d0024a9c: ;   {optimized virtual_call}
  0x00000289d0024a9c: 4400 00e8 

  0x00000289d0024aa0: ; ImmutableOopMap {[232]=Oop [240]=Oop [264]=Oop [312]=Oop }
                      ;*invokespecial <init> {reexecute=0 rethrow=0 return_oop=0}
                      ; - java.lang.Class::cast@21
                      ; - java.lang.invoke.VarHandleReferences$FieldInstanceReadWrite::compareAndSet@32
                      ; - java.lang.invoke.VarHandleGuards::guard_LLL_Z@50
                      ; - java.util.concurrent.atomic.AtomicReference::compareAndSet@6
                      ; - com.google.common.util.concurrent.InterruptibleTask::run@102 (line 82)
  0x00000289d0024aa0: dca3 9305 

  0x00000289d0024aa4: ;   {other}
  0x00000289d0024aa4: 0f1f 8400 | 142c 0013 | 488b 8424 | 3801 0000 | e938 0d00 | 000f 1f80 | 0000 0000 

  0x00000289d0024ac0: ;   {no_reloc}
  0x00000289d0024ac0: e93a 0c00 | 0000 0000 | 0000 498b | 87b8 0100 | 0048 8d78 | 2849 3bbf | c801 0000 | 0f87 270c 
  0x00000289d0024ae0: 0000 4989 | bfb8 0100 | 0048 c700 | 0100 0000 | 488b ca48 | c1e9 0389 | 4808 4833 | c989 480c 
  0x00000289d0024b00: 4833 c948 | 8948 1048 | 8948 1848 

  0x00000289d0024b0c: ;   {oop(a 'java/lang/Class'{0x0000000080525298} = 'java/util/concurrent/atomic/AtomicReference')}
  0x00000289d0024b0c: 8948 2048 | ba98 5252 | 8000 0000 | 004c 8bc2 

  0x00000289d0024b1c: ;   {metadata(method data for {method} {0x00000289e401e470} 'cast' '(Ljava/lang/Object;)Ljava/lang/Object;' in 'java/lang/Class')}
  0x00000289d0024b1c: 48be 5026 | 9ee4 8902 | 0000 4883 | 8688 0100 | 0001 4c8b | 8424 e800 | 0000 4889 | 8424 4001 
  0x00000289d0024b3c: ;   {optimized virtual_call}
  0x00000289d0024b3c: 0000 90e8 

  0x00000289d0024b40: ; ImmutableOopMap {[232]=Oop [240]=Oop [264]=Oop [320]=Oop }
                      ;*invokevirtual cannotCastMsg {reexecute=0 rethrow=0 return_oop=0}
                      ; - java.lang.Class::cast@18
                      ; - java.lang.invoke.VarHandleReferences$FieldInstanceReadWrite::compareAndSet@15
                      ; - java.lang.invoke.VarHandleGuards::guard_LLL_Z@50
                      ; - java.util.concurrent.atomic.AtomicReference::compareAndSet@6
                      ; - com.google.common.util.concurrent.InterruptibleTask::run@102 (line 82)
  0x00000289d0024b40: 3ca3 9305 

  0x00000289d0024b44: ;   {other}
  0x00000289d0024b44: 0f1f 8400 | b42c 0014 | 4c8b 8424 | 4001 0000 

  0x00000289d0024b54: ;   {metadata(method data for {method} {0x00000289e401e470} 'cast' '(Ljava/lang/Object;)Ljava/lang/Object;' in 'java/lang/Class')}
  0x00000289d0024b54: 48ba 5026 | 9ee4 8902 | 0000 4883 | 82c0 0100 | 0001 4c8b | c048 8b94 | 2440 0100 | 0066 0f1f 
  0x00000289d0024b74: ;   {optimized virtual_call}
  0x00000289d0024b74: 4400 00e8 

  0x00000289d0024b78: ; ImmutableOopMap {[232]=Oop [240]=Oop [264]=Oop [320]=Oop }
                      ;*invokespecial <init> {reexecute=0 rethrow=0 return_oop=0}
                      ; - java.lang.Class::cast@21
                      ; - java.lang.invoke.VarHandleReferences$FieldInstanceReadWrite::compareAndSet@15
                      ; - java.lang.invoke.VarHandleGuards::guard_LLL_Z@50
                      ; - java.util.concurrent.atomic.AtomicReference::compareAndSet@6
                      ; - com.google.common.util.concurrent.InterruptibleTask::run@102 (line 82)
  0x00000289d0024b78: 04a3 9305 

  0x00000289d0024b7c: ;   {other}
  0x00000289d0024b7c: 0f1f 8400 | ec2c 0015 | 488b 8424 | 4001 0000 | e960 0c00 | 0048 89bc | 2400 0100 | 000f 1f80 
  0x00000289d0024b9c: 0000 0000 

  0x00000289d0024ba0: ;   {no_reloc}
  0x00000289d0024ba0: e980 0b00 | 0000 0000 | 0000 498b | 87b8 0100 | 0048 8d78 | 2849 3bbf | c801 0000 | 0f87 6d0b 
  0x00000289d0024bc0: 0000 4989 | bfb8 0100 | 0048 c700 | 0100 0000 | 488b ca48 | c1e9 0389 | 4808 4833 | c989 480c 
  0x00000289d0024be0: 4833 c948 | 8948 1048 | 8948 1848 

  0x00000289d0024bec: ;   {oop(a 'java/lang/Class'{0x0000000080586f60} = 'java/lang/Object')}
  0x00000289d0024bec: 8948 2048 | ba60 6f58 | 8000 0000 | 004c 8bc2 

  0x00000289d0024bfc: ;   {metadata(method data for {method} {0x00000289e401e470} 'cast' '(Ljava/lang/Object;)Ljava/lang/Object;' in 'java/lang/Class')}
  0x00000289d0024bfc: 48be 5026 | 9ee4 8902 | 0000 4883 | 8688 0100 

  0x00000289d0024c0c: ;   {oop(a 'com/google/common/util/concurrent/InterruptibleTask$DoNothingRunnable'{0x0000000087dc2940})}
  0x00000289d0024c0c: 0001 49b8 | 4029 dc87 | 0000 0000 | 4889 8424 | 4801 0000 | 0f1f 8000 

  0x00000289d0024c24: ;   {optimized virtual_call}
  0x00000289d0024c24: 0000 00e8 

  0x00000289d0024c28: ; ImmutableOopMap {[232]=Oop [240]=Oop [256]=Oop [328]=Oop }
                      ;*invokevirtual cannotCastMsg {reexecute=0 rethrow=0 return_oop=0}
                      ; - java.lang.Class::cast@18
                      ; - java.lang.invoke.VarHandleReferences$FieldInstanceReadWrite::compareAndSet@41
                      ; - java.lang.invoke.VarHandleGuards::guard_LLL_Z@50
                      ; - java.util.concurrent.atomic.AtomicReference::compareAndSet@6
                      ; - com.google.common.util.concurrent.InterruptibleTask::run@46 (line 82)
  0x00000289d0024c28: 54a2 9305 

  0x00000289d0024c2c: ;   {other}
  0x00000289d0024c2c: 0f1f 8400 | 9c2d 0016 | 4c8b 8424 | 4801 0000 

  0x00000289d0024c3c: ;   {metadata(method data for {method} {0x00000289e401e470} 'cast' '(Ljava/lang/Object;)Ljava/lang/Object;' in 'java/lang/Class')}
  0x00000289d0024c3c: 48ba 5026 | 9ee4 8902 | 0000 4883 | 82c0 0100 | 0001 4c8b | c048 8b94 | 2448 0100 | 0066 0f1f 
  0x00000289d0024c5c: ;   {optimized virtual_call}
  0x00000289d0024c5c: 4400 00e8 

  0x00000289d0024c60: ; ImmutableOopMap {[232]=Oop [240]=Oop [256]=Oop [328]=Oop }
                      ;*invokespecial <init> {reexecute=0 rethrow=0 return_oop=0}
                      ; - java.lang.Class::cast@21
                      ; - java.lang.invoke.VarHandleReferences$FieldInstanceReadWrite::compareAndSet@41
                      ; - java.lang.invoke.VarHandleGuards::guard_LLL_Z@50
                      ; - java.util.concurrent.atomic.AtomicReference::compareAndSet@6
                      ; - com.google.common.util.concurrent.InterruptibleTask::run@46 (line 82)
  0x00000289d0024c60: 1ca2 9305 

  0x00000289d0024c64: ;   {other}
  0x00000289d0024c64: 0f1f 8400 | d42d 0017 | 488b 8424 | 4801 0000 | e978 0b00 | 0048 89bc | 2400 0100 | 000f 1f80 
  0x00000289d0024c84: 0000 0000 

  0x00000289d0024c88: ;   {no_reloc}
  0x00000289d0024c88: e9be 0a00 | 0000 0000 | 0000 498b | 87b8 0100 | 0048 8d78 | 2849 3bbf | c801 0000 | 0f87 ab0a 
  0x00000289d0024ca8: 0000 4989 | bfb8 0100 | 0048 c700 | 0100 0000 | 488b ca48 | c1e9 0389 | 4808 4833 | c989 480c 
  0x00000289d0024cc8: 4833 c948 | 8948 1048 | 8948 1848 

  0x00000289d0024cd4: ;   {oop(a 'java/lang/Class'{0x0000000080586f60} = 'java/lang/Object')}
  0x00000289d0024cd4: 8948 2048 | ba60 6f58 | 8000 0000 | 004c 8bc2 

  0x00000289d0024ce4: ;   {metadata(method data for {method} {0x00000289e401e470} 'cast' '(Ljava/lang/Object;)Ljava/lang/Object;' in 'java/lang/Class')}
  0x00000289d0024ce4: 48be 5026 | 9ee4 8902 | 0000 4883 | 8688 0100 | 0001 4c8b | 8424 f000 | 0000 4889 | 8424 5001 
  0x00000289d0024d04: ;   {optimized virtual_call}
  0x00000289d0024d04: 0000 90e8 

  0x00000289d0024d08: ; ImmutableOopMap {[232]=Oop [240]=Oop [256]=Oop [336]=Oop }
                      ;*invokevirtual cannotCastMsg {reexecute=0 rethrow=0 return_oop=0}
                      ; - java.lang.Class::cast@18
                      ; - java.lang.invoke.VarHandleReferences$FieldInstanceReadWrite::compareAndSet@32
                      ; - java.lang.invoke.VarHandleGuards::guard_LLL_Z@50
                      ; - java.util.concurrent.atomic.AtomicReference::compareAndSet@6
                      ; - com.google.common.util.concurrent.InterruptibleTask::run@46 (line 82)
  0x00000289d0024d08: 74a1 9305 

  0x00000289d0024d0c: ;   {other}
  0x00000289d0024d0c: 0f1f 8400 | 7c2e 0018 | 4c8b 8424 | 5001 0000 

  0x00000289d0024d1c: ;   {metadata(method data for {method} {0x00000289e401e470} 'cast' '(Ljava/lang/Object;)Ljava/lang/Object;' in 'java/lang/Class')}
  0x00000289d0024d1c: 48ba 5026 | 9ee4 8902 | 0000 4883 | 82c0 0100 | 0001 4c8b | c048 8b94 | 2450 0100 | 0066 0f1f 
  0x00000289d0024d3c: ;   {optimized virtual_call}
  0x00000289d0024d3c: 4400 00e8 

  0x00000289d0024d40: ; ImmutableOopMap {[232]=Oop [240]=Oop [256]=Oop [336]=Oop }
                      ;*invokespecial <init> {reexecute=0 rethrow=0 return_oop=0}
                      ; - java.lang.Class::cast@21
                      ; - java.lang.invoke.VarHandleReferences$FieldInstanceReadWrite::compareAndSet@32
                      ; - java.lang.invoke.VarHandleGuards::guard_LLL_Z@50
                      ; - java.util.concurrent.atomic.AtomicReference::compareAndSet@6
                      ; - com.google.common.util.concurrent.InterruptibleTask::run@46 (line 82)
  0x00000289d0024d40: 3ca1 9305 

  0x00000289d0024d44: ;   {other}
  0x00000289d0024d44: 0f1f 8400 | b42e 0019 | 488b 8424 | 5001 0000 | e998 0a00 | 0048 89bc | 2400 0100 | 000f 1f80 
  0x00000289d0024d64: 0000 0000 

  0x00000289d0024d68: ;   {no_reloc}
  0x00000289d0024d68: e904 0a00 | 0000 0000 | 0000 498b | 87b8 0100 | 0048 8d78 | 2849 3bbf | c801 0000 | 0f87 f109 
  0x00000289d0024d88: 0000 4989 | bfb8 0100 | 0048 c700 | 0100 0000 | 488b ca48 | c1e9 0389 | 4808 4833 | c989 480c 
  0x00000289d0024da8: 4833 c948 | 8948 1048 | 8948 1848 

  0x00000289d0024db4: ;   {oop(a 'java/lang/Class'{0x0000000080525298} = 'java/util/concurrent/atomic/AtomicReference')}
  0x00000289d0024db4: 8948 2048 | ba98 5252 | 8000 0000 | 004c 8bc2 

  0x00000289d0024dc4: ;   {metadata(method data for {method} {0x00000289e401e470} 'cast' '(Ljava/lang/Object;)Ljava/lang/Object;' in 'java/lang/Class')}
  0x00000289d0024dc4: 48be 5026 | 9ee4 8902 | 0000 4883 | 8688 0100 | 0001 4c8b | 8424 e800 | 0000 4889 | 8424 5801 
  0x00000289d0024de4: ;   {optimized virtual_call}
  0x00000289d0024de4: 0000 90e8 

  0x00000289d0024de8: ; ImmutableOopMap {[232]=Oop [240]=Oop [256]=Oop [344]=Oop }
                      ;*invokevirtual cannotCastMsg {reexecute=0 rethrow=0 return_oop=0}
                      ; - java.lang.Class::cast@18
                      ; - java.lang.invoke.VarHandleReferences$FieldInstanceReadWrite::compareAndSet@15
                      ; - java.lang.invoke.VarHandleGuards::guard_LLL_Z@50
                      ; - java.util.concurrent.atomic.AtomicReference::compareAndSet@6
                      ; - com.google.common.util.concurrent.InterruptibleTask::run@46 (line 82)
  0x00000289d0024de8: 94a0 9305 

  0x00000289d0024dec: ;   {other}
  0x00000289d0024dec: 0f1f 8400 | 5c2f 001a | 4c8b 8424 | 5801 0000 

  0x00000289d0024dfc: ;   {metadata(method data for {method} {0x00000289e401e470} 'cast' '(Ljava/lang/Object;)Ljava/lang/Object;' in 'java/lang/Class')}
  0x00000289d0024dfc: 48ba 5026 | 9ee4 8902 | 0000 4883 | 82c0 0100 | 0001 4c8b | c048 8b94 | 2458 0100 | 0066 0f1f 
  0x00000289d0024e1c: ;   {optimized virtual_call}
  0x00000289d0024e1c: 4400 00e8 

  0x00000289d0024e20: ; ImmutableOopMap {[232]=Oop [240]=Oop [256]=Oop [344]=Oop }
                      ;*invokespecial <init> {reexecute=0 rethrow=0 return_oop=0}
                      ; - java.lang.Class::cast@21
                      ; - java.lang.invoke.VarHandleReferences$FieldInstanceReadWrite::compareAndSet@15
                      ; - java.lang.invoke.VarHandleGuards::guard_LLL_Z@50
                      ; - java.util.concurrent.atomic.AtomicReference::compareAndSet@6
                      ; - com.google.common.util.concurrent.InterruptibleTask::run@46 (line 82)
  0x00000289d0024e20: 5ca0 9305 

  0x00000289d0024e24: ;   {other}
  0x00000289d0024e24: 0f1f 8400 | 942f 001b | 488b 8424 | 5801 0000 | e9b8 0900 | 000f 1f80 | 0000 0000 

  0x00000289d0024e40: ;   {no_reloc}
  0x00000289d0024e40: e952 0900 | 0000 0000 | 0000 498b | 87b8 0100 | 0048 8d78 | 2849 3bbf | c801 0000 | 0f87 3f09 
  0x00000289d0024e60: 0000 4989 | bfb8 0100 | 0048 c700 | 0100 0000 | 488b ca48 | c1e9 0389 | 4808 4833 | c989 480c 
  0x00000289d0024e80: 4833 c948 | 8948 1048 | 8948 1848 

  0x00000289d0024e8c: ;   {oop(a 'java/lang/Class'{0x0000000080586f60} = 'java/lang/Object')}
  0x00000289d0024e8c: 8948 2048 | ba60 6f58 | 8000 0000 | 004c 8bc2 

  0x00000289d0024e9c: ;   {metadata(method data for {method} {0x00000289e401e470} 'cast' '(Ljava/lang/Object;)Ljava/lang/Object;' in 'java/lang/Class')}
  0x00000289d0024e9c: 48be 5026 | 9ee4 8902 | 0000 4883 | 8688 0100 | 0001 4c8b | 8424 f000 | 0000 4889 | 8424 6001 
  0x00000289d0024ebc: ;   {optimized virtual_call}
  0x00000289d0024ebc: 0000 90e8 

  0x00000289d0024ec0: ; ImmutableOopMap {[232]=Oop [240]=Oop [352]=Oop }
                      ;*invokevirtual cannotCastMsg {reexecute=0 rethrow=0 return_oop=0}
                      ; - java.lang.Class::cast@18
                      ; - java.lang.invoke.VarHandleReferences$FieldInstanceReadWrite::compareAndSet@41
                      ; - java.lang.invoke.VarHandleGuards::guard_LLL_Z@50
                      ; - java.util.concurrent.atomic.AtomicReference::compareAndSet@6
                      ; - com.google.common.util.concurrent.InterruptibleTask::run@7 (line 66)
  0x00000289d0024ec0: bc9f 9305 

  0x00000289d0024ec4: ;   {other}
  0x00000289d0024ec4: 0f1f 8400 | 3430 001c | 4c8b 8424 | 6001 0000 

  0x00000289d0024ed4: ;   {metadata(method data for {method} {0x00000289e401e470} 'cast' '(Ljava/lang/Object;)Ljava/lang/Object;' in 'java/lang/Class')}
  0x00000289d0024ed4: 48ba 5026 | 9ee4 8902 | 0000 4883 | 82c0 0100 | 0001 4c8b | c048 8b94 | 2460 0100 | 0066 0f1f 
  0x00000289d0024ef4: ;   {optimized virtual_call}
  0x00000289d0024ef4: 4400 00e8 

  0x00000289d0024ef8: ; ImmutableOopMap {[232]=Oop [240]=Oop [352]=Oop }
                      ;*invokespecial <init> {reexecute=0 rethrow=0 return_oop=0}
                      ; - java.lang.Class::cast@21
                      ; - java.lang.invoke.VarHandleReferences$FieldInstanceReadWrite::compareAndSet@41
                      ; - java.lang.invoke.VarHandleGuards::guard_LLL_Z@50
                      ; - java.util.concurrent.atomic.AtomicReference::compareAndSet@6
                      ; - com.google.common.util.concurrent.InterruptibleTask::run@7 (line 66)
  0x00000289d0024ef8: 849f 9305 

  0x00000289d0024efc: ;   {other}
  0x00000289d0024efc: 0f1f 8400 | 6c30 001d | 488b 8424 | 6001 0000 | e9e0 0800 | 0048 8bda | 0f1f 4000 

  0x00000289d0024f18: ;   {no_reloc}
  0x00000289d0024f18: e9a0 0800 | 0000 0000 | 0000 498b | 87b8 0100 | 0048 8d78 | 2849 3bbf | c801 0000 | 0f87 8d08 
  0x00000289d0024f38: 0000 4989 | bfb8 0100 | 0048 c700 | 0100 0000 | 488b ca48 | c1e9 0389 | 4808 4833 | c989 480c 
  0x00000289d0024f58: 4833 c948 | 8948 1048 | 8948 1848 

  0x00000289d0024f64: ;   {oop(a 'java/lang/Class'{0x0000000080525298} = 'java/util/concurrent/atomic/AtomicReference')}
  0x00000289d0024f64: 8948 2048 | ba98 5252 | 8000 0000 | 004c 8bc2 

  0x00000289d0024f74: ;   {metadata(method data for {method} {0x00000289e401e470} 'cast' '(Ljava/lang/Object;)Ljava/lang/Object;' in 'java/lang/Class')}
  0x00000289d0024f74: 48be 5026 | 9ee4 8902 | 0000 4883 | 8688 0100 | 0001 4c8b | c348 8984 | 2468 0100 | 0066 0f1f 
  0x00000289d0024f94: ;   {optimized virtual_call}
  0x00000289d0024f94: 4400 00e8 

  0x00000289d0024f98: ; ImmutableOopMap {[232]=Oop [240]=Oop [360]=Oop }
                      ;*invokevirtual cannotCastMsg {reexecute=0 rethrow=0 return_oop=0}
                      ; - java.lang.Class::cast@18
                      ; - java.lang.invoke.VarHandleReferences$FieldInstanceReadWrite::compareAndSet@15
                      ; - java.lang.invoke.VarHandleGuards::guard_LLL_Z@50
                      ; - java.util.concurrent.atomic.AtomicReference::compareAndSet@6
                      ; - com.google.common.util.concurrent.InterruptibleTask::run@7 (line 66)
  0x00000289d0024f98: e49e 9305 

  0x00000289d0024f9c: ;   {other}
  0x00000289d0024f9c: 0f1f 8400 | 0c31 001e | 4c8b 8424 | 6801 0000 

  0x00000289d0024fac: ;   {metadata(method data for {method} {0x00000289e401e470} 'cast' '(Ljava/lang/Object;)Ljava/lang/Object;' in 'java/lang/Class')}
  0x00000289d0024fac: 48ba 5026 | 9ee4 8902 | 0000 4883 | 82c0 0100 | 0001 4c8b | c048 8b94 | 2468 0100 | 0066 0f1f 
  0x00000289d0024fcc: ;   {optimized virtual_call}
  0x00000289d0024fcc: 4400 00e8 

  0x00000289d0024fd0: ; ImmutableOopMap {[232]=Oop [240]=Oop [360]=Oop }
                      ;*invokespecial <init> {reexecute=0 rethrow=0 return_oop=0}
                      ; - java.lang.Class::cast@21
                      ; - java.lang.invoke.VarHandleReferences$FieldInstanceReadWrite::compareAndSet@15
                      ; - java.lang.invoke.VarHandleGuards::guard_LLL_Z@50
                      ; - java.util.concurrent.atomic.AtomicReference::compareAndSet@6
                      ; - com.google.common.util.concurrent.InterruptibleTask::run@7 (line 66)
  0x00000289d0024fd0: ac9e 9305 

  0x00000289d0024fd4: ;   {other}
  0x00000289d0024fd4: 0f1f 8400 | 4431 001f | 488b 8424 | 6801 0000 | e908 0800 

  0x00000289d0024fe8: ;   {metadata({method} {0x00000289f2c8c6c0} 'run' '()V' in 'com/google/common/util/concurrent/InterruptibleTask')}
  0x00000289d0024fe8: 0049 bab8 | c6c8 f289 | 0200 004c | 8954 2408 | 48c7 0424 | ffff ffff 

  0x00000289d0025000: ;   {runtime_call counter_overflow Runtime1 stub}
  0x00000289d0025000: e87b 3aa0 

  0x00000289d0025004: ; ImmutableOopMap {rdx=Oop [232]=Oop }
                      ;*synchronization entry
                      ; - com.google.common.util.concurrent.InterruptibleTask::run@-1 (line 65)
  0x00000289d0025004: 05e9 64d5 

  0x00000289d0025008: ;   {metadata({method} {0x00000289e47f0d30} 'compareAndSet' '(Ljava/lang/Object;Ljava/lang/Object;)Z' in 'java/util/concurrent/atomic/AtomicReference')}
  0x00000289d0025008: ffff 49ba | 280d 7fe4 | 8902 0000 | 4c89 5424 | 0848 c704 | 24ff ffff 

  0x00000289d0025020: ;   {runtime_call counter_overflow Runtime1 stub}
  0x00000289d0025020: ffe8 5a3a 

  0x00000289d0025024: ; ImmutableOopMap {rdx=Oop rsi=Oop [232]=Oop [240]=Oop }
                      ;*synchronization entry
                      ; - java.util.concurrent.atomic.AtomicReference::compareAndSet@-1
                      ; - com.google.common.util.concurrent.InterruptibleTask::run@7 (line 66)
  0x00000289d0025024: a005 e9a3 

  0x00000289d0025028: ;   {metadata({method} {0x00000289e47ff9d0} 'guard_LLL_Z' '(Ljava/lang/invoke/VarHandle;Ljava/lang/Object;Ljava/lang/Object;Ljava/lang/Object;Ljava/lang/invoke/VarHandle$AccessDescriptor;)Z' in 'java/lang/invoke/VarHandleGuards')}
  0x00000289d0025028: d5ff ff49 | bac8 f97f | e489 0200 | 004c 8954 | 2408 48c7 | 0424 ffff 

  0x00000289d0025040: ;   {runtime_call counter_overflow Runtime1 stub}
  0x00000289d0025040: ffff e839 

  0x00000289d0025044: ; ImmutableOopMap {rdx=Oop rsi=Oop rdi=Oop [232]=Oop [240]=Oop }
                      ;*synchronization entry
                      ; - java.lang.invoke.VarHandleGuards::guard_LLL_Z@-1
                      ; - java.util.concurrent.atomic.AtomicReference::compareAndSet@6
                      ; - com.google.common.util.concurrent.InterruptibleTask::run@7 (line 66)
  0x00000289d0025044: 3aa0 05e9 | 18d6 ffff 

  0x00000289d002504c: ;   {metadata({method} {0x00000289e409eec0} 'checkAccessModeThenIsDirect' '(Ljava/lang/invoke/VarHandle$AccessDescriptor;)Z' in 'java/lang/invoke/VarHandle')}
  0x00000289d002504c: 49ba b8ee | 09e4 8902 | 0000 4c89 | 5424 0848 | c704 24ff 

  0x00000289d0025060: ;   {runtime_call counter_overflow Runtime1 stub}
  0x00000289d0025060: ffff ffe8 

  0x00000289d0025064: ; ImmutableOopMap {rdx=Oop rsi=Oop [232]=Oop [240]=Oop }
                      ;*synchronization entry
                      ; - java.lang.invoke.VarHandle::checkAccessModeThenIsDirect@-1
                      ; - java.lang.invoke.VarHandleGuards::guard_LLL_Z@3
                      ; - java.util.concurrent.atomic.AtomicReference::compareAndSet@6
                      ; - com.google.common.util.concurrent.InterruptibleTask::run@7 (line 66)
  0x00000289d0025064: 183a a005 | e9d1 d6ff 

  0x00000289d002506c: ;   {metadata({method} {0x00000289e4767b78} 'getMemberName' '(I)Ljava/lang/invoke/MemberName;' in 'java/lang/invoke/VarForm')}
  0x00000289d002506c: ff49 ba70 | 7b76 e489 | 0200 004c | 8954 2408 | 48c7 0424 | ffff ffff 

  0x00000289d0025084: ;   {runtime_call counter_overflow Runtime1 stub}
  0x00000289d0025084: e8f7 39a0 

  0x00000289d0025088: ; ImmutableOopMap {rdx=Oop rsi=Oop [232]=Oop [240]=Oop }
                      ;*synchronization entry
                      ; - java.lang.invoke.VarForm::getMemberName@-1
                      ; - java.lang.invoke.VarHandleGuards::guard_LLL_Z@47
                      ; - java.util.concurrent.atomic.AtomicReference::compareAndSet@6
                      ; - com.google.common.util.concurrent.InterruptibleTask::run@7 (line 66)
  0x00000289d0025088: 05e9 23d7 

  0x00000289d002508c: ;   {metadata({method} {0x00000289e47fa898} 'compareAndSet' '(Ljava/lang/invoke/VarHandle;Ljava/lang/Object;Ljava/lang/Object;Ljava/lang/Object;)Z' in 'java/lang/invoke/VarHandleReferences$FieldInstanceReadWrite')}
  0x00000289d002508c: ffff 49ba | 90a8 7fe4 | 8902 0000 | 4c89 5424 | 0848 c704 | 24ff ffff 

  0x00000289d00250a4: ;   {runtime_call counter_overflow Runtime1 stub}
  0x00000289d00250a4: ffe8 d639 

  0x00000289d00250a8: ; ImmutableOopMap {rdx=Oop rsi=Oop [232]=Oop [240]=Oop }
                      ;*synchronization entry
                      ; - java.lang.invoke.VarHandleReferences$FieldInstanceReadWrite::compareAndSet@-1
                      ; - java.lang.invoke.VarHandleGuards::guard_LLL_Z@50
                      ; - java.util.concurrent.atomic.AtomicReference::compareAndSet@6
                      ; - com.google.common.util.concurrent.InterruptibleTask::run@7 (line 66)
  0x00000289d00250a8: a005 e9a1 

  0x00000289d00250ac: ;   {metadata({method} {0x00000289e401e470} 'cast' '(Ljava/lang/Object;)Ljava/lang/Object;' in 'java/lang/Class')}
  0x00000289d00250ac: d7ff ff49 | ba68 e401 | e489 0200 | 004c 8954 | 2408 48c7 | 0424 ffff 

  0x00000289d00250c4: ;   {runtime_call counter_overflow Runtime1 stub}
  0x00000289d00250c4: ffff e8b5 

  0x00000289d00250c8: ; ImmutableOopMap {rdx=Oop rsi=Oop [232]=Oop [240]=Oop }
                      ;*synchronization entry
                      ; - java.lang.Class::cast@-1
                      ; - java.lang.invoke.VarHandleReferences$FieldInstanceReadWrite::compareAndSet@15
                      ; - java.lang.invoke.VarHandleGuards::guard_LLL_Z@50
                      ; - java.util.concurrent.atomic.AtomicReference::compareAndSet@6
                      ; - com.google.common.util.concurrent.InterruptibleTask::run@7 (line 66)
  0x00000289d00250c8: 39a0 05e9 | c3d7 ffff 

  0x00000289d00250d0: ;   {metadata({method} {0x00000289e4177978} 'requireNonNull' '(Ljava/lang/Object;)Ljava/lang/Object;' in 'java/util/Objects')}
  0x00000289d00250d0: 49ba 7079 | 17e4 8902 | 0000 4c89 | 5424 0848 | c704 24ff 

  0x00000289d00250e4: ;   {runtime_call counter_overflow Runtime1 stub}
  0x00000289d00250e4: ffff ffe8 

  0x00000289d00250e8: ; ImmutableOopMap {rdx=Oop rsi=Oop [232]=Oop [240]=Oop }
                      ;*synchronization entry
                      ; - java.util.Objects::requireNonNull@-1
                      ; - java.lang.invoke.VarHandleReferences$FieldInstanceReadWrite::compareAndSet@18
                      ; - java.lang.invoke.VarHandleGuards::guard_LLL_Z@50
                      ; - java.util.concurrent.atomic.AtomicReference::compareAndSet@6
                      ; - com.google.common.util.concurrent.InterruptibleTask::run@7 (line 66)
  0x00000289d00250e8: 9439 a005 | e96a d8ff 

  0x00000289d00250f0: ;   {metadata({method} {0x00000289e401e470} 'cast' '(Ljava/lang/Object;)Ljava/lang/Object;' in 'java/lang/Class')}
  0x00000289d00250f0: ff49 ba68 | e401 e489 | 0200 004c | 8954 2408 | 48c7 0424 | ffff ffff 

  0x00000289d0025108: ;   {runtime_call counter_overflow Runtime1 stub}
  0x00000289d0025108: e873 39a0 

  0x00000289d002510c: ; ImmutableOopMap {rdx=Oop rsi=Oop [232]=Oop [240]=Oop }
                      ;*synchronization entry
                      ; - java.lang.Class::cast@-1
                      ; - java.lang.invoke.VarHandleReferences$FieldInstanceReadWrite::compareAndSet@32
                      ; - java.lang.invoke.VarHandleGuards::guard_LLL_Z@50
                      ; - java.util.concurrent.atomic.AtomicReference::compareAndSet@6
                      ; - com.google.common.util.concurrent.InterruptibleTask::run@7 (line 66)
  0x00000289d002510c: 05e9 9cd8 

  0x00000289d0025110: ;   {metadata({method} {0x00000289e401e470} 'cast' '(Ljava/lang/Object;)Ljava/lang/Object;' in 'java/lang/Class')}
  0x00000289d0025110: ffff 49ba | 68e4 01e4 | 8902 0000 | 4c89 5424 | 0848 c704 | 24ff ffff 

  0x00000289d0025128: ;   {runtime_call counter_overflow Runtime1 stub}
  0x00000289d0025128: ffe8 5239 

  0x00000289d002512c: ; ImmutableOopMap {rdx=Oop rsi=Oop [232]=Oop [240]=Oop }
                      ;*synchronization entry
                      ; - java.lang.Class::cast@-1
                      ; - java.lang.invoke.VarHandleReferences$FieldInstanceReadWrite::compareAndSet@41
                      ; - java.lang.invoke.VarHandleGuards::guard_LLL_Z@50
                      ; - java.util.concurrent.atomic.AtomicReference::compareAndSet@6
                      ; - com.google.common.util.concurrent.InterruptibleTask::run@7 (line 66)
  0x00000289d002512c: a005 e9ce | d8ff ff8b | 0748 83f8 | 000f 8488 | d9ff ff48 

  0x00000289d0025140: ;   {runtime_call g1_pre_barrier_slow}
  0x00000289d0025140: 8904 24e8 | 3840 a005 | e97a d9ff | ff48 83fe | 000f 84a2 | d9ff ff48 

  0x00000289d0025158: ;   {runtime_call g1_post_barrier_slow}
  0x00000289d0025158: 893c 24e8 | 2043 a005 | e994 d9ff 

  0x00000289d0025164: ;   {metadata({method} {0x00000289e47f0d30} 'compareAndSet' '(Ljava/lang/Object;Ljava/lang/Object;)Z' in 'java/util/concurrent/atomic/AtomicReference')}
  0x00000289d0025164: ff49 ba28 | 0d7f e489 | 0200 004c | 8954 2408 | 48c7 0424 | ffff ffff 

  0x00000289d002517c: ;   {runtime_call counter_overflow Runtime1 stub}
  0x00000289d002517c: e8ff 38a0 

  0x00000289d0025180: ; ImmutableOopMap {rdi=Oop rdx=Oop [232]=Oop [240]=Oop }
                      ;*synchronization entry
                      ; - java.util.concurrent.atomic.AtomicReference::compareAndSet@-1
                      ; - com.google.common.util.concurrent.InterruptibleTask::run@46 (line 82)
  0x00000289d0025180: 05e9 eadb 

  0x00000289d0025184: ;   {metadata({method} {0x00000289e47ff9d0} 'guard_LLL_Z' '(Ljava/lang/invoke/VarHandle;Ljava/lang/Object;Ljava/lang/Object;Ljava/lang/Object;Ljava/lang/invoke/VarHandle$AccessDescriptor;)Z' in 'java/lang/invoke/VarHandleGuards')}
  0x00000289d0025184: ffff 49ba | c8f9 7fe4 | 8902 0000 | 4c89 5424 | 0848 c704 | 24ff ffff 

  0x00000289d002519c: ;   {runtime_call counter_overflow Runtime1 stub}
  0x00000289d002519c: ffe8 de38 

  0x00000289d00251a0: ; ImmutableOopMap {rdi=Oop rdx=Oop r8=Oop [232]=Oop [240]=Oop }
                      ;*synchronization entry
                      ; - java.lang.invoke.VarHandleGuards::guard_LLL_Z@-1
                      ; - java.util.concurrent.atomic.AtomicReference::compareAndSet@6
                      ; - com.google.common.util.concurrent.InterruptibleTask::run@46 (line 82)
  0x00000289d00251a0: a005 e960 

  0x00000289d00251a4: ;   {metadata({method} {0x00000289e409eec0} 'checkAccessModeThenIsDirect' '(Ljava/lang/invoke/VarHandle$AccessDescriptor;)Z' in 'java/lang/invoke/VarHandle')}
  0x00000289d00251a4: dcff ff49 | bab8 ee09 | e489 0200 | 004c 8954 | 2408 48c7 | 0424 ffff 

  0x00000289d00251bc: ;   {runtime_call counter_overflow Runtime1 stub}
  0x00000289d00251bc: ffff e8bd 

  0x00000289d00251c0: ; ImmutableOopMap {rdi=Oop rdx=Oop [232]=Oop [240]=Oop }
                      ;*synchronization entry
                      ; - java.lang.invoke.VarHandle::checkAccessModeThenIsDirect@-1
                      ; - java.lang.invoke.VarHandleGuards::guard_LLL_Z@3
                      ; - java.util.concurrent.atomic.AtomicReference::compareAndSet@6
                      ; - com.google.common.util.concurrent.InterruptibleTask::run@46 (line 82)
  0x00000289d00251c0: 38a0 05e9 | 1fdd ffff 

  0x00000289d00251c8: ;   {metadata({method} {0x00000289e4767b78} 'getMemberName' '(I)Ljava/lang/invoke/MemberName;' in 'java/lang/invoke/VarForm')}
  0x00000289d00251c8: 49ba 707b | 76e4 8902 | 0000 4c89 | 5424 0848 | c704 24ff 

  0x00000289d00251dc: ;   {runtime_call counter_overflow Runtime1 stub}
  0x00000289d00251dc: ffff ffe8 

  0x00000289d00251e0: ; ImmutableOopMap {rdi=Oop rdx=Oop [232]=Oop [240]=Oop }
                      ;*synchronization entry
                      ; - java.lang.invoke.VarForm::getMemberName@-1
                      ; - java.lang.invoke.VarHandleGuards::guard_LLL_Z@47
                      ; - java.util.concurrent.atomic.AtomicReference::compareAndSet@6
                      ; - com.google.common.util.concurrent.InterruptibleTask::run@46 (line 82)
  0x00000289d00251e0: 9c38 a005 | e976 ddff 

  0x00000289d00251e8: ;   {metadata({method} {0x00000289e47fa898} 'compareAndSet' '(Ljava/lang/invoke/VarHandle;Ljava/lang/Object;Ljava/lang/Object;Ljava/lang/Object;)Z' in 'java/lang/invoke/VarHandleReferences$FieldInstanceReadWrite')}
  0x00000289d00251e8: ff49 ba90 | a87f e489 | 0200 004c | 8954 2408 | 48c7 0424 | ffff ffff 

  0x00000289d0025200: ;   {runtime_call counter_overflow Runtime1 stub}
  0x00000289d0025200: e87b 38a0 

  0x00000289d0025204: ; ImmutableOopMap {rdi=Oop rdx=Oop [232]=Oop [240]=Oop }
                      ;*synchronization entry
                      ; - java.lang.invoke.VarHandleReferences$FieldInstanceReadWrite::compareAndSet@-1
                      ; - java.lang.invoke.VarHandleGuards::guard_LLL_Z@50
                      ; - java.util.concurrent.atomic.AtomicReference::compareAndSet@6
                      ; - com.google.common.util.concurrent.InterruptibleTask::run@46 (line 82)
  0x00000289d0025204: 05e9 f9dd 

  0x00000289d0025208: ;   {metadata({method} {0x00000289e401e470} 'cast' '(Ljava/lang/Object;)Ljava/lang/Object;' in 'java/lang/Class')}
  0x00000289d0025208: ffff 49ba | 68e4 01e4 | 8902 0000 | 4c89 5424 | 0848 c704 | 24ff ffff 

  0x00000289d0025220: ;   {runtime_call counter_overflow Runtime1 stub}
  0x00000289d0025220: ffe8 5a38 

  0x00000289d0025224: ; ImmutableOopMap {rdi=Oop rdx=Oop [232]=Oop [240]=Oop }
                      ;*synchronization entry
                      ; - java.lang.Class::cast@-1
                      ; - java.lang.invoke.VarHandleReferences$FieldInstanceReadWrite::compareAndSet@15
                      ; - java.lang.invoke.VarHandleGuards::guard_LLL_Z@50
                      ; - java.util.concurrent.atomic.AtomicReference::compareAndSet@6
                      ; - com.google.common.util.concurrent.InterruptibleTask::run@46 (line 82)
  0x00000289d0025224: a005 e920 

  0x00000289d0025228: ;   {metadata({method} {0x00000289e4177978} 'requireNonNull' '(Ljava/lang/Object;)Ljava/lang/Object;' in 'java/util/Objects')}
  0x00000289d0025228: deff ff49 | ba70 7917 | e489 0200 | 004c 8954 | 2408 48c7 | 0424 ffff 

  0x00000289d0025240: ;   {runtime_call counter_overflow Runtime1 stub}
  0x00000289d0025240: ffff e839 

  0x00000289d0025244: ; ImmutableOopMap {rdi=Oop rdx=Oop [232]=Oop [240]=Oop }
                      ;*synchronization entry
                      ; - java.util.Objects::requireNonNull@-1
                      ; - java.lang.invoke.VarHandleReferences$FieldInstanceReadWrite::compareAndSet@18
                      ; - java.lang.invoke.VarHandleGuards::guard_LLL_Z@50
                      ; - java.util.concurrent.atomic.AtomicReference::compareAndSet@6
                      ; - com.google.common.util.concurrent.InterruptibleTask::run@46 (line 82)
  0x00000289d0025244: 38a0 05e9 | ccde ffff 

  0x00000289d002524c: ;   {metadata({method} {0x00000289e401e470} 'cast' '(Ljava/lang/Object;)Ljava/lang/Object;' in 'java/lang/Class')}
  0x00000289d002524c: 49ba 68e4 | 01e4 8902 | 0000 4c89 | 5424 0848 | c704 24ff 

  0x00000289d0025260: ;   {runtime_call counter_overflow Runtime1 stub}
  0x00000289d0025260: ffff ffe8 

  0x00000289d0025264: ; ImmutableOopMap {rdi=Oop rdx=Oop rsi=Oop [232]=Oop [240]=Oop }
                      ;*synchronization entry
                      ; - java.lang.Class::cast@-1
                      ; - java.lang.invoke.VarHandleReferences$FieldInstanceReadWrite::compareAndSet@32
                      ; - java.lang.invoke.VarHandleGuards::guard_LLL_Z@50
                      ; - java.util.concurrent.atomic.AtomicReference::compareAndSet@6
                      ; - com.google.common.util.concurrent.InterruptibleTask::run@46 (line 82)
  0x00000289d0025264: 1838 a005 | e90b dfff 

  0x00000289d002526c: ;   {metadata({method} {0x00000289e401e470} 'cast' '(Ljava/lang/Object;)Ljava/lang/Object;' in 'java/lang/Class')}
  0x00000289d002526c: ff49 ba68 | e401 e489 | 0200 004c | 8954 2408 | 48c7 0424 | ffff ffff 

  0x00000289d0025284: ;   {runtime_call counter_overflow Runtime1 stub}
  0x00000289d0025284: e8f7 37a0 

  0x00000289d0025288: ; ImmutableOopMap {rdi=Oop rdx=Oop rsi=Oop [232]=Oop [240]=Oop }
                      ;*synchronization entry
                      ; - java.lang.Class::cast@-1
                      ; - java.lang.invoke.VarHandleReferences$FieldInstanceReadWrite::compareAndSet@41
                      ; - java.lang.invoke.VarHandleGuards::guard_LLL_Z@50
                      ; - java.util.concurrent.atomic.AtomicReference::compareAndSet@6
                      ; - com.google.common.util.concurrent.InterruptibleTask::run@46 (line 82)
  0x00000289d0025288: 05e9 e0df | ffff 8b03 | 4883 f800 | 0f84 8fe0 | ffff 4889 

  0x00000289d002529c: ;   {runtime_call g1_pre_barrier_slow}
  0x00000289d002529c: 0424 e8dd | 3ea0 05e9 | 81e0 ffff | 4983 f800 | 0f84 a2e0 | ffff 4889 

  0x00000289d00252b4: ;   {runtime_call g1_post_barrier_slow}
  0x00000289d00252b4: 1c24 e8c5 | 41a0 05e9 | 94e0 ffff 

  0x00000289d00252c0: ;   {metadata({method} {0x00000289e47f0d30} 'compareAndSet' '(Ljava/lang/Object;Ljava/lang/Object;)Z' in 'java/util/concurrent/atomic/AtomicReference')}
  0x00000289d00252c0: 49ba 280d | 7fe4 8902 | 0000 4c89 | 5424 0848 | c704 24ff 

  0x00000289d00252d4: ;   {runtime_call counter_overflow Runtime1 stub}
  0x00000289d00252d4: ffff ffe8 

  0x00000289d00252d8: ; ImmutableOopMap {rdx=Oop [232]=Oop [240]=Oop [264]=Oop }
                      ;*synchronization entry
                      ; - java.util.concurrent.atomic.AtomicReference::compareAndSet@-1
                      ; - com.google.common.util.concurrent.InterruptibleTask::run@102 (line 82)
  0x00000289d00252d8: a437 a005 | e9ac e1ff 

  0x00000289d00252e0: ;   {metadata({method} {0x00000289e47ff9d0} 'guard_LLL_Z' '(Ljava/lang/invoke/VarHandle;Ljava/lang/Object;Ljava/lang/Object;Ljava/lang/Object;Ljava/lang/invoke/VarHandle$AccessDescriptor;)Z' in 'java/lang/invoke/VarHandleGuards')}
  0x00000289d00252e0: ff49 bac8 | f97f e489 | 0200 004c | 8954 2408 | 48c7 0424 | ffff ffff 

  0x00000289d00252f8: ;   {runtime_call counter_overflow Runtime1 stub}
  0x00000289d00252f8: e883 37a0 

  0x00000289d00252fc: ; ImmutableOopMap {rdx=Oop r8=Oop [232]=Oop [240]=Oop [264]=Oop }
                      ;*synchronization entry
                      ; - java.lang.invoke.VarHandleGuards::guard_LLL_Z@-1
                      ; - java.util.concurrent.atomic.AtomicReference::compareAndSet@6
                      ; - com.google.common.util.concurrent.InterruptibleTask::run@102 (line 82)
  0x00000289d00252fc: 05e9 22e2 

  0x00000289d0025300: ;   {metadata({method} {0x00000289e409eec0} 'checkAccessModeThenIsDirect' '(Ljava/lang/invoke/VarHandle$AccessDescriptor;)Z' in 'java/lang/invoke/VarHandle')}
  0x00000289d0025300: ffff 49ba | b8ee 09e4 | 8902 0000 | 4c89 5424 | 0848 c704 | 24ff ffff 

  0x00000289d0025318: ;   {runtime_call counter_overflow Runtime1 stub}
  0x00000289d0025318: ffe8 6237 

  0x00000289d002531c: ; ImmutableOopMap {rdx=Oop [232]=Oop [240]=Oop [264]=Oop }
                      ;*synchronization entry
                      ; - java.lang.invoke.VarHandle::checkAccessModeThenIsDirect@-1
                      ; - java.lang.invoke.VarHandleGuards::guard_LLL_Z@3
                      ; - java.util.concurrent.atomic.AtomicReference::compareAndSet@6
                      ; - com.google.common.util.concurrent.InterruptibleTask::run@102 (line 82)
  0x00000289d002531c: a005 e9e1 

  0x00000289d0025320: ;   {metadata({method} {0x00000289e4767b78} 'getMemberName' '(I)Ljava/lang/invoke/MemberName;' in 'java/lang/invoke/VarForm')}
  0x00000289d0025320: e2ff ff49 | ba70 7b76 | e489 0200 | 004c 8954 | 2408 48c7 | 0424 ffff 

  0x00000289d0025338: ;   {runtime_call counter_overflow Runtime1 stub}
  0x00000289d0025338: ffff e841 

  0x00000289d002533c: ; ImmutableOopMap {rdx=Oop [232]=Oop [240]=Oop [264]=Oop }
                      ;*synchronization entry
                      ; - java.lang.invoke.VarForm::getMemberName@-1
                      ; - java.lang.invoke.VarHandleGuards::guard_LLL_Z@47
                      ; - java.util.concurrent.atomic.AtomicReference::compareAndSet@6
                      ; - com.google.common.util.concurrent.InterruptibleTask::run@102 (line 82)
  0x00000289d002533c: 37a0 05e9 | 38e3 ffff 

  0x00000289d0025344: ;   {metadata({method} {0x00000289e47fa898} 'compareAndSet' '(Ljava/lang/invoke/VarHandle;Ljava/lang/Object;Ljava/lang/Object;Ljava/lang/Object;)Z' in 'java/lang/invoke/VarHandleReferences$FieldInstanceReadWrite')}
  0x00000289d0025344: 49ba 90a8 | 7fe4 8902 | 0000 4c89 | 5424 0848 | c704 24ff 

  0x00000289d0025358: ;   {runtime_call counter_overflow Runtime1 stub}
  0x00000289d0025358: ffff ffe8 

  0x00000289d002535c: ; ImmutableOopMap {rdx=Oop [232]=Oop [240]=Oop [264]=Oop }
                      ;*synchronization entry
                      ; - java.lang.invoke.VarHandleReferences$FieldInstanceReadWrite::compareAndSet@-1
                      ; - java.lang.invoke.VarHandleGuards::guard_LLL_Z@50
                      ; - java.util.concurrent.atomic.AtomicReference::compareAndSet@6
                      ; - com.google.common.util.concurrent.InterruptibleTask::run@102 (line 82)
  0x00000289d002535c: 2037 a005 | e9bb e3ff 

  0x00000289d0025364: ;   {metadata({method} {0x00000289e401e470} 'cast' '(Ljava/lang/Object;)Ljava/lang/Object;' in 'java/lang/Class')}
  0x00000289d0025364: ff49 ba68 | e401 e489 | 0200 004c | 8954 2408 | 48c7 0424 | ffff ffff 

  0x00000289d002537c: ;   {runtime_call counter_overflow Runtime1 stub}
  0x00000289d002537c: e8ff 36a0 

  0x00000289d0025380: ; ImmutableOopMap {rdx=Oop [232]=Oop [240]=Oop [264]=Oop }
                      ;*synchronization entry
                      ; - java.lang.Class::cast@-1
                      ; - java.lang.invoke.VarHandleReferences$FieldInstanceReadWrite::compareAndSet@15
                      ; - java.lang.invoke.VarHandleGuards::guard_LLL_Z@50
                      ; - java.util.concurrent.atomic.AtomicReference::compareAndSet@6
                      ; - com.google.common.util.concurrent.InterruptibleTask::run@102 (line 82)
  0x00000289d0025380: 05e9 e2e3 

  0x00000289d0025384: ;   {metadata({method} {0x00000289e4177978} 'requireNonNull' '(Ljava/lang/Object;)Ljava/lang/Object;' in 'java/util/Objects')}
  0x00000289d0025384: ffff 49ba | 7079 17e4 | 8902 0000 | 4c89 5424 | 0848 c704 | 24ff ffff 

  0x00000289d002539c: ;   {runtime_call counter_overflow Runtime1 stub}
  0x00000289d002539c: ffe8 de36 

  0x00000289d00253a0: ; ImmutableOopMap {rdx=Oop [232]=Oop [240]=Oop [264]=Oop }
                      ;*synchronization entry
                      ; - java.util.Objects::requireNonNull@-1
                      ; - java.lang.invoke.VarHandleReferences$FieldInstanceReadWrite::compareAndSet@18
                      ; - java.lang.invoke.VarHandleGuards::guard_LLL_Z@50
                      ; - java.util.concurrent.atomic.AtomicReference::compareAndSet@6
                      ; - com.google.common.util.concurrent.InterruptibleTask::run@102 (line 82)
  0x00000289d00253a0: a005 e98e 

  0x00000289d00253a4: ;   {metadata({method} {0x00000289e401e470} 'cast' '(Ljava/lang/Object;)Ljava/lang/Object;' in 'java/lang/Class')}
  0x00000289d00253a4: e4ff ff49 | ba68 e401 | e489 0200 | 004c 8954 | 2408 48c7 | 0424 ffff 

  0x00000289d00253bc: ;   {runtime_call counter_overflow Runtime1 stub}
  0x00000289d00253bc: ffff e8bd 

  0x00000289d00253c0: ; ImmutableOopMap {rdx=Oop rsi=Oop [232]=Oop [240]=Oop [264]=Oop }
                      ;*synchronization entry
                      ; - java.lang.Class::cast@-1
                      ; - java.lang.invoke.VarHandleReferences$FieldInstanceReadWrite::compareAndSet@32
                      ; - java.lang.invoke.VarHandleGuards::guard_LLL_Z@50
                      ; - java.util.concurrent.atomic.AtomicReference::compareAndSet@6
                      ; - com.google.common.util.concurrent.InterruptibleTask::run@102 (line 82)
  0x00000289d00253c0: 36a0 05e9 | cde4 ffff 

  0x00000289d00253c8: ;   {metadata({method} {0x00000289e401e470} 'cast' '(Ljava/lang/Object;)Ljava/lang/Object;' in 'java/lang/Class')}
  0x00000289d00253c8: 49ba 68e4 | 01e4 8902 | 0000 4c89 | 5424 0848 | c704 24ff 

  0x00000289d00253dc: ;   {runtime_call counter_overflow Runtime1 stub}
  0x00000289d00253dc: ffff ffe8 

  0x00000289d00253e0: ; ImmutableOopMap {rdx=Oop rsi=Oop [232]=Oop [240]=Oop [264]=Oop }
                      ;*synchronization entry
                      ; - java.lang.Class::cast@-1
                      ; - java.lang.invoke.VarHandleReferences$FieldInstanceReadWrite::compareAndSet@41
                      ; - java.lang.invoke.VarHandleGuards::guard_LLL_Z@50
                      ; - java.util.concurrent.atomic.AtomicReference::compareAndSet@6
                      ; - com.google.common.util.concurrent.InterruptibleTask::run@102 (line 82)
  0x00000289d00253e0: 9c36 a005 | e9a2 e5ff | ff8b 0748 | 83f8 000f | 8451 e6ff | ff48 8904 

  0x00000289d00253f8: ;   {runtime_call g1_pre_barrier_slow}
  0x00000289d00253f8: 24e8 823d | a005 e943 | e6ff ff49 | 83f8 000f | 8464 e6ff | ff48 893c 

  0x00000289d0025410: ;   {runtime_call g1_post_barrier_slow}
  0x00000289d0025410: 24e8 6a40 | a005 e956 

  0x00000289d0025418: ;   {metadata({method} {0x00000289e47f0d30} 'compareAndSet' '(Ljava/lang/Object;Ljava/lang/Object;)Z' in 'java/util/concurrent/atomic/AtomicReference')}
  0x00000289d0025418: e6ff ff49 | ba28 0d7f | e489 0200 | 004c 8954 | 2408 48c7 | 0424 ffff 

  0x00000289d0025430: ;   {runtime_call counter_overflow Runtime1 stub}
  0x00000289d0025430: ffff e849 

  0x00000289d0025434: ; ImmutableOopMap {rsi=Oop rax=Oop rdx=Oop [232]=Oop [240]=Oop [272]=Oop }
                      ;*synchronization entry
                      ; - java.util.concurrent.atomic.AtomicReference::compareAndSet@-1
                      ; - com.google.common.util.concurrent.InterruptibleTask::run@149 (line 82)
  0x00000289d0025434: 36a0 05e9 | 7ae7 ffff 

  0x00000289d002543c: ;   {metadata({method} {0x00000289e47ff9d0} 'guard_LLL_Z' '(Ljava/lang/invoke/VarHandle;Ljava/lang/Object;Ljava/lang/Object;Ljava/lang/Object;Ljava/lang/invoke/VarHandle$AccessDescriptor;)Z' in 'java/lang/invoke/VarHandleGuards')}
  0x00000289d002543c: 49ba c8f9 | 7fe4 8902 | 0000 4c89 | 5424 0848 | c704 24ff 

  0x00000289d0025450: ;   {runtime_call counter_overflow Runtime1 stub}
  0x00000289d0025450: ffff ffe8 

  0x00000289d0025454: ; ImmutableOopMap {rsi=Oop rax=Oop rdx=Oop rbx=Oop [232]=Oop [240]=Oop [272]=Oop }
                      ;*synchronization entry
                      ; - java.lang.invoke.VarHandleGuards::guard_LLL_Z@-1
                      ; - java.util.concurrent.atomic.AtomicReference::compareAndSet@6
                      ; - com.google.common.util.concurrent.InterruptibleTask::run@149 (line 82)
  0x00000289d0025454: 2836 a005 | e9f1 e7ff 

  0x00000289d002545c: ;   {metadata({method} {0x00000289e409eec0} 'checkAccessModeThenIsDirect' '(Ljava/lang/invoke/VarHandle$AccessDescriptor;)Z' in 'java/lang/invoke/VarHandle')}
  0x00000289d002545c: ff49 bab8 | ee09 e489 | 0200 004c | 8954 2408 | 48c7 0424 | ffff ffff 

  0x00000289d0025474: ;   {runtime_call counter_overflow Runtime1 stub}
  0x00000289d0025474: e807 36a0 

  0x00000289d0025478: ; ImmutableOopMap {rsi=Oop rax=Oop rdx=Oop [232]=Oop [240]=Oop [272]=Oop }
                      ;*synchronization entry
                      ; - java.lang.invoke.VarHandle::checkAccessModeThenIsDirect@-1
                      ; - java.lang.invoke.VarHandleGuards::guard_LLL_Z@3
                      ; - java.util.concurrent.atomic.AtomicReference::compareAndSet@6
                      ; - com.google.common.util.concurrent.InterruptibleTask::run@149 (line 82)
  0x00000289d0025478: 05e9 ade8 

  0x00000289d002547c: ;   {metadata({method} {0x00000289e4767b78} 'getMemberName' '(I)Ljava/lang/invoke/MemberName;' in 'java/lang/invoke/VarForm')}
  0x00000289d002547c: ffff 49ba | 707b 76e4 | 8902 0000 | 4c89 5424 | 0848 c704 | 24ff ffff 

  0x00000289d0025494: ;   {runtime_call counter_overflow Runtime1 stub}
  0x00000289d0025494: ffe8 e635 

  0x00000289d0025498: ; ImmutableOopMap {rsi=Oop rax=Oop rdx=Oop [232]=Oop [240]=Oop [272]=Oop }
                      ;*synchronization entry
                      ; - java.lang.invoke.VarForm::getMemberName@-1
                      ; - java.lang.invoke.VarHandleGuards::guard_LLL_Z@47
                      ; - java.util.concurrent.atomic.AtomicReference::compareAndSet@6
                      ; - com.google.common.util.concurrent.InterruptibleTask::run@149 (line 82)
  0x00000289d0025498: a005 e904 

  0x00000289d002549c: ;   {metadata({method} {0x00000289e47fa898} 'compareAndSet' '(Ljava/lang/invoke/VarHandle;Ljava/lang/Object;Ljava/lang/Object;Ljava/lang/Object;)Z' in 'java/lang/invoke/VarHandleReferences$FieldInstanceReadWrite')}
  0x00000289d002549c: e9ff ff49 | ba90 a87f | e489 0200 | 004c 8954 | 2408 48c7 | 0424 ffff 

  0x00000289d00254b4: ;   {runtime_call counter_overflow Runtime1 stub}
  0x00000289d00254b4: ffff e8c5 

  0x00000289d00254b8: ; ImmutableOopMap {rsi=Oop rax=Oop rdx=Oop [232]=Oop [240]=Oop [272]=Oop }
                      ;*synchronization entry
                      ; - java.lang.invoke.VarHandleReferences$FieldInstanceReadWrite::compareAndSet@-1
                      ; - java.lang.invoke.VarHandleGuards::guard_LLL_Z@50
                      ; - java.util.concurrent.atomic.AtomicReference::compareAndSet@6
                      ; - com.google.common.util.concurrent.InterruptibleTask::run@149 (line 82)
  0x00000289d00254b8: 35a0 05e9 | 87e9 ffff 

  0x00000289d00254c0: ;   {metadata({method} {0x00000289e401e470} 'cast' '(Ljava/lang/Object;)Ljava/lang/Object;' in 'java/lang/Class')}
  0x00000289d00254c0: 49ba 68e4 | 01e4 8902 | 0000 4c89 | 5424 0848 | c704 24ff 

  0x00000289d00254d4: ;   {runtime_call counter_overflow Runtime1 stub}
  0x00000289d00254d4: ffff ffe8 

  0x00000289d00254d8: ; ImmutableOopMap {rsi=Oop rax=Oop rdx=Oop [232]=Oop [240]=Oop [272]=Oop }
                      ;*synchronization entry
                      ; - java.lang.Class::cast@-1
                      ; - java.lang.invoke.VarHandleReferences$FieldInstanceReadWrite::compareAndSet@15
                      ; - java.lang.invoke.VarHandleGuards::guard_LLL_Z@50
                      ; - java.util.concurrent.atomic.AtomicReference::compareAndSet@6
                      ; - com.google.common.util.concurrent.InterruptibleTask::run@149 (line 82)
  0x00000289d00254d8: a435 a005 | e9ab e9ff 

  0x00000289d00254e0: ;   {metadata({method} {0x00000289e4177978} 'requireNonNull' '(Ljava/lang/Object;)Ljava/lang/Object;' in 'java/util/Objects')}
  0x00000289d00254e0: ff49 ba70 | 7917 e489 | 0200 004c | 8954 2408 | 48c7 0424 | ffff ffff 

  0x00000289d00254f8: ;   {runtime_call counter_overflow Runtime1 stub}
  0x00000289d00254f8: e883 35a0 

  0x00000289d00254fc: ; ImmutableOopMap {rsi=Oop rax=Oop rdx=Oop [232]=Oop [240]=Oop [272]=Oop }
                      ;*synchronization entry
                      ; - java.util.Objects::requireNonNull@-1
                      ; - java.lang.invoke.VarHandleReferences$FieldInstanceReadWrite::compareAndSet@18
                      ; - java.lang.invoke.VarHandleGuards::guard_LLL_Z@50
                      ; - java.util.concurrent.atomic.AtomicReference::compareAndSet@6
                      ; - com.google.common.util.concurrent.InterruptibleTask::run@149 (line 82)
  0x00000289d00254fc: 05e9 56ea 

  0x00000289d0025500: ;   {metadata({method} {0x00000289e401e470} 'cast' '(Ljava/lang/Object;)Ljava/lang/Object;' in 'java/lang/Class')}
  0x00000289d0025500: ffff 49ba | 68e4 01e4 | 8902 0000 | 4c89 5424 | 0848 c704 | 24ff ffff 

  0x00000289d0025518: ;   {runtime_call counter_overflow Runtime1 stub}
  0x00000289d0025518: ffe8 6235 

  0x00000289d002551c: ; ImmutableOopMap {rsi=Oop rax=Oop rdx=Oop [232]=Oop [240]=Oop [272]=Oop }
                      ;*synchronization entry
                      ; - java.lang.Class::cast@-1
                      ; - java.lang.invoke.VarHandleReferences$FieldInstanceReadWrite::compareAndSet@32
                      ; - java.lang.invoke.VarHandleGuards::guard_LLL_Z@50
                      ; - java.util.concurrent.atomic.AtomicReference::compareAndSet@6
                      ; - com.google.common.util.concurrent.InterruptibleTask::run@149 (line 82)
  0x00000289d002551c: a005 e98b 

  0x00000289d0025520: ;   {metadata({method} {0x00000289e401e470} 'cast' '(Ljava/lang/Object;)Ljava/lang/Object;' in 'java/lang/Class')}
  0x00000289d0025520: eaff ff49 | ba68 e401 | e489 0200 | 004c 8954 | 2408 48c7 | 0424 ffff 

  0x00000289d0025538: ;   {runtime_call counter_overflow Runtime1 stub}
  0x00000289d0025538: ffff e841 

  0x00000289d002553c: ; ImmutableOopMap {rsi=Oop rax=Oop rdx=Oop [232]=Oop [240]=Oop [272]=Oop }
                      ;*synchronization entry
                      ; - java.lang.Class::cast@-1
                      ; - java.lang.invoke.VarHandleReferences$FieldInstanceReadWrite::compareAndSet@41
                      ; - java.lang.invoke.VarHandleGuards::guard_LLL_Z@50
                      ; - java.util.concurrent.atomic.AtomicReference::compareAndSet@6
                      ; - com.google.common.util.concurrent.InterruptibleTask::run@149 (line 82)
  0x00000289d002553c: 35a0 05e9 | 5eeb ffff | 418b 0848 | 83f9 000f | 840f ecff | ff48 890c 

  0x00000289d0025554: ;   {runtime_call g1_pre_barrier_slow}
  0x00000289d0025554: 24e8 263c | a005 e901 | ecff ff48 | 83fb 000f | 8422 ecff | ff4c 8904 

  0x00000289d002556c: ;   {runtime_call g1_post_barrier_slow}
  0x00000289d002556c: 24e8 0e3f | a005 e914 

  0x00000289d0025574: ;   {metadata({method} {0x00000289f2d8e238} 'uncheckedCastNullableTToT' '(Ljava/lang/Object;)Ljava/lang/Object;' in 'com/google/common/util/concurrent/NullnessCasts')}
  0x00000289d0025574: ecff ff49 | ba30 e2d8 | f289 0200 | 004c 8954 | 2408 48c7 | 0424 ffff 

  0x00000289d002558c: ;   {runtime_call counter_overflow Runtime1 stub}
  0x00000289d002558c: ffff e8ed 

  0x00000289d0025590: ; ImmutableOopMap {[232]=Oop }
                      ;*synchronization entry
                      ; - com.google.common.util.concurrent.NullnessCasts::uncheckedCastNullableTToT@-1 (line 56)
                      ; - com.google.common.util.concurrent.InterruptibleTask::run@124 (line 88)
  0x00000289d0025590: 34a0 05e9 | e2ec ffff 

  0x00000289d0025598: ;   {internal_word}
  0x00000289d0025598: 49ba 4d43 | 02d0 8902 | 0000 4d89 | 9760 0400 

  0x00000289d00255a8: ;   {runtime_call SafepointBlob}
  0x00000289d00255a8: 00e9 d212 

  0x00000289d00255ac: ;   {internal_word}
  0x00000289d00255ac: 9405 49ba | 2544 02d0 | 8902 0000 | 4d89 9760 

  0x00000289d00255bc: ;   {runtime_call SafepointBlob}
  0x00000289d00255bc: 0400 00e9 | bc12 9405 

  0x00000289d00255c4: ;   {metadata({method} {0x00000289f2d8e238} 'uncheckedCastNullableTToT' '(Ljava/lang/Object;)Ljava/lang/Object;' in 'com/google/common/util/concurrent/NullnessCasts')}
  0x00000289d00255c4: 49ba 30e2 | d8f2 8902 | 0000 4c89 | 5424 0848 | c704 24ff 

  0x00000289d00255d8: ;   {runtime_call counter_overflow Runtime1 stub}
  0x00000289d00255d8: ffff ffe8 

  0x00000289d00255dc: ; ImmutableOopMap {[232]=Oop [256]=Oop }
                      ;*synchronization entry
                      ; - com.google.common.util.concurrent.NullnessCasts::uncheckedCastNullableTToT@-1 (line 56)
                      ; - com.google.common.util.concurrent.InterruptibleTask::run@68 (line 88)
  0x00000289d00255dc: a034 a005 | e989 eeff 

  0x00000289d00255e4: ;   {internal_word}
  0x00000289d00255e4: ff49 ba3d | 4502 d089 | 0200 004d | 8997 6004 

  0x00000289d00255f4: ;   {runtime_call SafepointBlob}
  0x00000289d00255f4: 0000 e985 

  0x00000289d00255f8: ;   {internal_word}
  0x00000289d00255f8: 1294 0549 | ba53 4502 | d089 0200 | 004d 8997 | 6004 0000 

  0x00000289d002560c: ;   {runtime_call SafepointBlob}
  0x00000289d002560c: e96f 1294 

  0x00000289d0025610: ;   {metadata({method} {0x00000289f2d8e238} 'uncheckedCastNullableTToT' '(Ljava/lang/Object;)Ljava/lang/Object;' in 'com/google/common/util/concurrent/NullnessCasts')}
  0x00000289d0025610: 0549 ba30 | e2d8 f289 | 0200 004c | 8954 2408 | 48c7 0424 | ffff ffff 

  0x00000289d0025628: ;   {runtime_call counter_overflow Runtime1 stub}
  0x00000289d0025628: e853 34a0 

  0x00000289d002562c: ; ImmutableOopMap {[232]=Oop [272]=Oop }
                      ;*synchronization entry
                      ; - com.google.common.util.concurrent.NullnessCasts::uncheckedCastNullableTToT@-1 (line 56)
                      ; - com.google.common.util.concurrent.InterruptibleTask::run@171 (line 88)
  0x00000289d002562c: 05e9 6aef 

  0x00000289d0025630: ;   {metadata(nullptr)}
  0x00000289d0025630: ffff 48ba | 0000 0000 | 0000 0000 | b800 0f05 

  0x00000289d0025640: ;   {runtime_call load_klass_patching Runtime1 stub}
  0x00000289d0025640: 0ae8 ba1d 

  0x00000289d0025644: ; ImmutableOopMap {[232]=Oop [240]=Oop [272]=Oop }
                      ;*new {reexecute=1 rethrow=0 return_oop=0}
                      ; - (reexecute) java.lang.Class::cast@12
                      ; - java.lang.invoke.VarHandleReferences$FieldInstanceReadWrite::compareAndSet@41
                      ; - java.lang.invoke.VarHandleGuards::guard_LLL_Z@50
                      ; - java.util.concurrent.atomic.AtomicReference::compareAndSet@6
                      ; - com.google.common.util.concurrent.InterruptibleTask::run@149 (line 82)
  0x00000289d0025644: a005 e92d | f0ff ff48 

  0x00000289d002564c: ;   {runtime_call fast_new_instance Runtime1 stub}
  0x00000289d002564c: 8bd2 e8ad 

  0x00000289d0025650: ; ImmutableOopMap {[232]=Oop [240]=Oop [272]=Oop }
                      ;*new {reexecute=0 rethrow=0 return_oop=0}
                      ; - java.lang.Class::cast@12
                      ; - java.lang.invoke.VarHandleReferences$FieldInstanceReadWrite::compareAndSet@41
                      ; - java.lang.invoke.VarHandleGuards::guard_LLL_Z@50
                      ; - java.util.concurrent.atomic.AtomicReference::compareAndSet@6
                      ; - com.google.common.util.concurrent.InterruptibleTask::run@149 (line 82)
  0x00000289d0025650: dc9f 05e9 | 6ff0 ffff 

  0x00000289d0025658: ;   {metadata(nullptr)}
  0x00000289d0025658: 48ba 0000 | 0000 0000 | 0000 b800 

  0x00000289d0025664: ;   {runtime_call load_klass_patching Runtime1 stub}
  0x00000289d0025664: 0f05 0ae8 

  0x00000289d0025668: ; ImmutableOopMap {[232]=Oop [240]=Oop [272]=Oop }
                      ;*new {reexecute=1 rethrow=0 return_oop=0}
                      ; - (reexecute) java.lang.Class::cast@12
                      ; - java.lang.invoke.VarHandleReferences$FieldInstanceReadWrite::compareAndSet@32
                      ; - java.lang.invoke.VarHandleGuards::guard_LLL_Z@50
                      ; - java.util.concurrent.atomic.AtomicReference::compareAndSet@6
                      ; - com.google.common.util.concurrent.InterruptibleTask::run@149 (line 82)
  0x00000289d0025668: 941d a005 | e9e7 f0ff | ff48 8bd2 

  0x00000289d0025674: ;   {runtime_call fast_new_instance Runtime1 stub}
  0x00000289d0025674: e887 dc9f 

  0x00000289d0025678: ; ImmutableOopMap {[232]=Oop [240]=Oop [272]=Oop }
                      ;*new {reexecute=0 rethrow=0 return_oop=0}
                      ; - java.lang.Class::cast@12
                      ; - java.lang.invoke.VarHandleReferences$FieldInstanceReadWrite::compareAndSet@32
                      ; - java.lang.invoke.VarHandleGuards::guard_LLL_Z@50
                      ; - java.util.concurrent.atomic.AtomicReference::compareAndSet@6
                      ; - com.google.common.util.concurrent.InterruptibleTask::run@149 (line 82)
  0x00000289d0025678: 05e9 29f1 

  0x00000289d002567c: ;   {metadata(nullptr)}
  0x00000289d002567c: ffff 48ba | 0000 0000 | 0000 0000 | b800 0f05 

  0x00000289d002568c: ;   {runtime_call load_klass_patching Runtime1 stub}
  0x00000289d002568c: 0ae8 6e1d 

  0x00000289d0025690: ; ImmutableOopMap {[232]=Oop [240]=Oop [272]=Oop }
                      ;*new {reexecute=1 rethrow=0 return_oop=0}
                      ; - (reexecute) java.lang.Class::cast@12
                      ; - java.lang.invoke.VarHandleReferences$FieldInstanceReadWrite::compareAndSet@15
                      ; - java.lang.invoke.VarHandleGuards::guard_LLL_Z@50
                      ; - java.util.concurrent.atomic.AtomicReference::compareAndSet@6
                      ; - com.google.common.util.concurrent.InterruptibleTask::run@149 (line 82)
  0x00000289d0025690: a005 e999 | f1ff ff48 

  0x00000289d0025698: ;   {runtime_call fast_new_instance Runtime1 stub}
  0x00000289d0025698: 8bd2 e861 

  0x00000289d002569c: ; ImmutableOopMap {[232]=Oop [240]=Oop [272]=Oop }
                      ;*new {reexecute=0 rethrow=0 return_oop=0}
                      ; - java.lang.Class::cast@12
                      ; - java.lang.invoke.VarHandleReferences$FieldInstanceReadWrite::compareAndSet@15
                      ; - java.lang.invoke.VarHandleGuards::guard_LLL_Z@50
                      ; - java.util.concurrent.atomic.AtomicReference::compareAndSet@6
                      ; - com.google.common.util.concurrent.InterruptibleTask::run@149 (line 82)
  0x00000289d002569c: dc9f 05e9 | dbf1 ffff 

  0x00000289d00256a4: ;   {metadata(nullptr)}
  0x00000289d00256a4: 48ba 0000 | 0000 0000 | 0000 b800 

  0x00000289d00256b0: ;   {runtime_call load_klass_patching Runtime1 stub}
  0x00000289d00256b0: 0f05 0ae8 

  0x00000289d00256b4: ; ImmutableOopMap {[232]=Oop [240]=Oop [264]=Oop }
                      ;*new {reexecute=1 rethrow=0 return_oop=0}
                      ; - (reexecute) java.lang.Class::cast@12
                      ; - java.lang.invoke.VarHandleReferences$FieldInstanceReadWrite::compareAndSet@41
                      ; - java.lang.invoke.VarHandleGuards::guard_LLL_Z@50
                      ; - java.util.concurrent.atomic.AtomicReference::compareAndSet@6
                      ; - com.google.common.util.concurrent.InterruptibleTask::run@102 (line 82)
  0x00000289d00256b4: 481d a005 | e94b f2ff | ff48 8bd2 

  0x00000289d00256c0: ;   {runtime_call fast_new_instance Runtime1 stub}
  0x00000289d00256c0: e83b dc9f 

  0x00000289d00256c4: ; ImmutableOopMap {[232]=Oop [240]=Oop [264]=Oop }
                      ;*new {reexecute=0 rethrow=0 return_oop=0}
                      ; - java.lang.Class::cast@12
                      ; - java.lang.invoke.VarHandleReferences$FieldInstanceReadWrite::compareAndSet@41
                      ; - java.lang.invoke.VarHandleGuards::guard_LLL_Z@50
                      ; - java.util.concurrent.atomic.AtomicReference::compareAndSet@6
                      ; - com.google.common.util.concurrent.InterruptibleTask::run@102 (line 82)
  0x00000289d00256c4: 05e9 8df2 

  0x00000289d00256c8: ;   {metadata(nullptr)}
  0x00000289d00256c8: ffff 48ba | 0000 0000 | 0000 0000 | b800 0f05 

  0x00000289d00256d8: ;   {runtime_call load_klass_patching Runtime1 stub}
  0x00000289d00256d8: 0ae8 221d 

  0x00000289d00256dc: ; ImmutableOopMap {[232]=Oop [240]=Oop [264]=Oop }
                      ;*new {reexecute=1 rethrow=0 return_oop=0}
                      ; - (reexecute) java.lang.Class::cast@12
                      ; - java.lang.invoke.VarHandleReferences$FieldInstanceReadWrite::compareAndSet@32
                      ; - java.lang.invoke.VarHandleGuards::guard_LLL_Z@50
                      ; - java.util.concurrent.atomic.AtomicReference::compareAndSet@6
                      ; - com.google.common.util.concurrent.InterruptibleTask::run@102 (line 82)
  0x00000289d00256dc: a005 e905 | f3ff ff48 

  0x00000289d00256e4: ;   {runtime_call fast_new_instance Runtime1 stub}
  0x00000289d00256e4: 8bd2 e815 

  0x00000289d00256e8: ; ImmutableOopMap {[232]=Oop [240]=Oop [264]=Oop }
                      ;*new {reexecute=0 rethrow=0 return_oop=0}
                      ; - java.lang.Class::cast@12
                      ; - java.lang.invoke.VarHandleReferences$FieldInstanceReadWrite::compareAndSet@32
                      ; - java.lang.invoke.VarHandleGuards::guard_LLL_Z@50
                      ; - java.util.concurrent.atomic.AtomicReference::compareAndSet@6
                      ; - com.google.common.util.concurrent.InterruptibleTask::run@102 (line 82)
  0x00000289d00256e8: dc9f 05e9 | 47f3 ffff 

  0x00000289d00256f0: ;   {metadata(nullptr)}
  0x00000289d00256f0: 48ba 0000 | 0000 0000 | 0000 b800 

  0x00000289d00256fc: ;   {runtime_call load_klass_patching Runtime1 stub}
  0x00000289d00256fc: 0f05 0ae8 

  0x00000289d0025700: ; ImmutableOopMap {[232]=Oop [240]=Oop [264]=Oop }
                      ;*new {reexecute=1 rethrow=0 return_oop=0}
                      ; - (reexecute) java.lang.Class::cast@12
                      ; - java.lang.invoke.VarHandleReferences$FieldInstanceReadWrite::compareAndSet@15
                      ; - java.lang.invoke.VarHandleGuards::guard_LLL_Z@50
                      ; - java.util.concurrent.atomic.AtomicReference::compareAndSet@6
                      ; - com.google.common.util.concurrent.InterruptibleTask::run@102 (line 82)
  0x00000289d0025700: fc1c a005 | e9b7 f3ff | ff48 8bd2 

  0x00000289d002570c: ;   {runtime_call fast_new_instance Runtime1 stub}
  0x00000289d002570c: e8ef db9f 

  0x00000289d0025710: ; ImmutableOopMap {[232]=Oop [240]=Oop [264]=Oop }
                      ;*new {reexecute=0 rethrow=0 return_oop=0}
                      ; - java.lang.Class::cast@12
                      ; - java.lang.invoke.VarHandleReferences$FieldInstanceReadWrite::compareAndSet@15
                      ; - java.lang.invoke.VarHandleGuards::guard_LLL_Z@50
                      ; - java.util.concurrent.atomic.AtomicReference::compareAndSet@6
                      ; - com.google.common.util.concurrent.InterruptibleTask::run@102 (line 82)
  0x00000289d0025710: 05e9 f9f3 

  0x00000289d0025714: ;   {metadata(nullptr)}
  0x00000289d0025714: ffff 48ba | 0000 0000 | 0000 0000 | b800 0f05 

  0x00000289d0025724: ;   {runtime_call load_klass_patching Runtime1 stub}
  0x00000289d0025724: 0ae8 d61c 

  0x00000289d0025728: ; ImmutableOopMap {[232]=Oop [240]=Oop [256]=Oop }
                      ;*new {reexecute=1 rethrow=0 return_oop=0}
                      ; - (reexecute) java.lang.Class::cast@12
                      ; - java.lang.invoke.VarHandleReferences$FieldInstanceReadWrite::compareAndSet@41
                      ; - java.lang.invoke.VarHandleGuards::guard_LLL_Z@50
                      ; - java.util.concurrent.atomic.AtomicReference::compareAndSet@6
                      ; - com.google.common.util.concurrent.InterruptibleTask::run@46 (line 82)
  0x00000289d0025728: a005 e971 | f4ff ff48 

  0x00000289d0025730: ;   {runtime_call fast_new_instance Runtime1 stub}
  0x00000289d0025730: 8bd2 e8c9 

  0x00000289d0025734: ; ImmutableOopMap {[232]=Oop [240]=Oop [256]=Oop }
                      ;*new {reexecute=0 rethrow=0 return_oop=0}
                      ; - java.lang.Class::cast@12
                      ; - java.lang.invoke.VarHandleReferences$FieldInstanceReadWrite::compareAndSet@41
                      ; - java.lang.invoke.VarHandleGuards::guard_LLL_Z@50
                      ; - java.util.concurrent.atomic.AtomicReference::compareAndSet@6
                      ; - com.google.common.util.concurrent.InterruptibleTask::run@46 (line 82)
  0x00000289d0025734: db9f 05e9 | b3f4 ffff 

  0x00000289d002573c: ;   {metadata(nullptr)}
  0x00000289d002573c: 48ba 0000 | 0000 0000 | 0000 b800 

  0x00000289d0025748: ;   {runtime_call load_klass_patching Runtime1 stub}
  0x00000289d0025748: 0f05 0ae8 

  0x00000289d002574c: ; ImmutableOopMap {[232]=Oop [240]=Oop [256]=Oop }
                      ;*new {reexecute=1 rethrow=0 return_oop=0}
                      ; - (reexecute) java.lang.Class::cast@12
                      ; - java.lang.invoke.VarHandleReferences$FieldInstanceReadWrite::compareAndSet@32
                      ; - java.lang.invoke.VarHandleGuards::guard_LLL_Z@50
                      ; - java.util.concurrent.atomic.AtomicReference::compareAndSet@6
                      ; - com.google.common.util.concurrent.InterruptibleTask::run@46 (line 82)
  0x00000289d002574c: b01c a005 | e933 f5ff | ff48 8bd2 

  0x00000289d0025758: ;   {runtime_call fast_new_instance Runtime1 stub}
  0x00000289d0025758: e8a3 db9f 

  0x00000289d002575c: ; ImmutableOopMap {[232]=Oop [240]=Oop [256]=Oop }
                      ;*new {reexecute=0 rethrow=0 return_oop=0}
                      ; - java.lang.Class::cast@12
                      ; - java.lang.invoke.VarHandleReferences$FieldInstanceReadWrite::compareAndSet@32
                      ; - java.lang.invoke.VarHandleGuards::guard_LLL_Z@50
                      ; - java.util.concurrent.atomic.AtomicReference::compareAndSet@6
                      ; - com.google.common.util.concurrent.InterruptibleTask::run@46 (line 82)
  0x00000289d002575c: 05e9 75f5 

  0x00000289d0025760: ;   {metadata(nullptr)}
  0x00000289d0025760: ffff 48ba | 0000 0000 | 0000 0000 | b800 0f05 

  0x00000289d0025770: ;   {runtime_call load_klass_patching Runtime1 stub}
  0x00000289d0025770: 0ae8 8a1c 

  0x00000289d0025774: ; ImmutableOopMap {[232]=Oop [240]=Oop [256]=Oop }
                      ;*new {reexecute=1 rethrow=0 return_oop=0}
                      ; - (reexecute) java.lang.Class::cast@12
                      ; - java.lang.invoke.VarHandleReferences$FieldInstanceReadWrite::compareAndSet@15
                      ; - java.lang.invoke.VarHandleGuards::guard_LLL_Z@50
                      ; - java.util.concurrent.atomic.AtomicReference::compareAndSet@6
                      ; - com.google.common.util.concurrent.InterruptibleTask::run@46 (line 82)
  0x00000289d0025774: a005 e9ed | f5ff ff48 

  0x00000289d002577c: ;   {runtime_call fast_new_instance Runtime1 stub}
  0x00000289d002577c: 8bd2 e87d 

  0x00000289d0025780: ; ImmutableOopMap {[232]=Oop [240]=Oop [256]=Oop }
                      ;*new {reexecute=0 rethrow=0 return_oop=0}
                      ; - java.lang.Class::cast@12
                      ; - java.lang.invoke.VarHandleReferences$FieldInstanceReadWrite::compareAndSet@15
                      ; - java.lang.invoke.VarHandleGuards::guard_LLL_Z@50
                      ; - java.util.concurrent.atomic.AtomicReference::compareAndSet@6
                      ; - com.google.common.util.concurrent.InterruptibleTask::run@46 (line 82)
  0x00000289d0025780: db9f 05e9 | 2ff6 ffff 

  0x00000289d0025788: ;   {metadata(nullptr)}
  0x00000289d0025788: 48ba 0000 | 0000 0000 | 0000 b800 

  0x00000289d0025794: ;   {runtime_call load_klass_patching Runtime1 stub}
  0x00000289d0025794: 0f05 0ae8 

  0x00000289d0025798: ; ImmutableOopMap {[232]=Oop [240]=Oop }
                      ;*new {reexecute=1 rethrow=0 return_oop=0}
                      ; - (reexecute) java.lang.Class::cast@12
                      ; - java.lang.invoke.VarHandleReferences$FieldInstanceReadWrite::compareAndSet@41
                      ; - java.lang.invoke.VarHandleGuards::guard_LLL_Z@50
                      ; - java.util.concurrent.atomic.AtomicReference::compareAndSet@6
                      ; - com.google.common.util.concurrent.InterruptibleTask::run@7 (line 66)
  0x00000289d0025798: 641c a005 | e99f f6ff | ff48 8bd2 

  0x00000289d00257a4: ;   {runtime_call fast_new_instance Runtime1 stub}
  0x00000289d00257a4: e857 db9f 

  0x00000289d00257a8: ; ImmutableOopMap {[232]=Oop [240]=Oop }
                      ;*new {reexecute=0 rethrow=0 return_oop=0}
                      ; - java.lang.Class::cast@12
                      ; - java.lang.invoke.VarHandleReferences$FieldInstanceReadWrite::compareAndSet@41
                      ; - java.lang.invoke.VarHandleGuards::guard_LLL_Z@50
                      ; - java.util.concurrent.atomic.AtomicReference::compareAndSet@6
                      ; - com.google.common.util.concurrent.InterruptibleTask::run@7 (line 66)
  0x00000289d00257a8: 05e9 e1f6 

  0x00000289d00257ac: ;   {metadata(nullptr)}
  0x00000289d00257ac: ffff 48ba | 0000 0000 | 0000 0000 | b800 0f05 

  0x00000289d00257bc: ;   {runtime_call load_klass_patching Runtime1 stub}
  0x00000289d00257bc: 0ae8 3e1c 

  0x00000289d00257c0: ; ImmutableOopMap {rbx=Oop [232]=Oop [240]=Oop }
                      ;*new {reexecute=1 rethrow=0 return_oop=0}
                      ; - (reexecute) java.lang.Class::cast@12
                      ; - java.lang.invoke.VarHandleReferences$FieldInstanceReadWrite::compareAndSet@15
                      ; - java.lang.invoke.VarHandleGuards::guard_LLL_Z@50
                      ; - java.util.concurrent.atomic.AtomicReference::compareAndSet@6
                      ; - com.google.common.util.concurrent.InterruptibleTask::run@7 (line 66)
  0x00000289d00257c0: a005 e951 | f7ff ff48 

  0x00000289d00257c8: ;   {runtime_call fast_new_instance Runtime1 stub}
  0x00000289d00257c8: 8bd2 e831 

  0x00000289d00257cc: ; ImmutableOopMap {rbx=Oop [232]=Oop [240]=Oop }
                      ;*new {reexecute=0 rethrow=0 return_oop=0}
                      ; - java.lang.Class::cast@12
                      ; - java.lang.invoke.VarHandleReferences$FieldInstanceReadWrite::compareAndSet@15
                      ; - java.lang.invoke.VarHandleGuards::guard_LLL_Z@50
                      ; - java.util.concurrent.atomic.AtomicReference::compareAndSet@6
                      ; - com.google.common.util.concurrent.InterruptibleTask::run@7 (line 66)
  0x00000289d00257cc: db9f 05e9 | 93f7 ffff | 498b 87f8 | 0400 0049 | c787 f804 | 0000 0000 | 0000 49c7 | 8700 0500 
  0x00000289d00257ec: 0000 0000 | 0048 81c4 | 8001 0000 

  0x00000289d00257f8: ;   {runtime_call unwind_exception Runtime1 stub}
  0x00000289d00257f8: 5de9 02c1 | 9f05 f4f4 
[Stub Code]
  0x00000289d0025800: ;   {no_reloc}
  0x00000289d0025800: 0f1f 4400 

  0x00000289d0025804: ;   {static_stub}
  0x00000289d0025804: 0048 bb00 | 0000 0000 

  0x00000289d002580c: ;   {runtime_call nmethod}
  0x00000289d002580c: 0000 00e9 | fbff ffff 

  0x00000289d0025814: ;   {static_stub}
  0x00000289d0025814: 9048 bb00 | 0000 0000 

  0x00000289d002581c: ;   {runtime_call nmethod}
  0x00000289d002581c: 0000 00e9 | fbff ffff 

  0x00000289d0025824: ;   {static_stub}
  0x00000289d0025824: 9048 bb00 | 0000 0000 

  0x00000289d002582c: ;   {runtime_call nmethod}
  0x00000289d002582c: 0000 00e9 | fbff ffff 

  0x00000289d0025834: ;   {static_stub}
  0x00000289d0025834: 9048 bb00 | 0000 0000 

  0x00000289d002583c: ;   {runtime_call nmethod}
  0x00000289d002583c: 0000 00e9 | fbff ffff 

  0x00000289d0025844: ;   {static_stub}
  0x00000289d0025844: 9048 bb00 | 0000 0000 

  0x00000289d002584c: ;   {runtime_call nmethod}
  0x00000289d002584c: 0000 00e9 | fbff ffff 

  0x00000289d0025854: ;   {static_stub}
  0x00000289d0025854: 9048 bb00 | 0000 0000 

  0x00000289d002585c: ;   {runtime_call nmethod}
  0x00000289d002585c: 0000 00e9 | fbff ffff 

  0x00000289d0025864: ;   {static_stub}
  0x00000289d0025864: 9048 bb00 | 0000 0000 

  0x00000289d002586c: ;   {runtime_call nmethod}
  0x00000289d002586c: 0000 00e9 | fbff ffff 

  0x00000289d0025874: ;   {static_stub}
  0x00000289d0025874: 48bb 0000 | 0000 0000 

  0x00000289d002587c: ;   {runtime_call nmethod}
  0x00000289d002587c: 0000 e9fb 

  0x00000289d0025880: ;   {static_stub}
  0x00000289d0025880: ffff ff48 | bb00 0000 | 0000 0000 

  0x00000289d002588c: ;   {runtime_call nmethod}
  0x00000289d002588c: 00e9 fbff 

  0x00000289d0025890: ;   {static_stub}
  0x00000289d0025890: ffff 48bb | 0000 0000 | 0000 0000 

  0x00000289d002589c: ;   {runtime_call nmethod}
  0x00000289d002589c: e9fb ffff 

  0x00000289d00258a0: ;   {runtime_call handle_exception_from_callee Runtime1 stub}
  0x00000289d00258a0: ffe8 5af5 

  0x00000289d00258a4: ;   {external_word}
  0x00000289d00258a4: 9f05 48b9 | b061 0c5f | fd7f 0000 | 4883 e4f0 

  0x00000289d00258b4: ;   {runtime_call}
  0x00000289d00258b4: 48b8 70cf | da5e fd7f | 0000 ffd0 

  0x00000289d00258c0: ;   {section_word}
  0x00000289d00258c0: f449 bac1 | 5802 d089 | 0200 0041 

  0x00000289d00258cc: ;   {runtime_call DeoptimizationBlob}
  0x00000289d00258cc: 52e9 4e24 | 9405 f4f4 | f4f4 f4f4 
[/MachCode]


---------------  P R O C E S S  ---------------

Threads class SMR info:
_java_thread_list=0x00000289eaaf5cc0, length=140, elements={
0x00000289c995b5a0, 0x00000289e3350650, 0x00000289e3354050, 0x00000289e3368910,
0x00000289e337e8e0, 0x00000289e337ef50, 0x00000289e3381a50, 0x00000289e338f040,
0x00000289e3395bd0, 0x00000289e339b290, 0x00000289e3685ef0, 0x00000289e36872a0,
0x00000289e3686c10, 0x00000289e3687930, 0x00000289e8c34720, 0x00000289e8c35440,
0x00000289e8c35ad0, 0x00000289eb674280, 0x00000289eb675630, 0x00000289eb672ed0,
0x00000289eb674910, 0x00000289eb672840, 0x00000289eb673bf0, 0x00000289eb6721b0,
0x00000289eb675cc0, 0x00000289eb676350, 0x00000289eb678ab0, 0x00000289eb677700,
0x00000289eab44200, 0x00000289eb4fb8e0, 0x00000289eb4fc600, 0x00000289eb4fcc90,
0x00000289eb4fabc0, 0x00000289eb4fb250, 0x00000289eb4ffa80, 0x00000289eb4fed60,
0x00000289eb4ff3f0, 0x00000289eb500110, 0x00000289eb5007a0, 0x00000289eb500e30,
0x00000289ee3c2810, 0x00000289ee3c0dd0, 0x00000289ee3c1af0, 0x00000289edf2e810,
0x00000289ee3c1460, 0x00000289ee3c2ea0, 0x00000289ee3c2180, 0x00000289ee3c3530,
0x00000289ee3c00b0, 0x00000289ee3c5600, 0x00000289ee3c5c90, 0x00000289ee3c6320,
0x00000289ee3c4250, 0x00000289ee3c69b0, 0x00000289ee3c48e0, 0x00000289ee3c4f70,
0x00000289ee3c7040, 0x00000289ee3c3bc0, 0x00000289ebcaeb10, 0x00000289ebcaf1a0,
0x00000289ebcac3b0, 0x00000289ebcaddf0, 0x00000289ebcad760, 0x00000289ebcafec0,
0x00000289ebcaca40, 0x00000289ebcb0550, 0x00000289ebcad0d0, 0x00000289ebcb0be0,
0x00000289ebcb1900, 0x00000289ebcb1270, 0x00000289ebcb1f90, 0x00000289ebcb2620,
0x00000289ebcb2cb0, 0x00000289e3c2a590, 0x00000289e3c291e0, 0x00000289e3c2ac20,
0x00000289e3c284c0, 0x00000289e3c277a0, 0x00000289e3c2b2b0, 0x00000289e3c27e30,
0x00000289e3c2b940, 0x00000289e3c2bfd0, 0x00000289e3922d90, 0x00000289e39275c0,
0x00000289e3c27110, 0x00000289eda60c10, 0x00000289eda61930, 0x00000289eda5eb40,
0x00000289eda5e4b0, 0x00000289eda612a0, 0x00000289eda64db0, 0x00000289eda63a00,
0x00000289eda64090, 0x00000289eda65440, 0x00000289eda63370, 0x00000289eda64720,
0x00000289edecfb80, 0x00000289eded0210, 0x00000289eded08a0, 0x00000289eded15c0,
0x00000289eded1c50, 0x00000289eded22e0, 0x00000289edecee60, 0x00000289eded3690,
0x00000289eded6480, 0x00000289eded43b0, 0x00000289eded4a40, 0x00000289eded50d0,
0x00000289eded5df0, 0x00000289eded5760, 0x00000289e3922070, 0x00000289e39219e0,
0x00000289e3922700, 0x00000289e3923ab0, 0x00000289e39268a0, 0x00000289e39247d0,
0x00000289e3928970, 0x00000289e3926210, 0x00000289e3925b80, 0x00000289e3926f30,
0x00000289e39282e0, 0x00000289e3929000, 0x00000289eb673560, 0x00000289eb671b20,
0x00000289eb678420, 0x00000289e3c28b50, 0x00000289e3c2c660, 0x00000289e3c2ccf0,
0x00000289e3c2d380, 0x00000289e3c2da10, 0x00000289e3c2e0a0, 0x00000289e3c2e730,
0x00000289e8c33a00, 0x00000289e8c33370, 0x00000289eb6769e0, 0x00000289eb674fa0,
0x00000289eb679140, 0x00000289eab46ff0, 0x00000289eab49750, 0x00000289ed50aaf0
}

Java Threads: ( => current thread )
  0x00000289c995b5a0 JavaThread "main"                              [_thread_blocked, id=1944, stack(0x000000ee23600000,0x000000ee23700000) (1024K)]
  0x00000289e3350650 JavaThread "Common-Cleaner"             daemon [_thread_blocked, id=17660, stack(0x000000ee23e00000,0x000000ee23f00000) (1024K)]
  0x00000289e3354050 JavaThread "Reference Handler"          daemon [_thread_blocked, id=11548, stack(0x000000ee23f00000,0x000000ee24000000) (1024K)]
  0x00000289e3368910 JavaThread "Finalizer"                  daemon [_thread_blocked, id=2172, stack(0x000000ee24000000,0x000000ee24100000) (1024K)]
  0x00000289e337e8e0 JavaThread "Signal Dispatcher"          daemon [_thread_blocked, id=9084, stack(0x000000ee24100000,0x000000ee24200000) (1024K)]
  0x00000289e337ef50 JavaThread "Attach Listener"            daemon [_thread_blocked, id=15916, stack(0x000000ee24200000,0x000000ee24300000) (1024K)]
  0x00000289e3381a50 JavaThread "Service Thread"             daemon [_thread_blocked, id=6192, stack(0x000000ee24300000,0x000000ee24400000) (1024K)]
  0x00000289e338f040 JavaThread "Monitor Deflation Thread"   daemon [_thread_blocked, id=4764, stack(0x000000ee24400000,0x000000ee24500000) (1024K)]
  0x00000289e3395bd0 JavaThread "C2 CompilerThread0"         daemon [_thread_in_native, id=1676, stack(0x000000ee24500000,0x000000ee24600000) (1024K)]
  0x00000289e339b290 JavaThread "C1 CompilerThread0"         daemon [_thread_blocked, id=17064, stack(0x000000ee24600000,0x000000ee24700000) (1024K)]
  0x00000289e3685ef0 JavaThread "Notification Thread"        daemon [_thread_blocked, id=17028, stack(0x000000ee24700000,0x000000ee24800000) (1024K)]
  0x00000289e36872a0 JavaThread "Daemon health stats"               [_thread_blocked, id=15480, stack(0x000000ee24e00000,0x000000ee24f00000) (1024K)]
  0x00000289e3686c10 JavaThread "Incoming local TCP Connector on port 56864"        [_thread_in_native, id=17728, stack(0x000000ee25200000,0x000000ee25300000) (1024K)]
  0x00000289e3687930 JavaThread "Daemon periodic checks"            [_thread_blocked, id=3860, stack(0x000000ee25300000,0x000000ee25400000) (1024K)]
  0x00000289e8c34720 JavaThread "Cache worker for journal cache (C:\Users\ibtis\.gradle\caches\journal-1)"        [_thread_blocked, id=3832, stack(0x000000ee25c00000,0x000000ee25d00000) (1024K)]
  0x00000289e8c35440 JavaThread "File lock request listener"        [_thread_in_native, id=18048, stack(0x000000ee25d00000,0x000000ee25e00000) (1024K)]
  0x00000289e8c35ad0 JavaThread "Cache worker for file hash cache (C:\Users\ibtis\.gradle\caches\8.10.2\fileHashes)"        [_thread_blocked, id=16488, stack(0x000000ee25e00000,0x000000ee25f00000) (1024K)]
  0x00000289eb674280 JavaThread "File watcher server"        daemon [_thread_in_native, id=8552, stack(0x000000ee26100000,0x000000ee26200000) (1024K)]
  0x00000289eb675630 JavaThread "File watcher consumer"      daemon [_thread_blocked, id=17812, stack(0x000000ee26200000,0x000000ee26300000) (1024K)]
  0x00000289eb672ed0 JavaThread "jar transforms"                    [_thread_blocked, id=16064, stack(0x000000ee26300000,0x000000ee26400000) (1024K)]
  0x00000289eb674910 JavaThread "jar transforms Thread 2"           [_thread_blocked, id=17096, stack(0x000000ee26400000,0x000000ee26500000) (1024K)]
  0x00000289eb672840 JavaThread "jar transforms Thread 3"           [_thread_blocked, id=8248, stack(0x000000ee26500000,0x000000ee26600000) (1024K)]
  0x00000289eb673bf0 JavaThread "jar transforms Thread 4"           [_thread_blocked, id=16656, stack(0x000000ee26600000,0x000000ee26700000) (1024K)]
  0x00000289eb6721b0 JavaThread "jar transforms Thread 5"           [_thread_blocked, id=1696, stack(0x000000ee26700000,0x000000ee26800000) (1024K)]
  0x00000289eb675cc0 JavaThread "Cache worker for file content cache (C:\Users\ibtis\.gradle\caches\8.10.2\fileContent)"        [_thread_blocked, id=9192, stack(0x000000ee26900000,0x000000ee26a00000) (1024K)]
  0x00000289eb676350 JavaThread "jar transforms Thread 6"           [_thread_blocked, id=15808, stack(0x000000ee26c00000,0x000000ee26d00000) (1024K)]
  0x00000289eb678ab0 JavaThread "jar transforms Thread 7"           [_thread_blocked, id=17444, stack(0x000000ee26d00000,0x000000ee26e00000) (1024K)]
  0x00000289eb677700 JavaThread "jar transforms Thread 8"           [_thread_blocked, id=15816, stack(0x000000ee26e00000,0x000000ee26f00000) (1024K)]
  0x00000289eab44200 JavaThread "Memory manager"                    [_thread_blocked, id=12760, stack(0x000000ee29c00000,0x000000ee29d00000) (1024K)]
  0x00000289eb4fb8e0 JavaThread "Daemon Thread 4"                   [_thread_blocked, id=11940, stack(0x000000ee23300000,0x000000ee23400000) (1024K)]
  0x00000289eb4fc600 JavaThread "Handler for socket connection from /127.0.0.1:56864 to /127.0.0.1:50919"        [_thread_in_native, id=1464, stack(0x000000ee23400000,0x000000ee23500000) (1024K)]
  0x00000289eb4fcc90 JavaThread "Cancel handler"                    [_thread_blocked, id=5616, stack(0x000000ee23500000,0x000000ee23600000) (1024K)]
  0x00000289eb4fabc0 JavaThread "Daemon worker Thread 4"            [_thread_blocked, id=17008, stack(0x000000ee24800000,0x000000ee24900000) (1024K)]
  0x00000289eb4fb250 JavaThread "Asynchronous log dispatcher for DefaultDaemonConnection: socket connection from /127.0.0.1:56864 to /127.0.0.1:50919"        [_thread_blocked, id=9184, stack(0x000000ee24c00000,0x000000ee24d00000) (1024K)]
  0x00000289eb4ffa80 JavaThread "Stdin handler"                     [_thread_blocked, id=2056, stack(0x000000ee25400000,0x000000ee25500000) (1024K)]
  0x00000289eb4fed60 JavaThread "Daemon client event forwarder"        [_thread_blocked, id=14256, stack(0x000000ee25500000,0x000000ee25600000) (1024K)]
  0x00000289eb4ff3f0 JavaThread "Cache worker for file hash cache (C:\Users\ibtis\Downloads\TP11_ibtissam\TP11_ibtissam\frontend\.gradle\8.10.2\fileHashes)"        [_thread_blocked, id=18532, stack(0x000000ee25700000,0x000000ee25800000) (1024K)]
  0x00000289eb500110 JavaThread "Cache worker for Build Output Cleanup Cache (C:\Users\ibtis\Downloads\TP11_ibtissam\TP11_ibtissam\frontend\.gradle\buildOutputCleanup)"        [_thread_blocked, id=6824, stack(0x000000ee25800000,0x000000ee25900000) (1024K)]
  0x00000289eb5007a0 JavaThread "Cache worker for checksums cache (C:\Users\ibtis\Downloads\TP11_ibtissam\TP11_ibtissam\frontend\.gradle\8.10.2\checksums)"        [_thread_blocked, id=18516, stack(0x000000ee25900000,0x000000ee25a00000) (1024K)]
  0x00000289eb500e30 JavaThread "Cache worker for cache directory md-rule (C:\Users\ibtis\.gradle\caches\8.10.2\md-rule)"        [_thread_blocked, id=18356, stack(0x000000ee25a00000,0x000000ee25b00000) (1024K)]
  0x00000289ee3c2810 JavaThread "Cache worker for cache directory md-supplier (C:\Users\ibtis\.gradle\caches\8.10.2\md-supplier)"        [_thread_blocked, id=18772, stack(0x000000ee25b00000,0x000000ee25c00000) (1024K)]
  0x00000289ee3c0dd0 JavaThread "Unconstrained build operations"        [_thread_blocked, id=18536, stack(0x000000ee25f00000,0x000000ee26000000) (1024K)]
  0x00000289ee3c1af0 JavaThread "Unconstrained build operations Thread 2"        [_thread_blocked, id=9760, stack(0x000000ee26000000,0x000000ee26100000) (1024K)]
  0x00000289edf2e810 JavaThread "C2 CompilerThread1"         daemon [_thread_blocked, id=19140, stack(0x000000ee26800000,0x000000ee26900000) (1024K)]
  0x00000289ee3c1460 JavaThread "Unconstrained build operations Thread 3"        [_thread_blocked, id=18288, stack(0x000000ee26b00000,0x000000ee26c00000) (1024K)]
  0x00000289ee3c2ea0 JavaThread "Unconstrained build operations Thread 4"        [_thread_blocked, id=1496, stack(0x000000ee26f00000,0x000000ee27000000) (1024K)]
  0x00000289ee3c2180 JavaThread "Unconstrained build operations Thread 5"        [_thread_blocked, id=16836, stack(0x000000ee27000000,0x000000ee27100000) (1024K)]
  0x00000289ee3c3530 JavaThread "Unconstrained build operations Thread 6"        [_thread_blocked, id=18624, stack(0x000000ee27100000,0x000000ee27200000) (1024K)]
  0x00000289ee3c00b0 JavaThread "Unconstrained build operations Thread 7"        [_thread_blocked, id=19772, stack(0x000000ee27200000,0x000000ee27300000) (1024K)]
  0x00000289ee3c5600 JavaThread "Unconstrained build operations Thread 8"        [_thread_blocked, id=19768, stack(0x000000ee27300000,0x000000ee27400000) (1024K)]
  0x00000289ee3c5c90 JavaThread "Unconstrained build operations Thread 9"        [_thread_blocked, id=15152, stack(0x000000ee27400000,0x000000ee27500000) (1024K)]
  0x00000289ee3c6320 JavaThread "Unconstrained build operations Thread 10"        [_thread_blocked, id=16204, stack(0x000000ee27500000,0x000000ee27600000) (1024K)]
  0x00000289ee3c4250 JavaThread "Unconstrained build operations Thread 11"        [_thread_blocked, id=18268, stack(0x000000ee27600000,0x000000ee27700000) (1024K)]
  0x00000289ee3c69b0 JavaThread "Unconstrained build operations Thread 12"        [_thread_blocked, id=6100, stack(0x000000ee27700000,0x000000ee27800000) (1024K)]
  0x00000289ee3c48e0 JavaThread "Unconstrained build operations Thread 13"        [_thread_blocked, id=18556, stack(0x000000ee27800000,0x000000ee27900000) (1024K)]
  0x00000289ee3c4f70 JavaThread "Unconstrained build operations Thread 14"        [_thread_blocked, id=2124, stack(0x000000ee27900000,0x000000ee27a00000) (1024K)]
  0x00000289ee3c7040 JavaThread "Unconstrained build operations Thread 15"        [_thread_blocked, id=18208, stack(0x000000ee27a00000,0x000000ee27b00000) (1024K)]
  0x00000289ee3c3bc0 JavaThread "Unconstrained build operations Thread 16"        [_thread_blocked, id=18052, stack(0x000000ee27b00000,0x000000ee27c00000) (1024K)]
  0x00000289ebcaeb10 JavaThread "included builds"                   [_thread_blocked, id=4508, stack(0x000000ee27c00000,0x000000ee27d00000) (1024K)]
  0x00000289ebcaf1a0 JavaThread "Execution worker"                  [_thread_blocked, id=3796, stack(0x000000ee27d00000,0x000000ee27e00000) (1024K)]
  0x00000289ebcac3b0 JavaThread "Execution worker Thread 2"         [_thread_blocked, id=9948, stack(0x000000ee27e00000,0x000000ee27f00000) (1024K)]
  0x00000289ebcaddf0 JavaThread "Execution worker Thread 3"         [_thread_blocked, id=18712, stack(0x000000ee27f00000,0x000000ee28000000) (1024K)]
  0x00000289ebcad760 JavaThread "Execution worker Thread 4"         [_thread_blocked, id=3936, stack(0x000000ee28000000,0x000000ee28100000) (1024K)]
  0x00000289ebcafec0 JavaThread "Execution worker Thread 5"         [_thread_blocked, id=19100, stack(0x000000ee28100000,0x000000ee28200000) (1024K)]
  0x00000289ebcaca40 JavaThread "Execution worker Thread 6"         [_thread_blocked, id=9364, stack(0x000000ee28200000,0x000000ee28300000) (1024K)]
  0x00000289ebcb0550 JavaThread "Execution worker Thread 7"         [_thread_blocked, id=5008, stack(0x000000ee28300000,0x000000ee28400000) (1024K)]
  0x00000289ebcad0d0 JavaThread "Cache worker for execution history cache (C:\Users\ibtis\Downloads\TP11_ibtissam\TP11_ibtissam\frontend\.gradle\8.10.2\executionHistory)"        [_thread_blocked, id=10276, stack(0x000000ee28400000,0x000000ee28500000) (1024K)]
  0x00000289ebcb0be0 JavaThread "Unconstrained build operations Thread 17"        [_thread_blocked, id=7480, stack(0x000000ee28500000,0x000000ee28600000) (1024K)]
  0x00000289ebcb1900 JavaThread "Unconstrained build operations Thread 18"        [_thread_blocked, id=19908, stack(0x000000ee28600000,0x000000ee28700000) (1024K)]
  0x00000289ebcb1270 JavaThread "Unconstrained build operations Thread 19"        [_thread_blocked, id=19900, stack(0x000000ee28700000,0x000000ee28800000) (1024K)]
  0x00000289ebcb1f90 JavaThread "Unconstrained build operations Thread 20"        [_thread_blocked, id=18780, stack(0x000000ee28800000,0x000000ee28900000) (1024K)]
  0x00000289ebcb2620 JavaThread "Unconstrained build operations Thread 21"        [_thread_blocked, id=18768, stack(0x000000ee28900000,0x000000ee28a00000) (1024K)]
  0x00000289ebcb2cb0 JavaThread "Unconstrained build operations Thread 22"        [_thread_blocked, id=19280, stack(0x000000ee28a00000,0x000000ee28b00000) (1024K)]
  0x00000289e3c2a590 JavaThread "Unconstrained build operations Thread 23"        [_thread_blocked, id=17500, stack(0x000000ee28b00000,0x000000ee28c00000) (1024K)]
  0x00000289e3c291e0 JavaThread "WorkerExecutor Queue"              [_thread_blocked, id=17928, stack(0x000000ee28c00000,0x000000ee28d00000) (1024K)]
  0x00000289e3c2ac20 JavaThread "Unconstrained build operations Thread 24"        [_thread_blocked, id=5488, stack(0x000000ee28d00000,0x000000ee28e00000) (1024K)]
  0x00000289e3c284c0 JavaThread "Unconstrained build operations Thread 25"        [_thread_blocked, id=9668, stack(0x000000ee28e00000,0x000000ee28f00000) (1024K)]
  0x00000289e3c277a0 JavaThread "Unconstrained build operations Thread 26"        [_thread_blocked, id=8384, stack(0x000000ee28f00000,0x000000ee29000000) (1024K)]
  0x00000289e3c2b2b0 JavaThread "Unconstrained build operations Thread 27"        [_thread_blocked, id=18380, stack(0x000000ee29000000,0x000000ee29100000) (1024K)]
  0x00000289e3c27e30 JavaThread "Unconstrained build operations Thread 28"        [_thread_blocked, id=13868, stack(0x000000ee29100000,0x000000ee29200000) (1024K)]
  0x00000289e3c2b940 JavaThread "Unconstrained build operations Thread 29"        [_thread_blocked, id=17580, stack(0x000000ee29200000,0x000000ee29300000) (1024K)]
  0x00000289e3c2bfd0 JavaThread "Unconstrained build operations Thread 30"        [_thread_blocked, id=6204, stack(0x000000ee29300000,0x000000ee29400000) (1024K)]
  0x00000289e3922d90 JavaThread "WorkerExecutor Queue Thread 2"        [_thread_blocked, id=20188, stack(0x000000ee29400000,0x000000ee29500000) (1024K)]
  0x00000289e39275c0 JavaThread "WorkerExecutor Queue Thread 3"        [_thread_blocked, id=5360, stack(0x000000ee29500000,0x000000ee29600000) (1024K)]
  0x00000289e3c27110 JavaThread "WorkerExecutor Queue Thread 4"        [_thread_blocked, id=13924, stack(0x000000ee29600000,0x000000ee29700000) (1024K)]
  0x00000289eda60c10 JavaThread "WorkerExecutor Queue Thread 5"        [_thread_blocked, id=17516, stack(0x000000ee29700000,0x000000ee29800000) (1024K)]
  0x00000289eda61930 JavaThread "WorkerExecutor Queue Thread 6"        [_thread_blocked, id=20148, stack(0x000000ee29800000,0x000000ee29900000) (1024K)]
  0x00000289eda5eb40 JavaThread "WorkerExecutor Queue Thread 7"        [_thread_blocked, id=19152, stack(0x000000ee29900000,0x000000ee29a00000) (1024K)]
  0x00000289eda5e4b0 JavaThread "WorkerExecutor Queue Thread 8"        [_thread_blocked, id=6088, stack(0x000000ee29a00000,0x000000ee29b00000) (1024K)]
  0x00000289eda612a0 JavaThread "Unconstrained build operations Thread 31"        [_thread_blocked, id=19796, stack(0x000000ee29d00000,0x000000ee29e00000) (1024K)]
  0x00000289eda64db0 JavaThread "Unconstrained build operations Thread 32"        [_thread_blocked, id=4880, stack(0x000000ee29e00000,0x000000ee29f00000) (1024K)]
  0x00000289eda63a00 JavaThread "Unconstrained build operations Thread 33"        [_thread_blocked, id=13356, stack(0x000000ee29f00000,0x000000ee2a000000) (1024K)]
  0x00000289eda64090 JavaThread "Unconstrained build operations Thread 34"        [_thread_blocked, id=17848, stack(0x000000ee2a000000,0x000000ee2a100000) (1024K)]
  0x00000289eda65440 JavaThread "Unconstrained build operations Thread 35"        [_thread_blocked, id=2480, stack(0x000000ee2a100000,0x000000ee2a200000) (1024K)]
  0x00000289eda63370 JavaThread "Unconstrained build operations Thread 36"        [_thread_blocked, id=18708, stack(0x000000ee2a200000,0x000000ee2a300000) (1024K)]
  0x00000289eda64720 JavaThread "Unconstrained build operations Thread 37"        [_thread_blocked, id=17824, stack(0x000000ee2a300000,0x000000ee2a400000) (1024K)]
  0x00000289edecfb80 JavaThread "Unconstrained build operations Thread 38"        [_thread_blocked, id=20320, stack(0x000000ee2a400000,0x000000ee2a500000) (1024K)]
  0x00000289eded0210 JavaThread "Unconstrained build operations Thread 39"        [_thread_blocked, id=18244, stack(0x000000ee2a500000,0x000000ee2a600000) (1024K)]
  0x00000289eded08a0 JavaThread "Unconstrained build operations Thread 40"        [_thread_blocked, id=20300, stack(0x000000ee2a600000,0x000000ee2a700000) (1024K)]
  0x00000289eded15c0 JavaThread "Unconstrained build operations Thread 41"        [_thread_blocked, id=20304, stack(0x000000ee2a700000,0x000000ee2a800000) (1024K)]
  0x00000289eded1c50 JavaThread "Unconstrained build operations Thread 42"        [_thread_blocked, id=20252, stack(0x000000ee2a800000,0x000000ee2a900000) (1024K)]
  0x00000289eded22e0 JavaThread "Unconstrained build operations Thread 43"        [_thread_blocked, id=18876, stack(0x000000ee2a900000,0x000000ee2aa00000) (1024K)]
  0x00000289edecee60 JavaThread "Unconstrained build operations Thread 44"        [_thread_blocked, id=17920, stack(0x000000ee2aa00000,0x000000ee2ab00000) (1024K)]
  0x00000289eded3690 JavaThread "Unconstrained build operations Thread 45"        [_thread_blocked, id=20256, stack(0x000000ee2ab00000,0x000000ee2ac00000) (1024K)]
  0x00000289eded6480 JavaThread "Unconstrained build operations Thread 46"        [_thread_blocked, id=18332, stack(0x000000ee26a00000,0x000000ee26b00000) (1024K)]
  0x00000289eded43b0 JavaThread "Unconstrained build operations Thread 47"        [_thread_blocked, id=18484, stack(0x000000ee2ac00000,0x000000ee2ad00000) (1024K)]
  0x00000289eded4a40 JavaThread "Unconstrained build operations Thread 48"        [_thread_blocked, id=19824, stack(0x000000ee2ad00000,0x000000ee2ae00000) (1024K)]
  0x00000289eded50d0 JavaThread "Unconstrained build operations Thread 49"        [_thread_blocked, id=19820, stack(0x000000ee2ae00000,0x000000ee2af00000) (1024K)]
  0x00000289eded5df0 JavaThread "Unconstrained build operations Thread 50"        [_thread_blocked, id=16652, stack(0x000000ee2af00000,0x000000ee2b000000) (1024K)]
  0x00000289eded5760 JavaThread "Unconstrained build operations Thread 51"        [_thread_blocked, id=19264, stack(0x000000ee2b000000,0x000000ee2b100000) (1024K)]
  0x00000289e3922070 JavaThread "Unconstrained build operations Thread 52"        [_thread_blocked, id=15444, stack(0x000000ee2b200000,0x000000ee2b300000) (1024K)]
  0x00000289e39219e0 JavaThread "Unconstrained build operations Thread 53"        [_thread_blocked, id=13892, stack(0x000000ee2b300000,0x000000ee2b400000) (1024K)]
  0x00000289e3922700 JavaThread "Unconstrained build operations Thread 54"        [_thread_blocked, id=18396, stack(0x000000ee2b400000,0x000000ee2b500000) (1024K)]
  0x00000289e3923ab0 JavaThread "Unconstrained build operations Thread 55"        [_thread_blocked, id=10088, stack(0x000000ee2b500000,0x000000ee2b600000) (1024K)]
  0x00000289e39268a0 JavaThread "Unconstrained build operations Thread 56"        [_thread_blocked, id=15320, stack(0x000000ee2b600000,0x000000ee2b700000) (1024K)]
  0x00000289e39247d0 JavaThread "Unconstrained build operations Thread 57"        [_thread_blocked, id=7588, stack(0x000000ee2b700000,0x000000ee2b800000) (1024K)]
  0x00000289e3928970 JavaThread "Unconstrained build operations Thread 58"        [_thread_blocked, id=19248, stack(0x000000ee2b800000,0x000000ee2b900000) (1024K)]
  0x00000289e3926210 JavaThread "Unconstrained build operations Thread 59"        [_thread_blocked, id=19268, stack(0x000000ee2b900000,0x000000ee2ba00000) (1024K)]
  0x00000289e3925b80 JavaThread "Unconstrained build operations Thread 60"        [_thread_blocked, id=19688, stack(0x000000ee2ba00000,0x000000ee2bb00000) (1024K)]
  0x00000289e3926f30 JavaThread "Unconstrained build operations Thread 61"        [_thread_blocked, id=12948, stack(0x000000ee2bb00000,0x000000ee2bc00000) (1024K)]
  0x00000289e39282e0 JavaThread "Unconstrained build operations Thread 62"        [_thread_blocked, id=3616, stack(0x000000ee2bc00000,0x000000ee2bd00000) (1024K)]
  0x00000289e3929000 JavaThread "Unconstrained build operations Thread 63"        [_thread_blocked, id=10104, stack(0x000000ee2bd00000,0x000000ee2be00000) (1024K)]
  0x00000289eb673560 JavaThread "Unconstrained build operations Thread 64"        [_thread_blocked, id=19680, stack(0x000000ee2be00000,0x000000ee2bf00000) (1024K)]
  0x00000289eb671b20 JavaThread "Unconstrained build operations Thread 65"        [_thread_blocked, id=19692, stack(0x000000ee2bf00000,0x000000ee2c000000) (1024K)]
  0x00000289eb678420 JavaThread "Unconstrained build operations Thread 66"        [_thread_blocked, id=19696, stack(0x000000ee2c000000,0x000000ee2c100000) (1024K)]
  0x00000289e3c28b50 JavaThread "Unconstrained build operations Thread 67"        [_thread_blocked, id=19108, stack(0x000000ee2c100000,0x000000ee2c200000) (1024K)]
  0x00000289e3c2c660 JavaThread "Unconstrained build operations Thread 68"        [_thread_blocked, id=17528, stack(0x000000ee2c200000,0x000000ee2c300000) (1024K)]
  0x00000289e3c2ccf0 JavaThread "Unconstrained build operations Thread 69"        [_thread_blocked, id=3540, stack(0x000000ee2c300000,0x000000ee2c400000) (1024K)]
  0x00000289e3c2d380 JavaThread "Unconstrained build operations Thread 70"        [_thread_blocked, id=19928, stack(0x000000ee2c400000,0x000000ee2c500000) (1024K)]
  0x00000289e3c2da10 JavaThread "Unconstrained build operations Thread 71"        [_thread_blocked, id=17900, stack(0x000000ee2c500000,0x000000ee2c600000) (1024K)]
  0x00000289e3c2e0a0 JavaThread "Unconstrained build operations Thread 72"        [_thread_blocked, id=5604, stack(0x000000ee2c600000,0x000000ee2c700000) (1024K)]
  0x00000289e3c2e730 JavaThread "Unconstrained build operations Thread 73"        [_thread_blocked, id=20376, stack(0x000000ee2c700000,0x000000ee2c800000) (1024K)]
=>0x00000289e8c33a00 JavaThread "Unconstrained build operations Thread 74"        [_thread_in_Java, id=19912, stack(0x000000ee2c800000,0x000000ee2c900000) (1024K)]
  0x00000289e8c33370 JavaThread "Unconstrained build operations Thread 75"        [_thread_blocked, id=18852, stack(0x000000ee2c900000,0x000000ee2ca00000) (1024K)]
  0x00000289eb6769e0 JavaThread "Unconstrained build operations Thread 76"        [_thread_blocked, id=18892, stack(0x000000ee2ca00000,0x000000ee2cb00000) (1024K)]
  0x00000289eb674fa0 JavaThread "Unconstrained build operations Thread 77"        [_thread_blocked, id=15776, stack(0x000000ee2cb00000,0x000000ee2cc00000) (1024K)]
  0x00000289eb679140 JavaThread "Unconstrained build operations Thread 78"        [_thread_blocked, id=19776, stack(0x000000ee2cc00000,0x000000ee2cd00000) (1024K)]
  0x00000289eab46ff0 JavaThread "Unconstrained build operations Thread 79"        [_thread_blocked, id=14548, stack(0x000000ee2cd00000,0x000000ee2ce00000) (1024K)]
  0x00000289eab49750 JavaThread "Unconstrained build operations Thread 80"        [_thread_blocked, id=19920, stack(0x000000ee2ce00000,0x000000ee2cf00000) (1024K)]
  0x00000289ed50aaf0 JavaThread "C2 CompilerThread2"         daemon [_thread_blocked, id=20128, stack(0x000000ee2b100000,0x000000ee2b200000) (1024K)]
Total: 140

Other Threads:
  0x00000289c97af7f0 VMThread "VM Thread"                           [id=18068, stack(0x000000ee23d00000,0x000000ee23e00000) (1024K)] _threads_hazard_ptr=0x00000289eaaf5cc0
  0x00000289e3149530 WatcherThread "VM Periodic Task Thread"        [id=12568, stack(0x000000ee23c00000,0x000000ee23d00000) (1024K)]
  0x00000289c97af450 WorkerThread "GC Thread#0"                     [id=16388, stack(0x000000ee23700000,0x000000ee23800000) (1024K)]
  0x00000289c97afb90 WorkerThread "GC Thread#1"                     [id=14788, stack(0x000000ee24900000,0x000000ee24a00000) (1024K)]
  0x00000289c97af0b0 WorkerThread "GC Thread#2"                     [id=12336, stack(0x000000ee24a00000,0x000000ee24b00000) (1024K)]
  0x00000289c97aff30 WorkerThread "GC Thread#3"                     [id=7448, stack(0x000000ee24b00000,0x000000ee24c00000) (1024K)]
  0x00000289e87d8220 WorkerThread "GC Thread#4"                     [id=10448, stack(0x000000ee24d00000,0x000000ee24e00000) (1024K)]
  0x00000289e87d90a0 WorkerThread "GC Thread#5"                     [id=11384, stack(0x000000ee24f00000,0x000000ee25000000) (1024K)]
  0x00000289e87d73a0 WorkerThread "GC Thread#6"                     [id=11868, stack(0x000000ee25000000,0x000000ee25100000) (1024K)]
  0x00000289e87d85c0 WorkerThread "GC Thread#7"                     [id=18388, stack(0x000000ee25100000,0x000000ee25200000) (1024K)]
  0x00000289c99c7460 ConcurrentGCThread "G1 Main Marker"            [id=17460, stack(0x000000ee23800000,0x000000ee23900000) (1024K)]
  0x00000289c97b0670 WorkerThread "G1 Conc#0"                       [id=9756, stack(0x000000ee23900000,0x000000ee23a00000) (1024K)]
  0x00000289e87d7000 WorkerThread "G1 Conc#1"                       [id=7280, stack(0x000000ee25600000,0x000000ee25700000) (1024K)]
  0x00000289e301dd40 ConcurrentGCThread "G1 Refine#0"               [id=15364, stack(0x000000ee23a00000,0x000000ee23b00000) (1024K)]
  0x00000289e301e270 ConcurrentGCThread "G1 Service"                [id=18324, stack(0x000000ee23b00000,0x000000ee23c00000) (1024K)]
Total: 15

Threads with active compile tasks:
Total: 0

VM state: not at safepoint (normal execution)

VM Mutex/Monitor currently owned by a thread: None

Heap address: 0x0000000080000000, size: 2048 MB, Compressed Oops mode: 32-bit

CDS archive(s) not mapped
Compressed class space mapped at: 0x0000000100000000-0x0000000140000000, reserved size: 1073741824
Narrow klass base: 0x0000000000000000, Narrow klass shift: 3, Narrow klass range: 0x140000000

GC Precious Log:
 CardTable entry size: 512
 Card Set container configuration: InlinePtr #cards 5 size 8 Array Of Cards #cards 12 size 40 Howl #buckets 4 coarsen threshold 1843 Howl Bitmap #cards 512 size 80 coarsen threshold 460 Card regions per heap region 1 cards per card region 2048
 CPUs: 8 total, 8 available
 Memory: 12092M
 Large Page Support: Disabled
 NUMA Support: Disabled
 Compressed Oops: Enabled (32-bit)
 Heap Region Size: 1M
 Heap Min Capacity: 8M
 Heap Initial Capacity: 190M
 Heap Max Capacity: 2G
 Pre-touch: Disabled
 Parallel Workers: 8
 Concurrent Workers: 2
 Concurrent Refinement Workers: 8
 Periodic GC: Disabled

Heap:
 garbage-first heap   total 344064K, used 195306K [0x0000000080000000, 0x0000000100000000)
  region size 1024K, 76 young (77824K), 20 survivors (20480K)
 Metaspace       used 129971K, committed 132224K, reserved 1179648K
  class space    used 17911K, committed 19008K, reserved 1048576K

Heap Regions: E=young(eden), S=young(survivor), O=old, HS=humongous(starts), HC=humongous(continues), CS=collection set, F=free, TAMS=top-at-mark-start, PB=parsable bottom
|   0|0x0000000080000000, 0x0000000080100000, 0x0000000080100000|100%|HS|  |TAMS 0x0000000080000000| PB 0x0000000080000000| Complete 
|   1|0x0000000080100000, 0x0000000080200000, 0x0000000080200000|100%|HC|  |TAMS 0x0000000080100000| PB 0x0000000080100000| Complete 
|   2|0x0000000080200000, 0x0000000080300000, 0x0000000080300000|100%|HC|  |TAMS 0x0000000080200000| PB 0x0000000080200000| Complete 
|   3|0x0000000080300000, 0x0000000080400000, 0x0000000080400000|100%|HC|  |TAMS 0x0000000080300000| PB 0x0000000080300000| Complete 
|   4|0x0000000080400000, 0x0000000080500000, 0x0000000080500000|100%| O|  |TAMS 0x0000000080400000| PB 0x0000000080400000| Untracked 
|   5|0x0000000080500000, 0x0000000080600000, 0x0000000080600000|100%| O|  |TAMS 0x0000000080500000| PB 0x0000000080500000| Untracked 
|   6|0x0000000080600000, 0x0000000080700000, 0x0000000080700000|100%|HS|  |TAMS 0x0000000080600000| PB 0x0000000080600000| Complete 
|   7|0x0000000080700000, 0x0000000080800000, 0x0000000080800000|100%| O|  |TAMS 0x0000000080700000| PB 0x0000000080700000| Untracked 
|   8|0x0000000080800000, 0x0000000080900000, 0x0000000080900000|100%| O|  |TAMS 0x0000000080800000| PB 0x0000000080800000| Untracked 
|   9|0x0000000080900000, 0x0000000080a00000, 0x0000000080a00000|100%| O|  |TAMS 0x0000000080900000| PB 0x0000000080900000| Untracked 
|  10|0x0000000080a00000, 0x0000000080b00000, 0x0000000080b00000|100%| O|  |TAMS 0x0000000080a00000| PB 0x0000000080a00000| Untracked 
|  11|0x0000000080b00000, 0x0000000080c00000, 0x0000000080c00000|100%| O|  |TAMS 0x0000000080b00000| PB 0x0000000080b00000| Untracked 
|  12|0x0000000080c00000, 0x0000000080d00000, 0x0000000080d00000|100%| O|  |TAMS 0x0000000080c00000| PB 0x0000000080c00000| Untracked 
|  13|0x0000000080d00000, 0x0000000080e00000, 0x0000000080e00000|100%| O|  |TAMS 0x0000000080d00000| PB 0x0000000080d00000| Untracked 
|  14|0x0000000080e00000, 0x0000000080f00000, 0x0000000080f00000|100%| O|  |TAMS 0x0000000080e00000| PB 0x0000000080e00000| Untracked 
|  15|0x0000000080f00000, 0x0000000081000000, 0x0000000081000000|100%| O|  |TAMS 0x0000000080f00000| PB 0x0000000080f00000| Untracked 
|  16|0x0000000081000000, 0x0000000081100000, 0x0000000081100000|100%| O|  |TAMS 0x0000000081000000| PB 0x0000000081000000| Untracked 
|  17|0x0000000081100000, 0x0000000081200000, 0x0000000081200000|100%| O|  |TAMS 0x0000000081100000| PB 0x0000000081100000| Untracked 
|  18|0x0000000081200000, 0x0000000081300000, 0x0000000081300000|100%| O|  |TAMS 0x0000000081200000| PB 0x0000000081200000| Untracked 
|  19|0x0000000081300000, 0x0000000081400000, 0x0000000081400000|100%| O|  |TAMS 0x0000000081300000| PB 0x0000000081300000| Untracked 
|  20|0x0000000081400000, 0x0000000081500000, 0x0000000081500000|100%| O|  |TAMS 0x0000000081400000| PB 0x0000000081400000| Untracked 
|  21|0x0000000081500000, 0x0000000081600000, 0x0000000081600000|100%| O|  |TAMS 0x0000000081500000| PB 0x0000000081500000| Untracked 
|  22|0x0000000081600000, 0x0000000081700000, 0x0000000081700000|100%|HS|  |TAMS 0x0000000081600000| PB 0x0000000081600000| Complete 
|  23|0x0000000081700000, 0x0000000081800000, 0x0000000081800000|100%|HC|  |TAMS 0x0000000081700000| PB 0x0000000081700000| Complete 
|  24|0x0000000081800000, 0x0000000081900000, 0x0000000081900000|100%|HC|  |TAMS 0x0000000081800000| PB 0x0000000081800000| Complete 
|  25|0x0000000081900000, 0x0000000081a00000, 0x0000000081a00000|100%|HC|  |TAMS 0x0000000081900000| PB 0x0000000081900000| Complete 
|  26|0x0000000081a00000, 0x0000000081b00000, 0x0000000081b00000|100%|HC|  |TAMS 0x0000000081a00000| PB 0x0000000081a00000| Complete 
|  27|0x0000000081b00000, 0x0000000081c00000, 0x0000000081c00000|100%|HC|  |TAMS 0x0000000081b00000| PB 0x0000000081b00000| Complete 
|  28|0x0000000081c00000, 0x0000000081d00000, 0x0000000081d00000|100%|HS|  |TAMS 0x0000000081c00000| PB 0x0000000081c00000| Complete 
|  29|0x0000000081d00000, 0x0000000081e00000, 0x0000000081e00000|100%|HC|  |TAMS 0x0000000081d00000| PB 0x0000000081d00000| Complete 
|  30|0x0000000081e00000, 0x0000000081f00000, 0x0000000081f00000|100%| O|  |TAMS 0x0000000081e00000| PB 0x0000000081e00000| Untracked 
|  31|0x0000000081f00000, 0x0000000082000000, 0x0000000082000000|100%| O|  |TAMS 0x0000000081f00000| PB 0x0000000081f00000| Untracked 
|  32|0x0000000082000000, 0x0000000082100000, 0x0000000082100000|100%| O|  |TAMS 0x0000000082000000| PB 0x0000000082000000| Untracked 
|  33|0x0000000082100000, 0x0000000082200000, 0x0000000082200000|100%| O|  |TAMS 0x0000000082100000| PB 0x0000000082100000| Untracked 
|  34|0x0000000082200000, 0x0000000082300000, 0x0000000082300000|100%| O|  |TAMS 0x0000000082200000| PB 0x0000000082200000| Untracked 
|  35|0x0000000082300000, 0x0000000082400000, 0x0000000082400000|100%| O|  |TAMS 0x0000000082300000| PB 0x0000000082300000| Untracked 
|  36|0x0000000082400000, 0x0000000082500000, 0x0000000082500000|100%| O|  |TAMS 0x0000000082400000| PB 0x0000000082400000| Untracked 
|  37|0x0000000082500000, 0x0000000082600000, 0x0000000082600000|100%| O|  |TAMS 0x0000000082500000| PB 0x0000000082500000| Untracked 
|  38|0x0000000082600000, 0x0000000082700000, 0x0000000082700000|100%| O|  |TAMS 0x0000000082600000| PB 0x0000000082600000| Untracked 
|  39|0x0000000082700000, 0x0000000082800000, 0x0000000082800000|100%| O|  |TAMS 0x0000000082700000| PB 0x0000000082700000| Untracked 
|  40|0x0000000082800000, 0x0000000082900000, 0x0000000082900000|100%| O|  |TAMS 0x0000000082800000| PB 0x0000000082800000| Untracked 
|  41|0x0000000082900000, 0x0000000082a00000, 0x0000000082a00000|100%| O|  |TAMS 0x0000000082900000| PB 0x0000000082900000| Untracked 
|  42|0x0000000082a00000, 0x0000000082b00000, 0x0000000082b00000|100%| O|  |TAMS 0x0000000082a00000| PB 0x0000000082a00000| Untracked 
|  43|0x0000000082b00000, 0x0000000082c00000, 0x0000000082c00000|100%| O|  |TAMS 0x0000000082b00000| PB 0x0000000082b00000| Untracked 
|  44|0x0000000082c00000, 0x0000000082d00000, 0x0000000082d00000|100%| O|  |TAMS 0x0000000082c00000| PB 0x0000000082c00000| Untracked 
|  45|0x0000000082d00000, 0x0000000082e00000, 0x0000000082e00000|100%|HS|  |TAMS 0x0000000082d00000| PB 0x0000000082d00000| Complete 
|  46|0x0000000082e00000, 0x0000000082f00000, 0x0000000082f00000|100%|HC|  |TAMS 0x0000000082e00000| PB 0x0000000082e00000| Complete 
|  47|0x0000000082f00000, 0x0000000082f00000, 0x0000000083000000|  0%| F|  |TAMS 0x0000000082f00000| PB 0x0000000082f00000| Untracked 
|  48|0x0000000083000000, 0x0000000083100000, 0x0000000083100000|100%|HS|  |TAMS 0x0000000083000000| PB 0x0000000083000000| Complete 
|  49|0x0000000083100000, 0x0000000083100000, 0x0000000083200000|  0%| F|  |TAMS 0x0000000083100000| PB 0x0000000083100000| Untracked 
|  50|0x0000000083200000, 0x0000000083300000, 0x0000000083300000|100%| O|  |TAMS 0x0000000083200000| PB 0x0000000083200000| Untracked 
|  51|0x0000000083300000, 0x0000000083400000, 0x0000000083400000|100%| O|  |TAMS 0x0000000083300000| PB 0x0000000083300000| Untracked 
|  52|0x0000000083400000, 0x0000000083500000, 0x0000000083500000|100%| O|  |TAMS 0x0000000083400000| PB 0x0000000083400000| Untracked 
|  53|0x0000000083500000, 0x0000000083600000, 0x0000000083600000|100%| O|  |TAMS 0x0000000083500000| PB 0x0000000083500000| Untracked 
|  54|0x0000000083600000, 0x0000000083700000, 0x0000000083700000|100%| O|  |TAMS 0x0000000083600000| PB 0x0000000083600000| Untracked 
|  55|0x0000000083700000, 0x0000000083800000, 0x0000000083800000|100%| O|  |TAMS 0x0000000083700000| PB 0x0000000083700000| Untracked 
|  56|0x0000000083800000, 0x0000000083800000, 0x0000000083900000|  0%| F|  |TAMS 0x0000000083800000| PB 0x0000000083800000| Untracked 
|  57|0x0000000083900000, 0x0000000083900000, 0x0000000083a00000|  0%| F|  |TAMS 0x0000000083900000| PB 0x0000000083900000| Untracked 
|  58|0x0000000083a00000, 0x0000000083b00000, 0x0000000083b00000|100%| O|  |TAMS 0x0000000083a00000| PB 0x0000000083a00000| Untracked 
|  59|0x0000000083b00000, 0x0000000083c00000, 0x0000000083c00000|100%| O|  |TAMS 0x0000000083b00000| PB 0x0000000083b00000| Untracked 
|  60|0x0000000083c00000, 0x0000000083d00000, 0x0000000083d00000|100%| O|  |TAMS 0x0000000083c00000| PB 0x0000000083c00000| Untracked 
|  61|0x0000000083d00000, 0x0000000083e00000, 0x0000000083e00000|100%|HS|  |TAMS 0x0000000083d00000| PB 0x0000000083d00000| Complete 
|  62|0x0000000083e00000, 0x0000000083f00000, 0x0000000083f00000|100%|HS|  |TAMS 0x0000000083e00000| PB 0x0000000083e00000| Complete 
|  63|0x0000000083f00000, 0x0000000084000000, 0x0000000084000000|100%|HS|  |TAMS 0x0000000083f00000| PB 0x0000000083f00000| Complete 
|  64|0x0000000084000000, 0x0000000084100000, 0x0000000084100000|100%| O|  |TAMS 0x0000000084000000| PB 0x0000000084000000| Untracked 
|  65|0x0000000084100000, 0x0000000084200000, 0x0000000084200000|100%|HS|  |TAMS 0x0000000084100000| PB 0x0000000084100000| Complete 
|  66|0x0000000084200000, 0x0000000084300000, 0x0000000084300000|100%|HS|  |TAMS 0x0000000084200000| PB 0x0000000084200000| Complete 
|  67|0x0000000084300000, 0x0000000084300000, 0x0000000084400000|  0%| F|  |TAMS 0x0000000084300000| PB 0x0000000084300000| Untracked 
|  68|0x0000000084400000, 0x0000000084400000, 0x0000000084500000|  0%| F|  |TAMS 0x0000000084400000| PB 0x0000000084400000| Untracked 
|  69|0x0000000084500000, 0x0000000084600000, 0x0000000084600000|100%| O|  |TAMS 0x0000000084500000| PB 0x0000000084500000| Untracked 
|  70|0x0000000084600000, 0x0000000084700000, 0x0000000084700000|100%|HS|  |TAMS 0x0000000084600000| PB 0x0000000084600000| Complete 
|  71|0x0000000084700000, 0x0000000084800000, 0x0000000084800000|100%| O|  |TAMS 0x0000000084700000| PB 0x0000000084700000| Untracked 
|  72|0x0000000084800000, 0x0000000084900000, 0x0000000084900000|100%| O|  |TAMS 0x0000000084800000| PB 0x0000000084800000| Untracked 
|  73|0x0000000084900000, 0x0000000084a00000, 0x0000000084a00000|100%| O|  |TAMS 0x0000000084900000| PB 0x0000000084900000| Untracked 
|  74|0x0000000084a00000, 0x0000000084b00000, 0x0000000084b00000|100%| O|  |TAMS 0x0000000084a00000| PB 0x0000000084a00000| Untracked 
|  75|0x0000000084b00000, 0x0000000084c00000, 0x0000000084c00000|100%| O|  |TAMS 0x0000000084b00000| PB 0x0000000084b00000| Untracked 
|  76|0x0000000084c00000, 0x0000000084d00000, 0x0000000084d00000|100%| O|  |TAMS 0x0000000084c00000| PB 0x0000000084c00000| Untracked 
|  77|0x0000000084d00000, 0x0000000084e00000, 0x0000000084e00000|100%| O|  |TAMS 0x0000000084d00000| PB 0x0000000084d00000| Untracked 
|  78|0x0000000084e00000, 0x0000000084f00000, 0x0000000084f00000|100%| O|  |TAMS 0x0000000084e00000| PB 0x0000000084e00000| Untracked 
|  79|0x0000000084f00000, 0x0000000085000000, 0x0000000085000000|100%| O|  |TAMS 0x0000000084f00000| PB 0x0000000084f00000| Untracked 
|  80|0x0000000085000000, 0x0000000085100000, 0x0000000085100000|100%| O|  |TAMS 0x0000000085000000| PB 0x0000000085000000| Untracked 
|  81|0x0000000085100000, 0x0000000085200000, 0x0000000085200000|100%| O|  |TAMS 0x0000000085100000| PB 0x0000000085100000| Untracked 
|  82|0x0000000085200000, 0x0000000085300000, 0x0000000085300000|100%| O|  |TAMS 0x0000000085200000| PB 0x0000000085200000| Untracked 
|  83|0x0000000085300000, 0x0000000085400000, 0x0000000085400000|100%| O|  |TAMS 0x0000000085300000| PB 0x0000000085300000| Untracked 
|  84|0x0000000085400000, 0x0000000085500000, 0x0000000085500000|100%| O|  |TAMS 0x0000000085400000| PB 0x0000000085400000| Untracked 
|  85|0x0000000085500000, 0x0000000085500000, 0x0000000085600000|  0%| F|  |TAMS 0x0000000085500000| PB 0x0000000085500000| Untracked 
|  86|0x0000000085600000, 0x0000000085700000, 0x0000000085700000|100%| O|  |TAMS 0x0000000085600000| PB 0x0000000085600000| Untracked 
|  87|0x0000000085700000, 0x0000000085700000, 0x0000000085800000|  0%| F|  |TAMS 0x0000000085700000| PB 0x0000000085700000| Untracked 
|  88|0x0000000085800000, 0x0000000085900000, 0x0000000085900000|100%| O|  |TAMS 0x0000000085800000| PB 0x0000000085800000| Untracked 
|  89|0x0000000085900000, 0x0000000085900000, 0x0000000085a00000|  0%| F|  |TAMS 0x0000000085900000| PB 0x0000000085900000| Untracked 
|  90|0x0000000085a00000, 0x0000000085a00000, 0x0000000085b00000|  0%| F|  |TAMS 0x0000000085a00000| PB 0x0000000085a00000| Untracked 
|  91|0x0000000085b00000, 0x0000000085b00000, 0x0000000085c00000|  0%| F|  |TAMS 0x0000000085b00000| PB 0x0000000085b00000| Untracked 
|  92|0x0000000085c00000, 0x0000000085d00000, 0x0000000085d00000|100%| O|  |TAMS 0x0000000085c00000| PB 0x0000000085c00000| Untracked 
|  93|0x0000000085d00000, 0x0000000085e00000, 0x0000000085e00000|100%| O|  |TAMS 0x0000000085d00000| PB 0x0000000085d00000| Untracked 
|  94|0x0000000085e00000, 0x0000000085f00000, 0x0000000085f00000|100%| O|  |TAMS 0x0000000085e00000| PB 0x0000000085e00000| Untracked 
|  95|0x0000000085f00000, 0x0000000086000000, 0x0000000086000000|100%| S|CS|TAMS 0x0000000085f00000| PB 0x0000000085f00000| Complete 
|  96|0x0000000086000000, 0x0000000086100000, 0x0000000086100000|100%| S|CS|TAMS 0x0000000086000000| PB 0x0000000086000000| Complete 
|  97|0x0000000086100000, 0x0000000086200000, 0x0000000086200000|100%| O|  |TAMS 0x0000000086100000| PB 0x0000000086100000| Untracked 
|  98|0x0000000086200000, 0x0000000086300000, 0x0000000086300000|100%| O|  |TAMS 0x0000000086200000| PB 0x0000000086200000| Untracked 
|  99|0x0000000086300000, 0x0000000086400000, 0x0000000086400000|100%| O|  |TAMS 0x0000000086300000| PB 0x0000000086300000| Untracked 
| 100|0x0000000086400000, 0x0000000086500000, 0x0000000086500000|100%| O|  |TAMS 0x0000000086400000| PB 0x0000000086400000| Untracked 
| 101|0x0000000086500000, 0x0000000086600000, 0x0000000086600000|100%| S|CS|TAMS 0x0000000086500000| PB 0x0000000086500000| Complete 
| 102|0x0000000086600000, 0x0000000086700000, 0x0000000086700000|100%| O|  |TAMS 0x0000000086600000| PB 0x0000000086600000| Untracked 
| 103|0x0000000086700000, 0x0000000086800000, 0x0000000086800000|100%| S|CS|TAMS 0x0000000086700000| PB 0x0000000086700000| Complete 
| 104|0x0000000086800000, 0x0000000086900000, 0x0000000086900000|100%| S|CS|TAMS 0x0000000086800000| PB 0x0000000086800000| Complete 
| 105|0x0000000086900000, 0x0000000086a00000, 0x0000000086a00000|100%| O|  |TAMS 0x0000000086900000| PB 0x0000000086900000| Untracked 
| 106|0x0000000086a00000, 0x0000000086b00000, 0x0000000086b00000|100%| O|  |TAMS 0x0000000086a00000| PB 0x0000000086a00000| Untracked 
| 107|0x0000000086b00000, 0x0000000086c00000, 0x0000000086c00000|100%| O|  |TAMS 0x0000000086b00000| PB 0x0000000086b00000| Untracked 
| 108|0x0000000086c00000, 0x0000000086d00000, 0x0000000086d00000|100%| O|  |TAMS 0x0000000086c00000| PB 0x0000000086c00000| Untracked 
| 109|0x0000000086d00000, 0x0000000086e00000, 0x0000000086e00000|100%| O|  |TAMS 0x0000000086d00000| PB 0x0000000086d00000| Untracked 
| 110|0x0000000086e00000, 0x0000000086f00000, 0x0000000086f00000|100%| O|  |TAMS 0x0000000086e00000| PB 0x0000000086e00000| Untracked 
| 111|0x0000000086f00000, 0x0000000087000000, 0x0000000087000000|100%| O|  |TAMS 0x0000000086f00000| PB 0x0000000086f00000| Untracked 
| 112|0x0000000087000000, 0x0000000087100000, 0x0000000087100000|100%| O|  |TAMS 0x0000000087000000| PB 0x0000000087000000| Untracked 
| 113|0x0000000087100000, 0x0000000087200000, 0x0000000087200000|100%| O|  |TAMS 0x0000000087100000| PB 0x0000000087100000| Untracked 
| 114|0x0000000087200000, 0x0000000087300000, 0x0000000087300000|100%| O|  |TAMS 0x0000000087200000| PB 0x0000000087200000| Untracked 
| 115|0x0000000087300000, 0x0000000087400000, 0x0000000087400000|100%| O|  |TAMS 0x0000000087300000| PB 0x0000000087300000| Untracked 
| 116|0x0000000087400000, 0x0000000087500000, 0x0000000087500000|100%| O|  |TAMS 0x0000000087400000| PB 0x0000000087400000| Untracked 
| 117|0x0000000087500000, 0x0000000087600000, 0x0000000087600000|100%| O|  |TAMS 0x0000000087500000| PB 0x0000000087500000| Untracked 
| 118|0x0000000087600000, 0x0000000087700000, 0x0000000087700000|100%| O|  |TAMS 0x0000000087600000| PB 0x0000000087600000| Untracked 
| 119|0x0000000087700000, 0x0000000087800000, 0x0000000087800000|100%| O|  |TAMS 0x0000000087700000| PB 0x0000000087700000| Untracked 
| 120|0x0000000087800000, 0x0000000087900000, 0x0000000087900000|100%| O|  |TAMS 0x0000000087800000| PB 0x0000000087800000| Untracked 
| 121|0x0000000087900000, 0x0000000087a00000, 0x0000000087a00000|100%| O|  |TAMS 0x0000000087900000| PB 0x0000000087900000| Untracked 
| 122|0x0000000087a00000, 0x0000000087b00000, 0x0000000087b00000|100%| O|  |TAMS 0x0000000087a00000| PB 0x0000000087a00000| Untracked 
| 123|0x0000000087b00000, 0x0000000087c00000, 0x0000000087c00000|100%| S|CS|TAMS 0x0000000087b00000| PB 0x0000000087b00000| Complete 
| 124|0x0000000087c00000, 0x0000000087d00000, 0x0000000087d00000|100%| S|CS|TAMS 0x0000000087c00000| PB 0x0000000087c00000| Complete 
| 125|0x0000000087d00000, 0x0000000087e00000, 0x0000000087e00000|100%| S|CS|TAMS 0x0000000087d00000| PB 0x0000000087d00000| Complete 
| 126|0x0000000087e00000, 0x0000000087f00000, 0x0000000087f00000|100%| S|CS|TAMS 0x0000000087e00000| PB 0x0000000087e00000| Complete 
| 127|0x0000000087f00000, 0x0000000088000000, 0x0000000088000000|100%| O|  |TAMS 0x0000000087f00000| PB 0x0000000087f00000| Untracked 
| 128|0x0000000088000000, 0x00000000880baa10, 0x0000000088100000| 72%| O|  |TAMS 0x0000000088000000| PB 0x0000000088000000| Untracked 
| 129|0x0000000088100000, 0x0000000088200000, 0x0000000088200000|100%| S|CS|TAMS 0x0000000088100000| PB 0x0000000088100000| Complete 
| 130|0x0000000088200000, 0x0000000088200000, 0x0000000088300000|  0%| F|  |TAMS 0x0000000088200000| PB 0x0000000088200000| Untracked 
| 131|0x0000000088300000, 0x0000000088300000, 0x0000000088400000|  0%| F|  |TAMS 0x0000000088300000| PB 0x0000000088300000| Untracked 
| 132|0x0000000088400000, 0x0000000088400000, 0x0000000088500000|  0%| F|  |TAMS 0x0000000088400000| PB 0x0000000088400000| Untracked 
| 133|0x0000000088500000, 0x0000000088500000, 0x0000000088600000|  0%| F|  |TAMS 0x0000000088500000| PB 0x0000000088500000| Untracked 
| 134|0x0000000088600000, 0x0000000088700000, 0x0000000088700000|100%| S|CS|TAMS 0x0000000088600000| PB 0x0000000088600000| Complete 
| 135|0x0000000088700000, 0x0000000088700000, 0x0000000088800000|  0%| F|  |TAMS 0x0000000088700000| PB 0x0000000088700000| Untracked 
| 136|0x0000000088800000, 0x0000000088900000, 0x0000000088900000|100%| S|CS|TAMS 0x0000000088800000| PB 0x0000000088800000| Complete 
| 137|0x0000000088900000, 0x0000000088a00000, 0x0000000088a00000|100%| S|CS|TAMS 0x0000000088900000| PB 0x0000000088900000| Complete 
| 138|0x0000000088a00000, 0x0000000088a00000, 0x0000000088b00000|  0%| F|  |TAMS 0x0000000088a00000| PB 0x0000000088a00000| Untracked 
| 139|0x0000000088b00000, 0x0000000088c00000, 0x0000000088c00000|100%| O|  |TAMS 0x0000000088b00000| PB 0x0000000088b00000| Untracked 
| 140|0x0000000088c00000, 0x0000000088c00000, 0x0000000088d00000|  0%| F|  |TAMS 0x0000000088c00000| PB 0x0000000088c00000| Untracked 
| 141|0x0000000088d00000, 0x0000000088d00000, 0x0000000088e00000|  0%| F|  |TAMS 0x0000000088d00000| PB 0x0000000088d00000| Untracked 
| 142|0x0000000088e00000, 0x0000000088e00000, 0x0000000088f00000|  0%| F|  |TAMS 0x0000000088e00000| PB 0x0000000088e00000| Untracked 
| 143|0x0000000088f00000, 0x0000000088f00000, 0x0000000089000000|  0%| F|  |TAMS 0x0000000088f00000| PB 0x0000000088f00000| Untracked 
| 144|0x0000000089000000, 0x0000000089000000, 0x0000000089100000|  0%| F|  |TAMS 0x0000000089000000| PB 0x0000000089000000| Untracked 
| 145|0x0000000089100000, 0x0000000089100000, 0x0000000089200000|  0%| F|  |TAMS 0x0000000089100000| PB 0x0000000089100000| Untracked 
| 146|0x0000000089200000, 0x0000000089200000, 0x0000000089300000|  0%| F|  |TAMS 0x0000000089200000| PB 0x0000000089200000| Untracked 
| 147|0x0000000089300000, 0x0000000089400000, 0x0000000089400000|100%| S|CS|TAMS 0x0000000089300000| PB 0x0000000089300000| Complete 
| 148|0x0000000089400000, 0x0000000089500000, 0x0000000089500000|100%| S|CS|TAMS 0x0000000089400000| PB 0x0000000089400000| Complete 
| 149|0x0000000089500000, 0x0000000089600000, 0x0000000089600000|100%| S|CS|TAMS 0x0000000089500000| PB 0x0000000089500000| Complete 
| 150|0x0000000089600000, 0x0000000089700000, 0x0000000089700000|100%| S|CS|TAMS 0x0000000089600000| PB 0x0000000089600000| Complete 
| 151|0x0000000089700000, 0x0000000089800000, 0x0000000089800000|100%| S|CS|TAMS 0x0000000089700000| PB 0x0000000089700000| Complete 
| 152|0x0000000089800000, 0x0000000089900000, 0x0000000089900000|100%| S|CS|TAMS 0x0000000089800000| PB 0x0000000089800000| Complete 
| 153|0x0000000089900000, 0x0000000089a00000, 0x0000000089a00000|100%| S|CS|TAMS 0x0000000089900000| PB 0x0000000089900000| Complete 
| 154|0x0000000089a00000, 0x0000000089a00000, 0x0000000089b00000|  0%| F|  |TAMS 0x0000000089a00000| PB 0x0000000089a00000| Untracked 
| 155|0x0000000089b00000, 0x0000000089b00000, 0x0000000089c00000|  0%| F|  |TAMS 0x0000000089b00000| PB 0x0000000089b00000| Untracked 
| 156|0x0000000089c00000, 0x0000000089c00000, 0x0000000089d00000|  0%| F|  |TAMS 0x0000000089c00000| PB 0x0000000089c00000| Untracked 
| 157|0x0000000089d00000, 0x0000000089d00000, 0x0000000089e00000|  0%| F|  |TAMS 0x0000000089d00000| PB 0x0000000089d00000| Untracked 
| 158|0x0000000089e00000, 0x0000000089e00000, 0x0000000089f00000|  0%| F|  |TAMS 0x0000000089e00000| PB 0x0000000089e00000| Untracked 
| 159|0x0000000089f00000, 0x0000000089f00000, 0x000000008a000000|  0%| F|  |TAMS 0x0000000089f00000| PB 0x0000000089f00000| Untracked 
| 160|0x000000008a000000, 0x000000008a000000, 0x000000008a100000|  0%| F|  |TAMS 0x000000008a000000| PB 0x000000008a000000| Untracked 
| 161|0x000000008a100000, 0x000000008a100000, 0x000000008a200000|  0%| F|  |TAMS 0x000000008a100000| PB 0x000000008a100000| Untracked 
| 162|0x000000008a200000, 0x000000008a200000, 0x000000008a300000|  0%| F|  |TAMS 0x000000008a200000| PB 0x000000008a200000| Untracked 
| 163|0x000000008a300000, 0x000000008a300000, 0x000000008a400000|  0%| F|  |TAMS 0x000000008a300000| PB 0x000000008a300000| Untracked 
| 164|0x000000008a400000, 0x000000008a400000, 0x000000008a500000|  0%| F|  |TAMS 0x000000008a400000| PB 0x000000008a400000| Untracked 
| 165|0x000000008a500000, 0x000000008a500000, 0x000000008a600000|  0%| F|  |TAMS 0x000000008a500000| PB 0x000000008a500000| Untracked 
| 166|0x000000008a600000, 0x000000008a600000, 0x000000008a700000|  0%| F|  |TAMS 0x000000008a600000| PB 0x000000008a600000| Untracked 
| 167|0x000000008a700000, 0x000000008a700000, 0x000000008a800000|  0%| F|  |TAMS 0x000000008a700000| PB 0x000000008a700000| Untracked 
| 168|0x000000008a800000, 0x000000008a800000, 0x000000008a900000|  0%| F|  |TAMS 0x000000008a800000| PB 0x000000008a800000| Untracked 
| 169|0x000000008a900000, 0x000000008a900000, 0x000000008aa00000|  0%| F|  |TAMS 0x000000008a900000| PB 0x000000008a900000| Untracked 
| 170|0x000000008aa00000, 0x000000008aa00000, 0x000000008ab00000|  0%| F|  |TAMS 0x000000008aa00000| PB 0x000000008aa00000| Untracked 
| 171|0x000000008ab00000, 0x000000008ab00000, 0x000000008ac00000|  0%| F|  |TAMS 0x000000008ab00000| PB 0x000000008ab00000| Untracked 
| 172|0x000000008ac00000, 0x000000008ac00000, 0x000000008ad00000|  0%| F|  |TAMS 0x000000008ac00000| PB 0x000000008ac00000| Untracked 
| 173|0x000000008ad00000, 0x000000008ad00000, 0x000000008ae00000|  0%| F|  |TAMS 0x000000008ad00000| PB 0x000000008ad00000| Untracked 
| 174|0x000000008ae00000, 0x000000008ae00000, 0x000000008af00000|  0%| F|  |TAMS 0x000000008ae00000| PB 0x000000008ae00000| Untracked 
| 175|0x000000008af00000, 0x000000008af00000, 0x000000008b000000|  0%| F|  |TAMS 0x000000008af00000| PB 0x000000008af00000| Untracked 
| 176|0x000000008b000000, 0x000000008b000000, 0x000000008b100000|  0%| F|  |TAMS 0x000000008b000000| PB 0x000000008b000000| Untracked 
| 177|0x000000008b100000, 0x000000008b100000, 0x000000008b200000|  0%| F|  |TAMS 0x000000008b100000| PB 0x000000008b100000| Untracked 
| 178|0x000000008b200000, 0x000000008b200000, 0x000000008b300000|  0%| F|  |TAMS 0x000000008b200000| PB 0x000000008b200000| Untracked 
| 179|0x000000008b300000, 0x000000008b300000, 0x000000008b400000|  0%| F|  |TAMS 0x000000008b300000| PB 0x000000008b300000| Untracked 
| 180|0x000000008b400000, 0x000000008b400000, 0x000000008b500000|  0%| F|  |TAMS 0x000000008b400000| PB 0x000000008b400000| Untracked 
| 181|0x000000008b500000, 0x000000008b500000, 0x000000008b600000|  0%| F|  |TAMS 0x000000008b500000| PB 0x000000008b500000| Untracked 
| 182|0x000000008b600000, 0x000000008b600000, 0x000000008b700000|  0%| F|  |TAMS 0x000000008b600000| PB 0x000000008b600000| Untracked 
| 183|0x000000008b700000, 0x000000008b700000, 0x000000008b800000|  0%| F|  |TAMS 0x000000008b700000| PB 0x000000008b700000| Untracked 
| 184|0x000000008b800000, 0x000000008b800000, 0x000000008b900000|  0%| F|  |TAMS 0x000000008b800000| PB 0x000000008b800000| Untracked 
| 185|0x000000008b900000, 0x000000008b900000, 0x000000008ba00000|  0%| F|  |TAMS 0x000000008b900000| PB 0x000000008b900000| Untracked 
| 186|0x000000008ba00000, 0x000000008ba00000, 0x000000008bb00000|  0%| F|  |TAMS 0x000000008ba00000| PB 0x000000008ba00000| Untracked 
| 187|0x000000008bb00000, 0x000000008bb00000, 0x000000008bc00000|  0%| F|  |TAMS 0x000000008bb00000| PB 0x000000008bb00000| Untracked 
| 188|0x000000008bc00000, 0x000000008bc00000, 0x000000008bd00000|  0%| F|  |TAMS 0x000000008bc00000| PB 0x000000008bc00000| Untracked 
| 189|0x000000008bd00000, 0x000000008bd00000, 0x000000008be00000|  0%| F|  |TAMS 0x000000008bd00000| PB 0x000000008bd00000| Untracked 
| 190|0x000000008be00000, 0x000000008be00000, 0x000000008bf00000|  0%| F|  |TAMS 0x000000008be00000| PB 0x000000008be00000| Untracked 
| 191|0x000000008bf00000, 0x000000008bf00000, 0x000000008c000000|  0%| F|  |TAMS 0x000000008bf00000| PB 0x000000008bf00000| Untracked 
| 192|0x000000008c000000, 0x000000008c000000, 0x000000008c100000|  0%| F|  |TAMS 0x000000008c000000| PB 0x000000008c000000| Untracked 
| 193|0x000000008c100000, 0x000000008c100000, 0x000000008c200000|  0%| F|  |TAMS 0x000000008c100000| PB 0x000000008c100000| Untracked 
| 194|0x000000008c200000, 0x000000008c200000, 0x000000008c300000|  0%| F|  |TAMS 0x000000008c200000| PB 0x000000008c200000| Untracked 
| 195|0x000000008c300000, 0x000000008c300000, 0x000000008c400000|  0%| F|  |TAMS 0x000000008c300000| PB 0x000000008c300000| Untracked 
| 196|0x000000008c400000, 0x000000008c400000, 0x000000008c500000|  0%| F|  |TAMS 0x000000008c400000| PB 0x000000008c400000| Untracked 
| 197|0x000000008c500000, 0x000000008c500000, 0x000000008c600000|  0%| F|  |TAMS 0x000000008c500000| PB 0x000000008c500000| Untracked 
| 198|0x000000008c600000, 0x000000008c600000, 0x000000008c700000|  0%| F|  |TAMS 0x000000008c600000| PB 0x000000008c600000| Untracked 
| 199|0x000000008c700000, 0x000000008c700000, 0x000000008c800000|  0%| F|  |TAMS 0x000000008c700000| PB 0x000000008c700000| Untracked 
| 200|0x000000008c800000, 0x000000008c800000, 0x000000008c900000|  0%| F|  |TAMS 0x000000008c800000| PB 0x000000008c800000| Untracked 
| 201|0x000000008c900000, 0x000000008c900000, 0x000000008ca00000|  0%| F|  |TAMS 0x000000008c900000| PB 0x000000008c900000| Untracked 
| 202|0x000000008ca00000, 0x000000008ca00000, 0x000000008cb00000|  0%| F|  |TAMS 0x000000008ca00000| PB 0x000000008ca00000| Untracked 
| 203|0x000000008cb00000, 0x000000008cb00000, 0x000000008cc00000|  0%| F|  |TAMS 0x000000008cb00000| PB 0x000000008cb00000| Untracked 
| 204|0x000000008cc00000, 0x000000008cc00000, 0x000000008cd00000|  0%| F|  |TAMS 0x000000008cc00000| PB 0x000000008cc00000| Untracked 
| 205|0x000000008cd00000, 0x000000008cd00000, 0x000000008ce00000|  0%| F|  |TAMS 0x000000008cd00000| PB 0x000000008cd00000| Untracked 
| 206|0x000000008ce00000, 0x000000008ce00000, 0x000000008cf00000|  0%| F|  |TAMS 0x000000008ce00000| PB 0x000000008ce00000| Untracked 
| 207|0x000000008cf00000, 0x000000008cf00000, 0x000000008d000000|  0%| F|  |TAMS 0x000000008cf00000| PB 0x000000008cf00000| Untracked 
| 208|0x000000008d000000, 0x000000008d000000, 0x000000008d100000|  0%| F|  |TAMS 0x000000008d000000| PB 0x000000008d000000| Untracked 
| 209|0x000000008d100000, 0x000000008d100000, 0x000000008d200000|  0%| F|  |TAMS 0x000000008d100000| PB 0x000000008d100000| Untracked 
| 210|0x000000008d200000, 0x000000008d200000, 0x000000008d300000|  0%| F|  |TAMS 0x000000008d200000| PB 0x000000008d200000| Untracked 
| 211|0x000000008d300000, 0x000000008d300000, 0x000000008d400000|  0%| F|  |TAMS 0x000000008d300000| PB 0x000000008d300000| Untracked 
| 212|0x000000008d400000, 0x000000008d400000, 0x000000008d500000|  0%| F|  |TAMS 0x000000008d400000| PB 0x000000008d400000| Untracked 
| 213|0x000000008d500000, 0x000000008d500000, 0x000000008d600000|  0%| F|  |TAMS 0x000000008d500000| PB 0x000000008d500000| Untracked 
| 214|0x000000008d600000, 0x000000008d600000, 0x000000008d700000|  0%| F|  |TAMS 0x000000008d600000| PB 0x000000008d600000| Untracked 
| 215|0x000000008d700000, 0x000000008d700000, 0x000000008d800000|  0%| F|  |TAMS 0x000000008d700000| PB 0x000000008d700000| Untracked 
| 216|0x000000008d800000, 0x000000008d800000, 0x000000008d900000|  0%| F|  |TAMS 0x000000008d800000| PB 0x000000008d800000| Untracked 
| 217|0x000000008d900000, 0x000000008d900000, 0x000000008da00000|  0%| F|  |TAMS 0x000000008d900000| PB 0x000000008d900000| Untracked 
| 218|0x000000008da00000, 0x000000008da00000, 0x000000008db00000|  0%| F|  |TAMS 0x000000008da00000| PB 0x000000008da00000| Untracked 
| 219|0x000000008db00000, 0x000000008db00000, 0x000000008dc00000|  0%| F|  |TAMS 0x000000008db00000| PB 0x000000008db00000| Untracked 
| 220|0x000000008dc00000, 0x000000008dc00000, 0x000000008dd00000|  0%| F|  |TAMS 0x000000008dc00000| PB 0x000000008dc00000| Untracked 
| 221|0x000000008dd00000, 0x000000008dd00000, 0x000000008de00000|  0%| F|  |TAMS 0x000000008dd00000| PB 0x000000008dd00000| Untracked 
| 222|0x000000008de00000, 0x000000008de00000, 0x000000008df00000|  0%| F|  |TAMS 0x000000008de00000| PB 0x000000008de00000| Untracked 
| 223|0x000000008df00000, 0x000000008df00000, 0x000000008e000000|  0%| F|  |TAMS 0x000000008df00000| PB 0x000000008df00000| Untracked 
| 224|0x000000008e000000, 0x000000008e000000, 0x000000008e100000|  0%| F|  |TAMS 0x000000008e000000| PB 0x000000008e000000| Untracked 
| 225|0x000000008e100000, 0x000000008e100000, 0x000000008e200000|  0%| F|  |TAMS 0x000000008e100000| PB 0x000000008e100000| Untracked 
| 226|0x000000008e200000, 0x000000008e200000, 0x000000008e300000|  0%| F|  |TAMS 0x000000008e200000| PB 0x000000008e200000| Untracked 
| 227|0x000000008e300000, 0x000000008e300000, 0x000000008e400000|  0%| F|  |TAMS 0x000000008e300000| PB 0x000000008e300000| Untracked 
| 228|0x000000008e400000, 0x000000008e400000, 0x000000008e500000|  0%| F|  |TAMS 0x000000008e400000| PB 0x000000008e400000| Untracked 
| 229|0x000000008e500000, 0x000000008e500000, 0x000000008e600000|  0%| F|  |TAMS 0x000000008e500000| PB 0x000000008e500000| Untracked 
| 230|0x000000008e600000, 0x000000008e600000, 0x000000008e700000|  0%| F|  |TAMS 0x000000008e600000| PB 0x000000008e600000| Untracked 
| 231|0x000000008e700000, 0x000000008e700000, 0x000000008e800000|  0%| F|  |TAMS 0x000000008e700000| PB 0x000000008e700000| Untracked 
| 232|0x000000008e800000, 0x000000008e800000, 0x000000008e900000|  0%| F|  |TAMS 0x000000008e800000| PB 0x000000008e800000| Untracked 
| 233|0x000000008e900000, 0x000000008e900000, 0x000000008ea00000|  0%| F|  |TAMS 0x000000008e900000| PB 0x000000008e900000| Untracked 
| 234|0x000000008ea00000, 0x000000008ea00000, 0x000000008eb00000|  0%| F|  |TAMS 0x000000008ea00000| PB 0x000000008ea00000| Untracked 
| 235|0x000000008eb00000, 0x000000008eb00000, 0x000000008ec00000|  0%| F|  |TAMS 0x000000008eb00000| PB 0x000000008eb00000| Untracked 
| 236|0x000000008ec00000, 0x000000008ec00000, 0x000000008ed00000|  0%| F|  |TAMS 0x000000008ec00000| PB 0x000000008ec00000| Untracked 
| 237|0x000000008ed00000, 0x000000008ed00000, 0x000000008ee00000|  0%| F|  |TAMS 0x000000008ed00000| PB 0x000000008ed00000| Untracked 
| 238|0x000000008ee00000, 0x000000008ee00000, 0x000000008ef00000|  0%| F|  |TAMS 0x000000008ee00000| PB 0x000000008ee00000| Untracked 
| 239|0x000000008ef00000, 0x000000008ef00000, 0x000000008f000000|  0%| F|  |TAMS 0x000000008ef00000| PB 0x000000008ef00000| Untracked 
| 240|0x000000008f000000, 0x000000008f000000, 0x000000008f100000|  0%| F|  |TAMS 0x000000008f000000| PB 0x000000008f000000| Untracked 
| 241|0x000000008f100000, 0x000000008f100000, 0x000000008f200000|  0%| F|  |TAMS 0x000000008f100000| PB 0x000000008f100000| Untracked 
| 242|0x000000008f200000, 0x000000008f200000, 0x000000008f300000|  0%| F|  |TAMS 0x000000008f200000| PB 0x000000008f200000| Untracked 
| 243|0x000000008f300000, 0x000000008f300000, 0x000000008f400000|  0%| F|  |TAMS 0x000000008f300000| PB 0x000000008f300000| Untracked 
| 244|0x000000008f400000, 0x000000008f400000, 0x000000008f500000|  0%| F|  |TAMS 0x000000008f400000| PB 0x000000008f400000| Untracked 
| 245|0x000000008f500000, 0x000000008f500000, 0x000000008f600000|  0%| F|  |TAMS 0x000000008f500000| PB 0x000000008f500000| Untracked 
| 246|0x000000008f600000, 0x000000008f600000, 0x000000008f700000|  0%| F|  |TAMS 0x000000008f600000| PB 0x000000008f600000| Untracked 
| 247|0x000000008f700000, 0x000000008f700000, 0x000000008f800000|  0%| F|  |TAMS 0x000000008f700000| PB 0x000000008f700000| Untracked 
| 248|0x000000008f800000, 0x000000008f800000, 0x000000008f900000|  0%| F|  |TAMS 0x000000008f800000| PB 0x000000008f800000| Untracked 
| 249|0x000000008f900000, 0x000000008f900000, 0x000000008fa00000|  0%| F|  |TAMS 0x000000008f900000| PB 0x000000008f900000| Untracked 
| 250|0x000000008fa00000, 0x000000008fa00000, 0x000000008fb00000|  0%| F|  |TAMS 0x000000008fa00000| PB 0x000000008fa00000| Untracked 
| 251|0x000000008fb00000, 0x000000008fb00000, 0x000000008fc00000|  0%| F|  |TAMS 0x000000008fb00000| PB 0x000000008fb00000| Untracked 
| 252|0x000000008fc00000, 0x000000008fc00000, 0x000000008fd00000|  0%| F|  |TAMS 0x000000008fc00000| PB 0x000000008fc00000| Untracked 
| 253|0x000000008fd00000, 0x000000008fd00000, 0x000000008fe00000|  0%| F|  |TAMS 0x000000008fd00000| PB 0x000000008fd00000| Untracked 
| 254|0x000000008fe00000, 0x000000008fe00000, 0x000000008ff00000|  0%| F|  |TAMS 0x000000008fe00000| PB 0x000000008fe00000| Untracked 
| 255|0x000000008ff00000, 0x000000008ff00000, 0x0000000090000000|  0%| F|  |TAMS 0x000000008ff00000| PB 0x000000008ff00000| Untracked 
| 256|0x0000000090000000, 0x0000000090000000, 0x0000000090100000|  0%| F|  |TAMS 0x0000000090000000| PB 0x0000000090000000| Untracked 
| 257|0x0000000090100000, 0x0000000090100000, 0x0000000090200000|  0%| F|  |TAMS 0x0000000090100000| PB 0x0000000090100000| Untracked 
| 258|0x0000000090200000, 0x0000000090200000, 0x0000000090300000|  0%| F|  |TAMS 0x0000000090200000| PB 0x0000000090200000| Untracked 
| 259|0x0000000090300000, 0x0000000090300000, 0x0000000090400000|  0%| F|  |TAMS 0x0000000090300000| PB 0x0000000090300000| Untracked 
| 260|0x0000000090400000, 0x0000000090400000, 0x0000000090500000|  0%| F|  |TAMS 0x0000000090400000| PB 0x0000000090400000| Untracked 
| 261|0x0000000090500000, 0x0000000090500000, 0x0000000090600000|  0%| F|  |TAMS 0x0000000090500000| PB 0x0000000090500000| Untracked 
| 262|0x0000000090600000, 0x0000000090600000, 0x0000000090700000|  0%| F|  |TAMS 0x0000000090600000| PB 0x0000000090600000| Untracked 
| 263|0x0000000090700000, 0x0000000090700000, 0x0000000090800000|  0%| F|  |TAMS 0x0000000090700000| PB 0x0000000090700000| Untracked 
| 264|0x0000000090800000, 0x0000000090800000, 0x0000000090900000|  0%| F|  |TAMS 0x0000000090800000| PB 0x0000000090800000| Untracked 
| 265|0x0000000090900000, 0x0000000090900000, 0x0000000090a00000|  0%| F|  |TAMS 0x0000000090900000| PB 0x0000000090900000| Untracked 
| 266|0x0000000090a00000, 0x0000000090a00000, 0x0000000090b00000|  0%| F|  |TAMS 0x0000000090a00000| PB 0x0000000090a00000| Untracked 
| 267|0x0000000090b00000, 0x0000000090b00000, 0x0000000090c00000|  0%| F|  |TAMS 0x0000000090b00000| PB 0x0000000090b00000| Untracked 
| 268|0x0000000090c00000, 0x0000000090c00000, 0x0000000090d00000|  0%| F|  |TAMS 0x0000000090c00000| PB 0x0000000090c00000| Untracked 
| 269|0x0000000090d00000, 0x0000000090d00000, 0x0000000090e00000|  0%| F|  |TAMS 0x0000000090d00000| PB 0x0000000090d00000| Untracked 
| 270|0x0000000090e00000, 0x0000000090e00000, 0x0000000090f00000|  0%| F|  |TAMS 0x0000000090e00000| PB 0x0000000090e00000| Untracked 
| 271|0x0000000090f00000, 0x0000000090f00000, 0x0000000091000000|  0%| F|  |TAMS 0x0000000090f00000| PB 0x0000000090f00000| Untracked 
| 272|0x0000000091000000, 0x0000000091000000, 0x0000000091100000|  0%| F|  |TAMS 0x0000000091000000| PB 0x0000000091000000| Untracked 
| 273|0x0000000091100000, 0x0000000091193fd0, 0x0000000091200000| 57%| E|  |TAMS 0x0000000091100000| PB 0x0000000091100000| Complete 
| 274|0x0000000091200000, 0x0000000091300000, 0x0000000091300000|100%| E|CS|TAMS 0x0000000091200000| PB 0x0000000091200000| Complete 
| 275|0x0000000091300000, 0x0000000091400000, 0x0000000091400000|100%| E|CS|TAMS 0x0000000091300000| PB 0x0000000091300000| Complete 
| 276|0x0000000091400000, 0x0000000091500000, 0x0000000091500000|100%| E|CS|TAMS 0x0000000091400000| PB 0x0000000091400000| Complete 
| 277|0x0000000091500000, 0x0000000091600000, 0x0000000091600000|100%| E|CS|TAMS 0x0000000091500000| PB 0x0000000091500000| Complete 
| 278|0x0000000091600000, 0x0000000091700000, 0x0000000091700000|100%| E|CS|TAMS 0x0000000091600000| PB 0x0000000091600000| Complete 
| 279|0x0000000091700000, 0x0000000091800000, 0x0000000091800000|100%| E|CS|TAMS 0x0000000091700000| PB 0x0000000091700000| Complete 
| 280|0x0000000091800000, 0x0000000091900000, 0x0000000091900000|100%| E|CS|TAMS 0x0000000091800000| PB 0x0000000091800000| Complete 
| 281|0x0000000091900000, 0x0000000091a00000, 0x0000000091a00000|100%| E|CS|TAMS 0x0000000091900000| PB 0x0000000091900000| Complete 
| 282|0x0000000091a00000, 0x0000000091b00000, 0x0000000091b00000|100%| E|CS|TAMS 0x0000000091a00000| PB 0x0000000091a00000| Complete 
| 283|0x0000000091b00000, 0x0000000091c00000, 0x0000000091c00000|100%| E|CS|TAMS 0x0000000091b00000| PB 0x0000000091b00000| Complete 
| 284|0x0000000091c00000, 0x0000000091d00000, 0x0000000091d00000|100%| E|CS|TAMS 0x0000000091c00000| PB 0x0000000091c00000| Complete 
| 285|0x0000000091d00000, 0x0000000091e00000, 0x0000000091e00000|100%| E|CS|TAMS 0x0000000091d00000| PB 0x0000000091d00000| Complete 
| 286|0x0000000091e00000, 0x0000000091f00000, 0x0000000091f00000|100%| E|CS|TAMS 0x0000000091e00000| PB 0x0000000091e00000| Complete 
| 287|0x0000000091f00000, 0x0000000092000000, 0x0000000092000000|100%| E|CS|TAMS 0x0000000091f00000| PB 0x0000000091f00000| Complete 
| 288|0x0000000092000000, 0x0000000092100000, 0x0000000092100000|100%| E|CS|TAMS 0x0000000092000000| PB 0x0000000092000000| Complete 
| 289|0x0000000092100000, 0x0000000092200000, 0x0000000092200000|100%| E|CS|TAMS 0x0000000092100000| PB 0x0000000092100000| Complete 
| 290|0x0000000092200000, 0x0000000092300000, 0x0000000092300000|100%| E|CS|TAMS 0x0000000092200000| PB 0x0000000092200000| Complete 
| 291|0x0000000092300000, 0x0000000092400000, 0x0000000092400000|100%| E|CS|TAMS 0x0000000092300000| PB 0x0000000092300000| Complete 
| 292|0x0000000092400000, 0x0000000092500000, 0x0000000092500000|100%| E|CS|TAMS 0x0000000092400000| PB 0x0000000092400000| Complete 
| 293|0x0000000092500000, 0x0000000092600000, 0x0000000092600000|100%| E|CS|TAMS 0x0000000092500000| PB 0x0000000092500000| Complete 
| 294|0x0000000092600000, 0x0000000092700000, 0x0000000092700000|100%| E|CS|TAMS 0x0000000092600000| PB 0x0000000092600000| Complete 
| 295|0x0000000092700000, 0x0000000092800000, 0x0000000092800000|100%| E|CS|TAMS 0x0000000092700000| PB 0x0000000092700000| Complete 
| 296|0x0000000092800000, 0x0000000092900000, 0x0000000092900000|100%| E|CS|TAMS 0x0000000092800000| PB 0x0000000092800000| Complete 
| 297|0x0000000092900000, 0x0000000092a00000, 0x0000000092a00000|100%| E|CS|TAMS 0x0000000092900000| PB 0x0000000092900000| Complete 
| 298|0x0000000092a00000, 0x0000000092b00000, 0x0000000092b00000|100%| E|CS|TAMS 0x0000000092a00000| PB 0x0000000092a00000| Complete 
| 299|0x0000000092b00000, 0x0000000092c00000, 0x0000000092c00000|100%| E|CS|TAMS 0x0000000092b00000| PB 0x0000000092b00000| Complete 
| 300|0x0000000092c00000, 0x0000000092d00000, 0x0000000092d00000|100%| E|CS|TAMS 0x0000000092c00000| PB 0x0000000092c00000| Complete 
| 301|0x0000000092d00000, 0x0000000092e00000, 0x0000000092e00000|100%| E|CS|TAMS 0x0000000092d00000| PB 0x0000000092d00000| Complete 
| 302|0x0000000092e00000, 0x0000000092f00000, 0x0000000092f00000|100%| E|  |TAMS 0x0000000092e00000| PB 0x0000000092e00000| Complete 
| 303|0x0000000092f00000, 0x0000000093000000, 0x0000000093000000|100%| E|CS|TAMS 0x0000000092f00000| PB 0x0000000092f00000| Complete 
| 304|0x0000000093000000, 0x0000000093100000, 0x0000000093100000|100%| E|CS|TAMS 0x0000000093000000| PB 0x0000000093000000| Complete 
| 305|0x0000000093100000, 0x0000000093200000, 0x0000000093200000|100%| E|CS|TAMS 0x0000000093100000| PB 0x0000000093100000| Complete 
| 306|0x0000000093200000, 0x0000000093300000, 0x0000000093300000|100%| E|CS|TAMS 0x0000000093200000| PB 0x0000000093200000| Complete 
| 307|0x0000000093300000, 0x0000000093400000, 0x0000000093400000|100%| E|CS|TAMS 0x0000000093300000| PB 0x0000000093300000| Complete 
| 308|0x0000000093400000, 0x0000000093500000, 0x0000000093500000|100%| E|CS|TAMS 0x0000000093400000| PB 0x0000000093400000| Complete 
|2021|0x00000000fe500000, 0x00000000fe600000, 0x00000000fe600000|100%| O|  |TAMS 0x00000000fe500000| PB 0x00000000fe500000| Untracked 
|2022|0x00000000fe600000, 0x00000000fe700000, 0x00000000fe700000|100%| E|CS|TAMS 0x00000000fe600000| PB 0x00000000fe600000| Complete 
|2023|0x00000000fe700000, 0x00000000fe800000, 0x00000000fe800000|100%| E|CS|TAMS 0x00000000fe700000| PB 0x00000000fe700000| Complete 
|2024|0x00000000fe800000, 0x00000000fe900000, 0x00000000fe900000|100%| E|CS|TAMS 0x00000000fe800000| PB 0x00000000fe800000| Complete 
|2025|0x00000000fe900000, 0x00000000fea00000, 0x00000000fea00000|100%| E|CS|TAMS 0x00000000fe900000| PB 0x00000000fe900000| Complete 
|2026|0x00000000fea00000, 0x00000000feb00000, 0x00000000feb00000|100%| E|CS|TAMS 0x00000000fea00000| PB 0x00000000fea00000| Complete 
|2027|0x00000000feb00000, 0x00000000fec00000, 0x00000000fec00000|100%| E|CS|TAMS 0x00000000feb00000| PB 0x00000000feb00000| Complete 
|2028|0x00000000fec00000, 0x00000000fed00000, 0x00000000fed00000|100%| E|CS|TAMS 0x00000000fec00000| PB 0x00000000fec00000| Complete 
|2029|0x00000000fed00000, 0x00000000fee00000, 0x00000000fee00000|100%| E|CS|TAMS 0x00000000fed00000| PB 0x00000000fed00000| Complete 
|2030|0x00000000fee00000, 0x00000000fef00000, 0x00000000fef00000|100%| E|CS|TAMS 0x00000000fee00000| PB 0x00000000fee00000| Complete 
|2031|0x00000000fef00000, 0x00000000ff000000, 0x00000000ff000000|100%| E|CS|TAMS 0x00000000fef00000| PB 0x00000000fef00000| Complete 
|2032|0x00000000ff000000, 0x00000000ff100000, 0x00000000ff100000|100%| E|CS|TAMS 0x00000000ff000000| PB 0x00000000ff000000| Complete 
|2033|0x00000000ff100000, 0x00000000ff200000, 0x00000000ff200000|100%| E|CS|TAMS 0x00000000ff100000| PB 0x00000000ff100000| Complete 
|2034|0x00000000ff200000, 0x00000000ff300000, 0x00000000ff300000|100%| E|CS|TAMS 0x00000000ff200000| PB 0x00000000ff200000| Complete 
|2035|0x00000000ff300000, 0x00000000ff400000, 0x00000000ff400000|100%| E|CS|TAMS 0x00000000ff300000| PB 0x00000000ff300000| Complete 
|2036|0x00000000ff400000, 0x00000000ff500000, 0x00000000ff500000|100%| E|CS|TAMS 0x00000000ff400000| PB 0x00000000ff400000| Complete 
|2037|0x00000000ff500000, 0x00000000ff600000, 0x00000000ff600000|100%| E|CS|TAMS 0x00000000ff500000| PB 0x00000000ff500000| Complete 
|2038|0x00000000ff600000, 0x00000000ff700000, 0x00000000ff700000|100%| O|  |TAMS 0x00000000ff600000| PB 0x00000000ff600000| Untracked 
|2039|0x00000000ff700000, 0x00000000ff800000, 0x00000000ff800000|100%| E|CS|TAMS 0x00000000ff700000| PB 0x00000000ff700000| Complete 
|2040|0x00000000ff800000, 0x00000000ff900000, 0x00000000ff900000|100%| O|  |TAMS 0x00000000ff800000| PB 0x00000000ff800000| Untracked 
|2041|0x00000000ff900000, 0x00000000ffa00000, 0x00000000ffa00000|100%| O|  |TAMS 0x00000000ff900000| PB 0x00000000ff900000| Untracked 
|2042|0x00000000ffa00000, 0x00000000ffb00000, 0x00000000ffb00000|100%| E|CS|TAMS 0x00000000ffa00000| PB 0x00000000ffa00000| Complete 
|2043|0x00000000ffb00000, 0x00000000ffc00000, 0x00000000ffc00000|100%| E|CS|TAMS 0x00000000ffb00000| PB 0x00000000ffb00000| Complete 
|2044|0x00000000ffc00000, 0x00000000ffd00000, 0x00000000ffd00000|100%| O|  |TAMS 0x00000000ffc00000| PB 0x00000000ffc00000| Untracked 
|2045|0x00000000ffd00000, 0x00000000ffe00000, 0x00000000ffe00000|100%| O|  |TAMS 0x00000000ffd00000| PB 0x00000000ffd00000| Untracked 
|2046|0x00000000ffe00000, 0x00000000fff00000, 0x00000000fff00000|100%| E|CS|TAMS 0x00000000ffe00000| PB 0x00000000ffe00000| Complete 
|2047|0x00000000fff00000, 0x0000000100000000, 0x0000000100000000|100%| O|  |TAMS 0x00000000fff00000| PB 0x00000000fff00000| Untracked 

Card table byte_map: [0x00000289de250000,0x00000289de650000] _byte_map_base: 0x00000289dde50000

Marking Bits: (CMBitMap*) 0x00000289c99b6a20
 Bits: [0x00000289de650000, 0x00000289e0650000)

Polling page: 0x00000289c9a20000

Metaspace:

Usage:
  Non-class:    109.43 MB used.
      Class:     17.49 MB used.
       Both:    126.92 MB used.

Virtual space:
  Non-class space:      128.00 MB reserved,     110.56 MB ( 86%) committed,  2 nodes.
      Class space:        1.00 GB reserved,      18.56 MB (  2%) committed,  1 nodes.
             Both:        1.12 GB reserved,     129.12 MB ( 11%) committed. 

Chunk freelists:
   Non-Class:  576.00 KB
       Class:  13.28 MB
        Both:  13.84 MB

MaxMetaspaceSize: unlimited
CompressedClassSpaceSize: 1.00 GB
Initial GC threshold: 21.00 MB
Current GC threshold: 201.88 MB
CDS: off
 - commit_granule_bytes: 65536.
 - commit_granule_words: 8192.
 - virtual_space_node_default_size: 8388608.
 - enlarge_chunks_in_place: 1.
 - use_allocation_guard: 0.


Internal statistics:

num_allocs_failed_limit: 6.
num_arena_births: 4392.
num_arena_deaths: 0.
num_vsnodes_births: 3.
num_vsnodes_deaths: 0.
num_space_committed: 2062.
num_space_uncommitted: 0.
num_chunks_returned_to_freelist: 6.
num_chunks_taken_from_freelist: 9854.
num_chunk_merges: 6.
num_chunk_splits: 6482.
num_chunks_enlarged: 4175.
num_inconsistent_stats: 0.

CodeHeap 'non-profiled nmethods': size=120000Kb used=12875Kb max_used=12875Kb free=107124Kb
 bounds [0x00000289d5eb0000, 0x00000289d6b50000, 0x00000289dd3e0000]
CodeHeap 'profiled nmethods': size=120000Kb used=29149Kb max_used=29149Kb free=90850Kb
 bounds [0x00000289ce3e0000, 0x00000289d0060000, 0x00000289d5910000]
CodeHeap 'non-nmethods': size=5760Kb used=2992Kb max_used=3059Kb free=2768Kb
 bounds [0x00000289d5910000, 0x00000289d5c30000, 0x00000289d5eb0000]
CodeCache: size=245760Kb, used=45016Kb, max_used=45083Kb, free=200742Kb
 total_blobs=15506, nmethods=14485, adapters=924, full_count=0
Compilation: enabled, stopped_count=0, restarted_count=0

Compilation events (20 events):
Event: 695.914 Thread 0x00000289e339b290 21473       3       com.android.tools.r8.graph.e4::a (53 bytes)
Event: 695.916 Thread 0x00000289e339b290 nmethod 21473 0x00000289d004a690 code [0x00000289d004a940, 0x00000289d004b648]
Event: 695.918 Thread 0x00000289edf2e810 nmethod 21364 0x00000289d6b18e10 code [0x00000289d6b19140, 0x00000289d6b1b3d0]
Event: 695.918 Thread 0x00000289edf2e810 21446       4       com.android.tools.r8.internal.R90::a (75 bytes)
Event: 695.922 Thread 0x00000289edf2e810 nmethod 21446 0x00000289d6b1c890 code [0x00000289d6b1ca40, 0x00000289d6b1cc30]
Event: 695.922 Thread 0x00000289edf2e810 21442       4       com.android.tools.r8.graph.h4::<init> (269 bytes)
Event: 695.936 Thread 0x00000289e339b290 21479       2       com.android.tools.r8.graph.D3$g::<init> (110 bytes)
Event: 695.936 Thread 0x00000289e339b290 nmethod 21479 0x00000289d004bc10 code [0x00000289d004bdc0, 0x00000289d004c030]
Event: 695.936 Thread 0x00000289e339b290 21480       2       com.android.tools.r8.graph.G3::d (455 bytes)
Event: 695.938 Thread 0x00000289e339b290 nmethod 21480 0x00000289d004c110 code [0x00000289d004c4a0, 0x00000289d004d6a0]
Event: 695.938 Thread 0x00000289e339b290 21481       2       com.android.tools.r8.graph.G3$$Lambda/0x00000001012527f0::<init> (10 bytes)
Event: 695.938 Thread 0x00000289e339b290 nmethod 21481 0x00000289d004df90 code [0x00000289d004e120, 0x00000289d004e270]
Event: 695.943 Thread 0x00000289e339b290 21482       2       com.android.tools.r8.graph.L4::b (157 bytes)
Event: 695.945 Thread 0x00000289e339b290 nmethod 21482 0x00000289d004e310 code [0x00000289d004e560, 0x00000289d004ed10]
Event: 695.945 Thread 0x00000289e339b290 21483   !   2       com.android.tools.r8.graph.G3::a (68 bytes)
Event: 695.946 Thread 0x00000289e339b290 nmethod 21483 0x00000289d004f210 code [0x00000289d004f440, 0x00000289d004f850]
Event: 695.955 Thread 0x00000289e339b290 21484       2       com.android.tools.r8.graph.D3$b::<init> (70 bytes)
Event: 695.955 Thread 0x00000289e339b290 nmethod 21484 0x00000289d004fb10 code [0x00000289d004fcc0, 0x00000289d004ff48]
Event: 695.958 Thread 0x00000289e339b290 21485       2       com.android.tools.r8.graph.L4::a (160 bytes)
Event: 695.960 Thread 0x00000289e339b290 nmethod 21485 0x00000289d0050010 code [0x00000289d0050260, 0x00000289d0050a10]

GC Heap History (20 events):
Event: 686.136 GC heap before
{Heap before GC invocations=49 (full 0):
 garbage-first heap   total 223232K, used 198926K [0x0000000080000000, 0x0000000100000000)
  region size 1024K, 52 young (53248K), 9 survivors (9216K)
 Metaspace       used 112995K, committed 115200K, reserved 1179648K
  class space    used 15752K, committed 16832K, reserved 1048576K
}
Event: 686.151 GC heap after
{Heap after GC invocations=50 (full 0):
 garbage-first heap   total 223232K, used 147261K [0x0000000080000000, 0x0000000100000000)
  region size 1024K, 7 young (7168K), 7 survivors (7168K)
 Metaspace       used 112995K, committed 115200K, reserved 1179648K
  class space    used 15752K, committed 16832K, reserved 1048576K
}
Event: 686.557 GC heap before
{Heap before GC invocations=50 (full 0):
 garbage-first heap   total 223232K, used 165693K [0x0000000080000000, 0x0000000100000000)
  region size 1024K, 23 young (23552K), 7 survivors (7168K)
 Metaspace       used 113030K, committed 115264K, reserved 1179648K
  class space    used 15755K, committed 16832K, reserved 1048576K
}
Event: 686.565 GC heap after
{Heap after GC invocations=51 (full 0):
 garbage-first heap   total 223232K, used 156557K [0x0000000080000000, 0x0000000100000000)
  region size 1024K, 7 young (7168K), 7 survivors (7168K)
 Metaspace       used 113030K, committed 115264K, reserved 1179648K
  class space    used 15755K, committed 16832K, reserved 1048576K
}
Event: 686.884 GC heap before
{Heap before GC invocations=52 (full 0):
 garbage-first heap   total 286720K, used 209805K [0x0000000080000000, 0x0000000100000000)
  region size 1024K, 46 young (47104K), 7 survivors (7168K)
 Metaspace       used 113531K, committed 115776K, reserved 1179648K
  class space    used 15796K, committed 16896K, reserved 1048576K
}
Event: 686.890 GC heap after
{Heap after GC invocations=53 (full 0):
 garbage-first heap   total 286720K, used 157696K [0x0000000080000000, 0x0000000100000000)
  region size 1024K, 6 young (6144K), 6 survivors (6144K)
 Metaspace       used 113531K, committed 115776K, reserved 1179648K
  class space    used 15796K, committed 16896K, reserved 1048576K
}
Event: 687.983 GC heap before
{Heap before GC invocations=53 (full 0):
 garbage-first heap   total 286720K, used 250880K [0x0000000080000000, 0x0000000100000000)
  region size 1024K, 96 young (98304K), 6 survivors (6144K)
 Metaspace       used 117828K, committed 120000K, reserved 1179648K
  class space    used 16179K, committed 17216K, reserved 1048576K
}
Event: 687.994 GC heap after
{Heap after GC invocations=54 (full 0):
 garbage-first heap   total 286720K, used 160846K [0x0000000080000000, 0x0000000100000000)
  region size 1024K, 12 young (12288K), 12 survivors (12288K)
 Metaspace       used 117828K, committed 120000K, reserved 1179648K
  class space    used 16179K, committed 17216K, reserved 1048576K
}
Event: 689.100 GC heap before
{Heap before GC invocations=54 (full 0):
 garbage-first heap   total 286720K, used 251982K [0x0000000080000000, 0x0000000100000000)
  region size 1024K, 102 young (104448K), 12 survivors (12288K)
 Metaspace       used 119061K, committed 121280K, reserved 1179648K
  class space    used 16306K, committed 17344K, reserved 1048576K
}
Event: 689.105 GC heap after
{Heap after GC invocations=55 (full 0):
 garbage-first heap   total 286720K, used 158316K [0x0000000080000000, 0x0000000100000000)
  region size 1024K, 3 young (3072K), 3 survivors (3072K)
 Metaspace       used 119061K, committed 121280K, reserved 1179648K
  class space    used 16306K, committed 17344K, reserved 1048576K
}
Event: 692.618 GC heap before
{Heap before GC invocations=55 (full 0):
 garbage-first heap   total 286720K, used 256620K [0x0000000080000000, 0x0000000100000000)
  region size 1024K, 100 young (102400K), 3 survivors (3072K)
 Metaspace       used 120998K, committed 123264K, reserved 1179648K
  class space    used 16538K, committed 17664K, reserved 1048576K
}
Event: 692.625 GC heap after
{Heap after GC invocations=56 (full 0):
 garbage-first heap   total 286720K, used 162927K [0x0000000080000000, 0x0000000100000000)
  region size 1024K, 8 young (8192K), 8 survivors (8192K)
 Metaspace       used 120998K, committed 123264K, reserved 1179648K
  class space    used 16538K, committed 17664K, reserved 1048576K
}
Event: 693.007 GC heap before
{Heap before GC invocations=56 (full 0):
 garbage-first heap   total 286720K, used 259183K [0x0000000080000000, 0x0000000100000000)
  region size 1024K, 103 young (105472K), 8 survivors (8192K)
 Metaspace       used 121634K, committed 123904K, reserved 1179648K
  class space    used 16630K, committed 17728K, reserved 1048576K
}
Event: 693.014 GC heap after
{Heap after GC invocations=57 (full 0):
 garbage-first heap   total 286720K, used 163613K [0x0000000080000000, 0x0000000100000000)
  region size 1024K, 8 young (8192K), 8 survivors (8192K)
 Metaspace       used 121634K, committed 123904K, reserved 1179648K
  class space    used 16630K, committed 17728K, reserved 1048576K
}
Event: 693.547 GC heap before
{Heap before GC invocations=58 (full 0):
 garbage-first heap   total 286720K, used 243485K [0x0000000080000000, 0x0000000100000000)
  region size 1024K, 107 young (109568K), 8 survivors (8192K)
 Metaspace       used 122245K, committed 124480K, reserved 1179648K
  class space    used 16708K, committed 17792K, reserved 1048576K
}
Event: 693.555 GC heap after
{Heap after GC invocations=59 (full 0):
 garbage-first heap   total 286720K, used 145072K [0x0000000080000000, 0x0000000100000000)
  region size 1024K, 10 young (10240K), 10 survivors (10240K)
 Metaspace       used 122245K, committed 124480K, reserved 1179648K
  class space    used 16708K, committed 17792K, reserved 1048576K
}
Event: 694.100 GC heap before
{Heap before GC invocations=59 (full 0):
 garbage-first heap   total 286720K, used 262832K [0x0000000080000000, 0x0000000100000000)
  region size 1024K, 126 young (129024K), 10 survivors (10240K)
 Metaspace       used 122418K, committed 124736K, reserved 1179648K
  class space    used 16721K, committed 17856K, reserved 1048576K
}
Event: 694.114 GC heap after
{Heap after GC invocations=60 (full 0):
 garbage-first heap   total 344064K, used 132023K [0x0000000080000000, 0x0000000100000000)
  region size 1024K, 13 young (13312K), 13 survivors (13312K)
 Metaspace       used 122418K, committed 124736K, reserved 1179648K
  class space    used 16721K, committed 17856K, reserved 1048576K
}
Event: 695.749 GC heap before
{Heap before GC invocations=60 (full 0):
 garbage-first heap   total 344064K, used 312247K [0x0000000080000000, 0x0000000100000000)
  region size 1024K, 188 young (192512K), 13 survivors (13312K)
 Metaspace       used 128207K, committed 130496K, reserved 1179648K
  class space    used 17597K, committed 18688K, reserved 1048576K
}
Event: 695.763 GC heap after
{Heap after GC invocations=61 (full 0):
 garbage-first heap   total 344064K, used 140010K [0x0000000080000000, 0x0000000100000000)
  region size 1024K, 20 young (20480K), 20 survivors (20480K)
 Metaspace       used 128207K, committed 130496K, reserved 1179648K
  class space    used 17597K, committed 18688K, reserved 1048576K
}

Dll operation events (3 events):
Event: 0.016 Loaded shared library C:\Program Files\Android\Android Studio\jbr\bin\java.dll
Event: 0.022 Loaded shared library C:\Program Files\Android\Android Studio\jbr\bin\zip.dll
Event: 0.848 Loaded shared library C:\Program Files\Android\Android Studio\jbr\bin\verify.dll

Deoptimization events (20 events):
Event: 695.791 Thread 0x00000289e8c33370 Uncommon trap: trap_request=0xffffffbe fr.pc=0x00000289d6b04eac relative=0x00000000000004ec
Event: 695.791 Thread 0x00000289e8c33370 Uncommon trap: reason=profile_predicate action=maybe_recompile pc=0x00000289d6b04eac method=com.android.tools.r8.internal.Nk.E(Ljava/lang/String;)Z @ 50 c2
Event: 695.791 Thread 0x00000289e8c33370 DEOPT PACKING pc=0x00000289d6b04eac sp=0x000000ee2c9fa5f0
Event: 695.791 Thread 0x00000289eab46ff0 Uncommon trap: trap_request=0xffffffbe fr.pc=0x00000289d6b04eac relative=0x00000000000004ec
Event: 695.791 Thread 0x00000289eab46ff0 Uncommon trap: reason=profile_predicate action=maybe_recompile pc=0x00000289d6b04eac method=com.android.tools.r8.internal.Nk.E(Ljava/lang/String;)Z @ 50 c2
Event: 695.791 Thread 0x00000289eab46ff0 DEOPT PACKING pc=0x00000289d6b04eac sp=0x000000ee2cdfa140
Event: 695.791 Thread 0x00000289e8c33370 DEOPT UNPACKING pc=0x00000289d5967aa2 sp=0x000000ee2c9fa578 mode 2
Event: 695.791 Thread 0x00000289eab46ff0 DEOPT UNPACKING pc=0x00000289d5967aa2 sp=0x000000ee2cdfa0c8 mode 2
Event: 695.803 Thread 0x00000289e8c33370 Uncommon trap: trap_request=0xffffffbe fr.pc=0x00000289d6b084f0 relative=0x00000000000017b0
Event: 695.803 Thread 0x00000289eb674fa0 Uncommon trap: trap_request=0xffffffbe fr.pc=0x00000289d6b084f0 relative=0x00000000000017b0
Event: 695.803 Thread 0x00000289eb674fa0 Uncommon trap: reason=profile_predicate action=maybe_recompile pc=0x00000289d6b084f0 method=com.android.tools.r8.internal.Nk.d(Ljava/lang/String;)I @ 40 c2
Event: 695.803 Thread 0x00000289e8c33370 Uncommon trap: reason=profile_predicate action=maybe_recompile pc=0x00000289d6b084f0 method=com.android.tools.r8.internal.Nk.d(Ljava/lang/String;)I @ 40 c2
Event: 695.803 Thread 0x00000289eb674fa0 DEOPT PACKING pc=0x00000289d6b084f0 sp=0x000000ee2cbf9d60
Event: 695.803 Thread 0x00000289e8c33370 DEOPT PACKING pc=0x00000289d6b084f0 sp=0x000000ee2c9fa410
Event: 695.803 Thread 0x00000289e8c33370 DEOPT UNPACKING pc=0x00000289d5967aa2 sp=0x000000ee2c9fa370 mode 2
Event: 695.803 Thread 0x00000289eb674fa0 DEOPT UNPACKING pc=0x00000289d5967aa2 sp=0x000000ee2cbf9cc0 mode 2
Event: 695.876 Thread 0x00000289e8c33a00 Uncommon trap: trap_request=0xffffff45 fr.pc=0x00000289d6afd72c relative=0x0000000000000a0c
Event: 695.876 Thread 0x00000289e8c33a00 Uncommon trap: reason=unstable_if action=reinterpret pc=0x00000289d6afd72c method=com.android.tools.r8.internal.vd.a([CII)Ljava/lang/String; @ 66 c2
Event: 695.876 Thread 0x00000289e8c33a00 DEOPT PACKING pc=0x00000289d6afd72c sp=0x000000ee2c8fa830
Event: 695.876 Thread 0x00000289e8c33a00 DEOPT UNPACKING pc=0x00000289d5967aa2 sp=0x000000ee2c8fa760 mode 2

Classes loaded (20 events):
Event: 694.374 Loading class sun/nio/cs/ThreadLocalCoders
Event: 694.374 Loading class sun/nio/cs/ThreadLocalCoders done
Event: 694.374 Loading class sun/nio/cs/ThreadLocalCoders$1
Event: 694.374 Loading class sun/nio/cs/ThreadLocalCoders$Cache
Event: 694.374 Loading class sun/nio/cs/ThreadLocalCoders$Cache done
Event: 694.374 Loading class sun/nio/cs/ThreadLocalCoders$1 done
Event: 694.375 Loading class sun/nio/cs/ThreadLocalCoders$2
Event: 694.375 Loading class sun/nio/cs/ThreadLocalCoders$2 done
Event: 694.378 Loading class java/util/zip/Deflater
Event: 694.379 Loading class java/util/zip/Deflater done
Event: 694.381 Loading class java/util/zip/Deflater$DeflaterZStreamRef
Event: 694.381 Loading class java/util/zip/Deflater$DeflaterZStreamRef done
Event: 694.437 Loading class java/util/TreeMap$AscendingSubMap
Event: 694.437 Loading class java/util/TreeMap$AscendingSubMap done
Event: 694.439 Loading class java/util/TreeMap$NavigableSubMap$SubMapKeyIterator
Event: 694.439 Loading class java/util/TreeMap$NavigableSubMap$SubMapKeyIterator done
Event: 694.851 Loading class java/io/UTFDataFormatException
Event: 694.852 Loading class java/io/UTFDataFormatException done
Event: 695.138 Loading class java/util/concurrent/RejectedExecutionException
Event: 695.138 Loading class java/util/concurrent/RejectedExecutionException done

Classes unloaded (0 events):
No events

Classes redefined (0 events):
No events

Internal exceptions (20 events):
Event: 695.936 Thread 0x00000289e8c33370 Exception <a 'sun/nio/fs/WindowsException'{0x0000000092078170}> (0x0000000092078170) 
thrown [s\src\hotspot\share\prims\jni.cpp, line 537]
Event: 695.937 Thread 0x00000289eb6769e0 Exception <a 'sun/nio/fs/WindowsException'{0x0000000091db8b40}> (0x0000000091db8b40) 
thrown [s\src\hotspot\share\prims\jni.cpp, line 537]
Event: 695.938 Thread 0x00000289eb6769e0 Exception <a 'sun/nio/fs/WindowsException'{0x0000000091dc23e8}> (0x0000000091dc23e8) 
thrown [s\src\hotspot\share\prims\jni.cpp, line 537]
Event: 695.939 Thread 0x00000289eab46ff0 Exception <a 'sun/nio/fs/WindowsException'{0x0000000091fdd228}> (0x0000000091fdd228) 
thrown [s\src\hotspot\share\prims\jni.cpp, line 537]
Event: 695.941 Thread 0x00000289eb679140 Exception <a 'sun/nio/fs/WindowsException'{0x0000000092322d08}> (0x0000000092322d08) 
thrown [s\src\hotspot\share\prims\jni.cpp, line 537]
Event: 695.943 Thread 0x00000289eb679140 Exception <a 'sun/nio/fs/WindowsException'{0x0000000091cf7c38}> (0x0000000091cf7c38) 
thrown [s\src\hotspot\share\prims\jni.cpp, line 537]
Event: 695.945 Thread 0x00000289eb679140 Exception <a 'sun/nio/fs/WindowsException'{0x0000000091b51f60}> (0x0000000091b51f60) 
thrown [s\src\hotspot\share\prims\jni.cpp, line 537]
Event: 695.946 Thread 0x00000289eb679140 Exception <a 'sun/nio/fs/WindowsException'{0x0000000091b5ce18}> (0x0000000091b5ce18) 
thrown [s\src\hotspot\share\prims\jni.cpp, line 537]
Event: 695.948 Thread 0x00000289eab46ff0 Exception <a 'sun/nio/fs/WindowsException'{0x0000000091fe6cd0}> (0x0000000091fe6cd0) 
thrown [s\src\hotspot\share\prims\jni.cpp, line 537]
Event: 695.949 Thread 0x00000289eab46ff0 Exception <a 'sun/nio/fs/WindowsException'{0x0000000091ffa208}> (0x0000000091ffa208) 
thrown [s\src\hotspot\share\prims\jni.cpp, line 537]
Event: 695.951 Thread 0x00000289eab46ff0 Exception <a 'sun/nio/fs/WindowsException'{0x0000000091a57238}> (0x0000000091a57238) 
thrown [s\src\hotspot\share\prims\jni.cpp, line 537]
Event: 695.952 Thread 0x00000289eab46ff0 Exception <a 'sun/nio/fs/WindowsException'{0x0000000091a62348}> (0x0000000091a62348) 
thrown [s\src\hotspot\share\prims\jni.cpp, line 537]
Event: 695.953 Thread 0x00000289eab46ff0 Exception <a 'sun/nio/fs/WindowsException'{0x0000000091a6b8d8}> (0x0000000091a6b8d8) 
thrown [s\src\hotspot\share\prims\jni.cpp, line 537]
Event: 695.954 Thread 0x00000289eab46ff0 Exception <a 'sun/nio/fs/WindowsException'{0x0000000091ace678}> (0x0000000091ace678) 
thrown [s\src\hotspot\share\prims\jni.cpp, line 537]
Event: 695.955 Thread 0x00000289eab46ff0 Exception <a 'sun/nio/fs/WindowsException'{0x0000000091aea088}> (0x0000000091aea088) 
thrown [s\src\hotspot\share\prims\jni.cpp, line 537]
Event: 695.956 Thread 0x00000289eab46ff0 Exception <a 'sun/nio/fs/WindowsException'{0x0000000091904e18}> (0x0000000091904e18) 
thrown [s\src\hotspot\share\prims\jni.cpp, line 537]
Event: 695.957 Thread 0x00000289eab46ff0 Exception <a 'sun/nio/fs/WindowsException'{0x000000009191d988}> (0x000000009191d988) 
thrown [s\src\hotspot\share\prims\jni.cpp, line 537]
Event: 695.958 Thread 0x00000289eab46ff0 Exception <a 'sun/nio/fs/WindowsException'{0x00000000919cfd18}> (0x00000000919cfd18) 
thrown [s\src\hotspot\share\prims\jni.cpp, line 537]
Event: 695.960 Thread 0x00000289e8c33370 Exception <a 'sun/nio/fs/WindowsException'{0x0000000092081e50}> (0x0000000092081e50) 
thrown [s\src\hotspot\share\prims\jni.cpp, line 537]
Event: 695.962 Thread 0x00000289e8c33370 Exception <a 'sun/nio/fs/WindowsException'{0x0000000091832898}> (0x0000000091832898) 
thrown [s\src\hotspot\share\prims\jni.cpp, line 537]

ZGC Phase Switch (0 events):
No events

VM Operations (20 events):
Event: 694.299 Executing VM operation: HandshakeAllThreads (Deoptimize)
Event: 694.300 Executing VM operation: HandshakeAllThreads (Deoptimize) done
Event: 694.740 Executing VM operation: HandshakeAllThreads (Deoptimize)
Event: 694.741 Executing VM operation: HandshakeAllThreads (Deoptimize) done
Event: 694.746 Executing VM operation: HandshakeAllThreads (Deoptimize)
Event: 694.746 Executing VM operation: HandshakeAllThreads (Deoptimize) done
Event: 694.919 Executing VM operation: HandshakeAllThreads (Deoptimize)
Event: 694.919 Executing VM operation: HandshakeAllThreads (Deoptimize) done
Event: 695.092 Executing VM operation: HandshakeAllThreads (Deoptimize)
Event: 695.092 Executing VM operation: HandshakeAllThreads (Deoptimize) done
Event: 695.249 Executing VM operation: HandshakeAllThreads (Deoptimize)
Event: 695.249 Executing VM operation: HandshakeAllThreads (Deoptimize) done
Event: 695.249 Executing VM operation: Cleanup
Event: 695.249 Executing VM operation: Cleanup done
Event: 695.467 Executing VM operation: HandshakeAllThreads (Deoptimize)
Event: 695.467 Executing VM operation: HandshakeAllThreads (Deoptimize) done
Event: 695.749 Executing VM operation: G1CollectForAllocation (G1 Evacuation Pause)
Event: 695.749 Executing VM operation: G1CollectForAllocation (G1 Evacuation Pause) done
Event: 695.749 Executing VM operation: G1CollectForAllocation (GCLocker Initiated GC)
Event: 695.763 Executing VM operation: G1CollectForAllocation (GCLocker Initiated GC) done

Memory protections (0 events):
No events

Nmethod flushes (20 events):
Event: 693.128 Thread 0x00000289c97af7f0 flushing  nmethod 0x00000289ceb67c90
Event: 693.128 Thread 0x00000289c97af7f0 flushing  nmethod 0x00000289cefd4a90
Event: 693.128 Thread 0x00000289c97af7f0 flushing  nmethod 0x00000289cefd5c10
Event: 693.128 Thread 0x00000289c97af7f0 flushing  nmethod 0x00000289cefd6690
Event: 693.128 Thread 0x00000289c97af7f0 flushing  nmethod 0x00000289cf03a710
Event: 693.128 Thread 0x00000289c97af7f0 flushing  nmethod 0x00000289cf0a2490
Event: 693.128 Thread 0x00000289c97af7f0 flushing  nmethod 0x00000289cf0a4190
Event: 693.128 Thread 0x00000289c97af7f0 flushing  nmethod 0x00000289cf16fe10
Event: 693.128 Thread 0x00000289c97af7f0 flushing  nmethod 0x00000289cf19f890
Event: 693.128 Thread 0x00000289c97af7f0 flushing  nmethod 0x00000289cf1adf90
Event: 693.128 Thread 0x00000289c97af7f0 flushing  nmethod 0x00000289cf2dc610
Event: 693.128 Thread 0x00000289c97af7f0 flushing  nmethod 0x00000289cf2dcd10
Event: 693.128 Thread 0x00000289c97af7f0 flushing  nmethod 0x00000289cf2e4790
Event: 693.128 Thread 0x00000289c97af7f0 flushing  nmethod 0x00000289cf2e4b10
Event: 693.128 Thread 0x00000289c97af7f0 flushing osr nmethod 0x00000289cf4bc690
Event: 693.128 Thread 0x00000289c97af7f0 flushing  nmethod 0x00000289cf91e810
Event: 693.128 Thread 0x00000289c97af7f0 flushing  nmethod 0x00000289cf970590
Event: 693.128 Thread 0x00000289c97af7f0 flushing  nmethod 0x00000289cf970d90
Event: 693.128 Thread 0x00000289c97af7f0 flushing  nmethod 0x00000289cfbf4610
Event: 693.128 Thread 0x00000289c97af7f0 flushing  nmethod 0x00000289cfbfb790

Events (20 events):
Event: 692.875 Thread 0x00000289ebcafec0 Thread added: 0x00000289e3929000
Event: 692.876 Thread 0x00000289ebcafec0 Thread added: 0x00000289eb673560
Event: 692.878 Thread 0x00000289ebcafec0 Thread added: 0x00000289eb671b20
Event: 692.879 Thread 0x00000289ebcafec0 Thread added: 0x00000289eb678420
Event: 694.027 Thread 0x00000289ebcb0550 Thread added: 0x00000289e3c28b50
Event: 694.028 Thread 0x00000289ebcb0550 Thread added: 0x00000289e3c2c660
Event: 694.028 Thread 0x00000289ebcb0550 Thread added: 0x00000289e3c2ccf0
Event: 694.029 Thread 0x00000289ebcb0550 Thread added: 0x00000289e3c2d380
Event: 694.030 Thread 0x00000289ebcb0550 Thread added: 0x00000289e3c2da10
Event: 694.030 Thread 0x00000289ebcb0550 Thread added: 0x00000289e3c2e0a0
Event: 694.034 Thread 0x00000289ebcb0550 Thread added: 0x00000289e3c2e730
Event: 694.402 Thread 0x00000289ebcb0550 Thread added: 0x00000289e8c33a00
Event: 694.403 Thread 0x00000289ebcb0550 Thread added: 0x00000289e8c33370
Event: 694.404 Thread 0x00000289ebcb0550 Thread added: 0x00000289eb6769e0
Event: 694.404 Thread 0x00000289ebcb0550 Thread added: 0x00000289eb674fa0
Event: 694.405 Thread 0x00000289ebcb0550 Thread added: 0x00000289eb679140
Event: 694.406 Thread 0x00000289ebcb0550 Thread added: 0x00000289eab46ff0
Event: 694.407 Thread 0x00000289ebcb0550 Thread added: 0x00000289eab49750
Event: 695.365 Thread 0x00000289ed50aaf0 Thread exited: 0x00000289ed50aaf0
Event: 695.692 Thread 0x00000289e3395bd0 Thread added: 0x00000289ed50aaf0


Dynamic libraries:
0x00007ff748060000 - 0x00007ff74806a000 	C:\Program Files\Android\Android Studio\jbr\bin\java.exe
0x00007ffdd54a0000 - 0x00007ffdd5707000 	C:\WINDOWS\SYSTEM32\ntdll.dll
0x00007ffdd4380000 - 0x00007ffdd4449000 	C:\WINDOWS\System32\KERNEL32.DLL
0x00007ffdd2d90000 - 0x00007ffdd3187000 	C:\WINDOWS\System32\KERNELBASE.dll
0x00007ffdd2240000 - 0x00007ffdd238b000 	C:\WINDOWS\System32\ucrtbase.dll
0x00007ffdcc730000 - 0x00007ffdcc74b000 	C:\Program Files\Android\Android Studio\jbr\bin\VCRUNTIME140.dll
0x00007ffdc0c70000 - 0x00007ffdc0c88000 	C:\Program Files\Android\Android Studio\jbr\bin\jli.dll
0x00007ffdd3310000 - 0x00007ffdd34d6000 	C:\WINDOWS\System32\USER32.dll
0x00007ffdd0fd0000 - 0x00007ffdd1262000 	C:\WINDOWS\WinSxS\amd64_microsoft.windows.common-controls_6595b64144ccf1df_6.0.26100.8457_none_3e0b2faee331e92d\COMCTL32.dll
0x00007ffdd35f0000 - 0x00007ffdd3699000 	C:\WINDOWS\System32\msvcrt.dll
0x00007ffdd3b30000 - 0x00007ffdd3b5b000 	C:\WINDOWS\System32\GDI32.dll
0x00007ffdd2390000 - 0x00007ffdd23b7000 	C:\WINDOWS\System32\win32u.dll
0x00007ffdd1ed0000 - 0x00007ffdd1ffc000 	C:\WINDOWS\System32\gdi32full.dll
0x00007ffdd2ce0000 - 0x00007ffdd2d83000 	C:\WINDOWS\System32\msvcp_win.dll
0x00007ffdd3be0000 - 0x00007ffdd3c12000 	C:\WINDOWS\System32\IMM32.DLL
0x00007ffdcc720000 - 0x00007ffdcc72c000 	C:\Program Files\Android\Android Studio\jbr\bin\vcruntime140_1.dll
0x00007ffdab0d0000 - 0x00007ffdab15d000 	C:\Program Files\Android\Android Studio\jbr\bin\msvcp140.dll
0x00007ffd5e780000 - 0x00007ffd5f416000 	C:\Program Files\Android\Android Studio\jbr\bin\server\jvm.dll
0x00007ffdd42c0000 - 0x00007ffdd4376000 	C:\WINDOWS\System32\ADVAPI32.dll
0x00007ffdd4a30000 - 0x00007ffdd4ad7000 	C:\WINDOWS\System32\sechost.dll
0x00007ffdd5260000 - 0x00007ffdd5378000 	C:\WINDOWS\System32\RPCRT4.dll
0x00007ffdd3220000 - 0x00007ffdd32a0000 	C:\WINDOWS\System32\WS2_32.dll
0x00007ffdd1d30000 - 0x00007ffdd1d8e000 	C:\WINDOWS\SYSTEM32\POWRPROF.dll
0x00007ffdc21a0000 - 0x00007ffdc21d6000 	C:\WINDOWS\SYSTEM32\WINMM.dll
0x00007ffdc88d0000 - 0x00007ffdc88db000 	C:\WINDOWS\SYSTEM32\VERSION.dll
0x00007ffdd1d10000 - 0x00007ffdd1d24000 	C:\WINDOWS\SYSTEM32\UMPDC.dll
0x00007ffdd03a0000 - 0x00007ffdd03bb000 	C:\WINDOWS\SYSTEM32\kernel.appcore.dll
0x00007ffdcc710000 - 0x00007ffdcc71a000 	C:\Program Files\Android\Android Studio\jbr\bin\jimage.dll
0x00007ffdd17a0000 - 0x00007ffdd19e2000 	C:\WINDOWS\SYSTEM32\DBGHELP.DLL
0x00007ffdd3c20000 - 0x00007ffdd3fa3000 	C:\WINDOWS\System32\combase.dll
0x00007ffdd4730000 - 0x00007ffdd4809000 	C:\WINDOWS\System32\OLEAUT32.dll
0x00007ffdd1570000 - 0x00007ffdd15ab000 	C:\WINDOWS\SYSTEM32\dbgcore.DLL
0x00007ffdd2c30000 - 0x00007ffdd2cd8000 	C:\WINDOWS\System32\bcryptPrimitives.dll
0x00007ffdc1010000 - 0x00007ffdc101e000 	C:\Program Files\Android\Android Studio\jbr\bin\instrument.dll
0x00007ffdcbcd0000 - 0x00007ffdcbcf0000 	C:\Program Files\Android\Android Studio\jbr\bin\java.dll
0x00007ffdc29e0000 - 0x00007ffdc29f8000 	C:\Program Files\Android\Android Studio\jbr\bin\zip.dll
0x00007ffdd4ae0000 - 0x00007ffdd524e000 	C:\WINDOWS\System32\SHELL32.dll
0x00007ffdd23c0000 - 0x00007ffdd2c2c000 	C:\WINDOWS\System32\windows.storage.dll
0x00007ffdd41c0000 - 0x00007ffdd42b6000 	C:\WINDOWS\System32\SHCORE.dll
0x00007ffdd3fb0000 - 0x00007ffdd4016000 	C:\WINDOWS\System32\shlwapi.dll
0x00007ffdd1df0000 - 0x00007ffdd1e19000 	C:\WINDOWS\SYSTEM32\profapi.dll
0x00007ffdc29d0000 - 0x00007ffdc29e0000 	C:\Program Files\Android\Android Studio\jbr\bin\net.dll
0x00007ffdca4c0000 - 0x00007ffdca5e9000 	C:\WINDOWS\SYSTEM32\WINHTTP.dll
0x00007ffdd0a70000 - 0x00007ffdd0adc000 	C:\WINDOWS\system32\mswsock.dll
0x00007ffdc1ca0000 - 0x00007ffdc1cb6000 	C:\Program Files\Android\Android Studio\jbr\bin\nio.dll
0x00007ffdc1590000 - 0x00007ffdc15a0000 	C:\Program Files\Android\Android Studio\jbr\bin\verify.dll
0x00007ffdc0b90000 - 0x00007ffdc0bb7000 	C:\Users\ibtis\.gradle\native\c067742578af261105cb4f569cf0c3c89f3d7b1fecec35dd04571415982c5e48\windows-amd64\native-platform.dll
0x00007ffd681b0000 - 0x00007ffd682f4000 	C:\Users\ibtis\.gradle\native\100fb08df4bc3b14c8652ba06237920a3bd2aa13389f12d3474272988ae205f9\windows-amd64\native-platform-file-events.dll
0x00007ffdc1bf0000 - 0x00007ffdc1bf9000 	C:\Program Files\Android\Android Studio\jbr\bin\management.dll
0x00007ffdc1bc0000 - 0x00007ffdc1bcb000 	C:\Program Files\Android\Android Studio\jbr\bin\management_ext.dll
0x00007ffdd4450000 - 0x00007ffdd4458000 	C:\WINDOWS\System32\PSAPI.DLL
0x00007ffdd19f0000 - 0x00007ffdd1a0b000 	C:\WINDOWS\SYSTEM32\CRYPTSP.dll
0x00007ffdd0300000 - 0x00007ffdd0339000 	C:\WINDOWS\system32\rsaenh.dll
0x00007ffdd0b20000 - 0x00007ffdd0b53000 	C:\WINDOWS\SYSTEM32\USERENV.dll
0x00007ffdd1dc0000 - 0x00007ffdd1dea000 	C:\WINDOWS\SYSTEM32\bcrypt.dll
0x00007ffdd0e80000 - 0x00007ffdd0e8c000 	C:\WINDOWS\SYSTEM32\CRYPTBASE.dll
0x00007ffdcfd80000 - 0x00007ffdcfdb2000 	C:\WINDOWS\SYSTEM32\IPHLPAPI.DLL
0x00007ffdd48c0000 - 0x00007ffdd48ca000 	C:\WINDOWS\System32\NSI.dll
0x00007ffdc29c0000 - 0x00007ffdc29c9000 	C:\Program Files\Android\Android Studio\jbr\bin\extnet.dll
0x00007ffdc0570000 - 0x00007ffdc0578000 	C:\WINDOWS\system32\wshunix.dll
0x00007ffdd1640000 - 0x00007ffdd1676000 	C:\WINDOWS\SYSTEM32\ntmarta.dll

JVMTI agents:
C:\Users\ibtis\.gradle\wrapper\dists\gradle-8.10.2-bin\a04bxjujx95o3nb99gddekhwo\gradle-8.10.2\lib\agents\gradle-instrumentation-agent-8.10.2.jar path:C:\Program Files\Android\Android Studio\jbr\bin\instrument.dll, loaded, initialized, instrumentlib options:none

dbghelp: loaded successfully - version: 4.0.5 - missing functions: none
symbol engine: initialized successfully - sym options: 0x614 - pdb path: .;C:\Program Files\Android\Android Studio\jbr\bin;C:\WINDOWS\SYSTEM32;C:\WINDOWS\WinSxS\amd64_microsoft.windows.common-controls_6595b64144ccf1df_6.0.26100.8457_none_3e0b2faee331e92d;C:\Program Files\Android\Android Studio\jbr\bin\server;C:\Users\ibtis\.gradle\native\c067742578af261105cb4f569cf0c3c89f3d7b1fecec35dd04571415982c5e48\windows-amd64;C:\Users\ibtis\.gradle\native\100fb08df4bc3b14c8652ba06237920a3bd2aa13389f12d3474272988ae205f9\windows-amd64

VM Arguments:
jvm_args: --add-opens=java.base/java.util=ALL-UNNAMED --add-opens=java.base/java.lang=ALL-UNNAMED --add-opens=java.base/java.lang.invoke=ALL-UNNAMED --add-opens=java.prefs/java.util.prefs=ALL-UNNAMED --add-exports=jdk.compiler/com.sun.tools.javac.api=ALL-UNNAMED --add-exports=jdk.compiler/com.sun.tools.javac.util=ALL-UNNAMED --add-opens=java.base/java.nio.charset=ALL-UNNAMED --add-opens=java.base/java.net=ALL-UNNAMED --add-opens=java.base/java.util.concurrent.atomic=ALL-UNNAMED -Xmx2048m -Dfile.encoding=UTF-8 -Duser.country=FR -Duser.language=fr -Duser.variant -javaagent:C:\Users\ibtis\.gradle\wrapper\dists\gradle-8.10.2-bin\a04bxjujx95o3nb99gddekhwo\gradle-8.10.2\lib\agents\gradle-instrumentation-agent-8.10.2.jar 
java_command: org.gradle.launcher.daemon.bootstrap.GradleDaemon 8.10.2
java_class_path (initial): C:\Users\ibtis\.gradle\wrapper\dists\gradle-8.10.2-bin\a04bxjujx95o3nb99gddekhwo\gradle-8.10.2\lib\gradle-daemon-main-8.10.2.jar
Launcher Type: SUN_STANDARD

[Global flags]
     intx CICompilerCount                          = 4                                         {product} {ergonomic}
     uint ConcGCThreads                            = 2                                         {product} {ergonomic}
     uint G1ConcRefinementThreads                  = 8                                         {product} {ergonomic}
   size_t G1HeapRegionSize                         = 1048576                                   {product} {ergonomic}
    uintx GCDrainStackTargetSize                   = 64                                        {product} {ergonomic}
   size_t InitialHeapSize                          = 199229440                                 {product} {ergonomic}
   size_t MarkStackSize                            = 4194304                                   {product} {ergonomic}
   size_t MaxHeapSize                              = 2147483648                                {product} {command line}
   size_t MaxNewSize                               = 1287651328                                {product} {ergonomic}
   size_t MinHeapDeltaBytes                        = 1048576                                   {product} {ergonomic}
   size_t MinHeapSize                              = 8388608                                   {product} {ergonomic}
    uintx NonNMethodCodeHeapSize                   = 5839372                                {pd product} {ergonomic}
    uintx NonProfiledCodeHeapSize                  = 122909434                              {pd product} {ergonomic}
    uintx ProfiledCodeHeapSize                     = 122909434                              {pd product} {ergonomic}
    uintx ReservedCodeCacheSize                    = 251658240                              {pd product} {ergonomic}
     bool SegmentedCodeCache                       = true                                      {product} {ergonomic}
   size_t SoftMaxHeapSize                          = 2147483648                             {manageable} {ergonomic}
     bool UseCompressedOops                        = true                           {product lp64_product} {ergonomic}
     bool UseG1GC                                  = true                                      {product} {ergonomic}
     bool UseLargePagesIndividualAllocation        = false                                  {pd product} {ergonomic}

Logging:
Log output configuration:
 #0: stdout all=warning uptime,level,tags foldmultilines=false
 #1: stderr all=off uptime,level,tags foldmultilines=false

Release file:
JAVA_VERSION="21.0.9" 
MODULES="java.base java.compiler java.datatransfer java.xml java.prefs java.desktop java.instrument java.logging java.management java.security.sasl java.naming java.rmi java.management.rmi java.net.http java.scripting java.security.jgss java.transaction.xa java.sql java.sql.rowset java.xml.crypto java.se java.smartcardio jdk.accessibility jdk.internal.jvmstat jdk.attach jdk.charsets jdk.internal.opt jdk.zipfs jdk.compiler jdk.crypto.ec jdk.crypto.cryptoki jdk.dynalink jdk.hotspot.agent jdk.httpserver jdk.internal.ed jdk.internal.le jdk.internal.vm.ci jdk.jartool jdk.javadoc jdk.jcmd jdk.jdeps jdk.jdwp.agent jdk.jdi jdk.jfr jdk.jlink jdk.jsobject jdk.localedata jdk.management jdk.management.agent jdk.management.jfr jdk.naming.dns jdk.naming.rmi jdk.net jdk.sctp jdk.security.auth jdk.security.jgss jdk.unsupported jdk.unsupported.desktop jdk.xml.dom" 
IMPLEMENTOR="JetBrains s.r.o." 
JAVA_RUNTIME_VERSION="21.0.9+-14787801-b1163.94" 
LIBC="default" 
OS_ARCH="x86_64" 
OS_NAME="Windows" 
SOURCE=".:git:0c757ddc9f2f" 

Environment Variables:
PATH=C:\Program Files\Common Files\Oracle\Java\javapath;C:\Program Files (x86)\VMware\VMware Workstation\bin\;C:\WINDOWS\system32;C:\WINDOWS;C:\WINDOWS\System32\Wbem;C:\WINDOWS\System32\WindowsPowerShell\v1.0\;C:\WINDOWS\System32\OpenSSH\;C:\Program Files\dotnet\;C:\php;C:\Program Files\Git\cmd;C:\Program Files\Maven\apache-maven-3.9.15\bin;C:\Program Files\nodejs\;C:\Program Files\Docker\Docker\resources\bin;C:\Program Files\MySQL\MySQL Shell 8.0\bin\;C:\Users\ibtis\AppData\Local\Programs\Python\Python312\Scripts\;C:\Users\ibtis\AppData\Local\Programs\Python\Python312\;C:\Users\ibtis\AppData\Local\Programs\Python\Launcher\;C:\Users\ibtis\AppData\Local\Microsoft\WindowsApps;C:\Users\ibtis\AppData\Local\Programs\Microsoft VS Code\bin;C:\Program Files\Java\jdk-25.0.2;C:\Users\ibtis\AppData\Roaming\npm;C:\platform-tools;C:\Users\ibtis\AppData\Local\Programs\Antigravity IDE\bin
USERNAME=ibtis
OS=Windows_NT
PROCESSOR_IDENTIFIER=Intel64 Family 6 Model 126 Stepping 5, GenuineIntel
TMP=C:\Users\ibtis\AppData\Local\Temp
TEMP=C:\Users\ibtis\AppData\Local\Temp




Periodic native trim disabled

JNI global refs:
JNI global refs: 28, weak refs: 0

JNI global refs memory usage: 835, weak refs: 833

Process memory usage:
Resident Set Size: 713012K (5% of 12383228K total physical memory with 1578944K free physical memory)

OOME stack traces (most recent first):
Classloader memory used:
Loader org.gradle.internal.classloader.VisitableURLClassLoader                         : 44522K
Loader org.gradle.internal.classloader.VisitableURLClassLoader$InstrumentingVisitableURLClassLoader: 40143K
Loader bootstrap                                                                       : 30189K
Loader org.gradle.initialization.MixInLegacyTypesClassLoader                           : 13357K
Loader jdk.internal.loader.ClassLoaders$PlatformClassLoader                            : 560K
Loader jdk.internal.reflect.DelegatingClassLoader                                      : 509K
Loader org.gradle.internal.classloader.VisitableURLClassLoader                         : 312K
Loader jdk.internal.loader.ClassLoaders$AppClassLoader                                 : 234K
Loader org.gradle.groovy.scripts.internal.DefaultScriptCompilationHandler$ScriptClassLoader: 124K
Loader org.codehaus.groovy.runtime.callsite.CallSiteClassLoader                        : 17448B

Classes loaded by more than one classloader:
Class Program                                                                         : loaded 5 times (x 72B)
Class com.google.common.collect.ImmutableList                                         : loaded 3 times (x 206B)
Class Build_gradle                                                                    : loaded 3 times (x 130B)
Class com.google.common.base.Preconditions                                            : loaded 3 times (x 71B)
Class com.google.common.collect.ImmutableSet$RegularSetBuilderImpl                    : loaded 3 times (x 77B)
Class com.google.common.collect.ImmutableSet                                          : loaded 3 times (x 145B)
Class Build_gradle$1                                                                  : loaded 3 times (x 74B)
Class com.google.common.collect.ImmutableSet$SetBuilderImpl                           : loaded 3 times (x 76B)
Class com.google.common.collect.ImmutableAsList                                       : loaded 3 times (x 209B)
Class com.google.common.collect.ImmutableSet$CachingAsList                            : loaded 3 times (x 147B)
Class com.google.common.collect.ImmutableCollection                                   : loaded 3 times (x 125B)
Class com.google.common.collect.SingletonImmutableSet                                 : loaded 3 times (x 146B)
Class com.google.common.collect.RegularImmutableSet                                   : loaded 3 times (x 148B)
Class com.google.common.collect.RegularImmutableAsList                                : loaded 3 times (x 216B)
Class org.gradle.api.internal.classpath.ManifestUtil                                  : loaded 2 times (x 71B)
Class com.google.common.io.ByteArrayDataOutput                                        : loaded 2 times (x 70B)
Class com.google.common.collect.RegularImmutableMap                                   : loaded 2 times (x 121B)
Class com.google.common.collect.ImmutableMap$MapViewOfValuesAsSingletonSets           : loaded 2 times (x 125B)
Class ijKotlinCoroutineJvmDebugInit1_8b08n2xkeizd1exry5iy3l9ps$_run_closure1$_closure2: loaded 2 times (x 139B)
Class com.google.common.collect.TransformedListIterator                               : loaded 2 times (x 93B)
Class [Lorg.objectweb.asm.Symbol;                                                     : loaded 2 times (x 69B)
Class org.objectweb.asm.ClassVisitor                                                  : loaded 2 times (x 88B)
Class com.google.common.collect.UnmodifiableListIterator                              : loaded 2 times (x 95B)
Class com.google.common.collect.MapMakerInternalMap$StrongKeyDummyValueEntry$LinkedStrongKeyDummyValueEntry: loaded 2 times (x 82B)
Class com.google.common.collect.MapMakerInternalMap$Strength                          : loaded 2 times (x 80B)
Class org.objectweb.asm.MethodTooLargeException                                       : loaded 2 times (x 83B)
Class [Lcom.google.common.cache.CacheBuilder$OneWeigher;                              : loaded 2 times (x 69B)
Class com.google.common.base.Suppliers                                                : loaded 2 times (x 71B)
Class com.google.common.base.Platform$JdkPatternCompiler                              : loaded 2 times (x 75B)
Class org.gradle.internal.classloader.DefaultClassLoaderFactory                       : loaded 2 times (x 82B)
Class com.google.common.io.ByteSource$ConcatenatedByteSource                          : loaded 2 times (x 85B)
Class com.google.common.base.CharMatcher$None                                         : loaded 2 times (x 112B)
Class org.gradle.internal.classloader.ClassLoaderVisitor                              : loaded 2 times (x 76B)
Class [Lcom.google.common.collect.ImmutableMapEntry;                                  : loaded 2 times (x 69B)
Class org.gradle.api.internal.classpath.EffectiveClassPath                            : loaded 2 times (x 90B)
Class com.google.common.collect.CollectSpliterators$1WithCharacteristics              : loaded 2 times (x 90B)
Class com.google.common.collect.ImmutableRangeSet                                     : loaded 2 times (x 115B)
Class com.google.common.collect.ImmutableEnumMap                                      : loaded 2 times (x 125B)
Class com.google.common.collect.ListMultimap                                          : loaded 2 times (x 70B)
Class com.google.common.collect.ImmutableSet$SerializedForm                           : loaded 2 times (x 73B)
Class com.google.common.collect.Iterators$EmptyModifiableIterator                     : loaded 2 times (x 86B)
Class com.google.common.collect.Sets$1                                                : loaded 2 times (x 139B)
Class org.objectweb.asm.AnnotationVisitor                                             : loaded 2 times (x 78B)
Class com.google.common.base.Splitter                                                 : loaded 2 times (x 72B)
Class org.gradle.api.internal.DefaultClassPathProvider                                : loaded 2 times (x 76B)
Class com.google.common.collect.MapMakerInternalMap$Strength$1                        : loaded 2 times (x 80B)
Class com.google.common.collect.Maps$ViewCachingAbstractMap                           : loaded 2 times (x 125B)
Class com.google.common.collect.Sets$2                                                : loaded 2 times (x 139B)
Class [Lorg.gradle.api.internal.ClassPathProvider;                                    : loaded 2 times (x 69B)
Class org.gradle.api.internal.ClassPathProvider                                       : loaded 2 times (x 70B)
Class com.google.common.collect.MapMakerInternalMap$Strength$2                        : loaded 2 times (x 80B)
Class [Lorg.objectweb.asm.AnnotationVisitor;                                          : loaded 2 times (x 69B)
Class com.google.common.collect.Sets$3                                                : loaded 2 times (x 139B)
Class com.google.common.util.concurrent.AbstractFuture$SafeAtomicHelper               : loaded 2 times (x 79B)
Class com.google.common.cache.LocalCache$LocalLoadingCache                            : loaded 2 times (x 134B)
Class com.google.common.base.AbstractIterator$State                                   : loaded 2 times (x 79B)
Class org.gradle.internal.service.UnknownServiceException                             : loaded 2 times (x 83B)
Class com.google.common.io.ByteArrayDataInput                                         : loaded 2 times (x 70B)
Class com.google.common.collect.MapMakerInternalMap$StrongValueEntry                  : loaded 2 times (x 70B)
Class com.google.common.collect.Sets$4                                                : loaded 2 times (x 139B)
Class org.objectweb.asm.ModuleVisitor                                                 : loaded 2 times (x 81B)
Class com.google.common.cache.LocalCache$Strength$1                                   : loaded 2 times (x 81B)
Class com.google.common.util.concurrent.SettableFuture                                : loaded 2 times (x 114B)
Class com.google.common.cache.LocalCache$Strength$2                                   : loaded 2 times (x 81B)
Class com.google.common.io.ByteStreams                                                : loaded 2 times (x 71B)
Class com.google.common.collect.Interners$InternerImpl                                : loaded 2 times (x 75B)
Class com.google.common.collect.Interner                                              : loaded 2 times (x 70B)
Class com.google.common.collect.TransformedIterator                                   : loaded 2 times (x 80B)
Class com.google.common.cache.LocalCache$Strength$3                                   : loaded 2 times (x 81B)
Class com.google.common.collect.MapDifference                                         : loaded 2 times (x 70B)
Class com.google.common.base.Splitter$1                                               : loaded 2 times (x 77B)
Class com.google.common.collect.MapMaker$Dummy                                        : loaded 2 times (x 79B)
Class org.objectweb.asm.FieldWriter                                                   : loaded 2 times (x 78B)
Class com.google.common.cache.CacheBuilder$NullListener                               : loaded 2 times (x 82B)
Class org.gradle.internal.classpath.TransformedClassPath                              : loaded 2 times (x 96B)
Class org.gradle.internal.classloader.InstrumentingClassLoader                        : loaded 2 times (x 70B)
Class com.google.common.collect.ImmutableListMultimap                                 : loaded 2 times (x 176B)
Class com.google.common.collect.ImmutableRangeSet$AsSet                               : loaded 2 times (x 299B)
Class com.google.common.cache.CacheLoader$FunctionToCacheLoader                       : loaded 2 times (x 75B)
Class com.google.common.collect.Iterators$ArrayItr                                    : loaded 2 times (x 97B)
Class com.google.common.collect.ImmutableCollection$Builder                           : loaded 2 times (x 76B)
Class com.google.common.collect.EmptyImmutableListMultimap                            : loaded 2 times (x 176B)
Class com.google.common.collect.BaseImmutableMultimap                                 : loaded 2 times (x 123B)
Class com.google.common.base.Joiner                                                   : loaded 2 times (x 79B)
Class com.google.common.base.MoreObjects                                              : loaded 2 times (x 71B)
Class [Lorg.objectweb.asm.Attribute;                                                  : loaded 2 times (x 69B)
Class [Lorg.objectweb.asm.Type;                                                       : loaded 2 times (x 69B)
Class com.google.common.collect.Platform                                              : loaded 2 times (x 71B)
Class com.google.common.collect.UnmodifiableIterator                                  : loaded 2 times (x 80B)
Class org.gradle.internal.service.ServiceLocator                                      : loaded 2 times (x 70B)
Class com.google.common.base.Ascii                                                    : loaded 2 times (x 71B)
Class com.google.common.collect.SingletonImmutableBiMap                               : loaded 2 times (x 143B)
Class com.google.common.cache.LocalCache$1                                            : loaded 2 times (x 89B)
Class com.google.common.collect.AbstractMapEntry                                      : loaded 2 times (x 81B)
Class com.google.common.io.ByteSource$ByteArrayByteSource                             : loaded 2 times (x 85B)
Class com.google.common.collect.MapMakerInternalMap$AbstractStrongKeyEntry            : loaded 2 times (x 80B)
Class com.google.common.collect.Sets$ImprovedAbstractSet                              : loaded 2 times (x 135B)
Class com.google.common.collect.ImmutableList$Builder                                 : loaded 2 times (x 77B)
Class com.google.common.cache.LocalCache$2                                            : loaded 2 times (x 142B)
Class com.google.common.collect.AbstractMultimap                                      : loaded 2 times (x 123B)
Class com.google.common.collect.ImmutableRangeSet$1                                   : loaded 2 times (x 209B)
Class com.google.common.util.concurrent.AbstractFuture$UnsafeAtomicHelper$1           : loaded 2 times (x 76B)
Class com.google.common.collect.ImmutableList$1                                       : loaded 2 times (x 97B)
Class com.google.common.base.Optional                                                 : loaded 2 times (x 80B)
Class com.google.common.collect.Range                                                 : loaded 2 times (x 87B)
Class com.google.common.util.concurrent.AbstractFuture$Trusted                        : loaded 2 times (x 70B)
Class com.google.common.collect.Iterators                                             : loaded 2 times (x 71B)
Class com.google.common.base.CharMatcher$RangesMatcher                                : loaded 2 times (x 112B)
Class com.google.common.io.ByteSink$AsCharSink                                        : loaded 2 times (x 80B)
Class com.google.common.util.concurrent.UncheckedExecutionException                   : loaded 2 times (x 82B)
Class com.google.common.collect.Lists$StringAsImmutableList                           : loaded 2 times (x 207B)
Class org.gradle.kotlin.dsl.VersionCatalogAccessorsKt                                 : loaded 2 times (x 71B)
Class com.google.common.collect.ImmutableSortedSetFauxverideShim                      : loaded 2 times (x 147B)
Class com.google.common.base.CharMatcher$JavaLetterOrDigit                            : loaded 2 times (x 111B)
Class org.gradle.internal.InternalTransformer                                         : loaded 2 times (x 70B)
Class com.google.common.collect.AbstractMapBasedMultimap$KeySet$1                     : loaded 2 times (x 82B)
Class org.objectweb.asm.ClassWriter                                                   : loaded 2 times (x 106B)
Class com.google.common.cache.CacheLoader$UnsupportedLoadingOperationException        : loaded 2 times (x 82B)
Class com.google.common.base.CharMatcher$And                                          : loaded 2 times (x 112B)
Class org.gradle.internal.classloader.ClasspathUtil$1                                 : loaded 2 times (x 76B)
Class com.google.common.base.Objects                                                  : loaded 2 times (x 71B)
Class org.objectweb.asm.FieldVisitor                                                  : loaded 2 times (x 77B)
Class com.google.common.collect.IndexedImmutableSet                                   : loaded 2 times (x 150B)
Class com.google.common.collect.ImmutableMap$1                                        : loaded 2 times (x 81B)
Class com.google.common.collect.BiMap                                                 : loaded 2 times (x 70B)
Class org.gradle.api.internal.classpath.DefaultModuleRegistry$DefaultModule           : loaded 2 times (x 86B)
Class com.google.common.base.Absent                                                   : loaded 2 times (x 80B)
Class com.google.common.primitives.Ints                                               : loaded 2 times (x 71B)
Class com.google.common.collect.AbstractIterator                                      : loaded 2 times (x 82B)
Class com.google.common.math.MathPreconditions                                        : loaded 2 times (x 71B)
Class com.google.common.collect.Multiset                                              : loaded 2 times (x 70B)
Class com.google.common.collect.ArrayListMultimapGwtSerializationDependencies         : loaded 2 times (x 172B)
Class com.google.common.collect.ObjectArrays                                          : loaded 2 times (x 71B)
Class com.google.common.collect.AbstractIndexedListIterator                           : loaded 2 times (x 96B)
Class com.google.common.collect.ImmutableMapEntrySet                                  : loaded 2 times (x 151B)
Class org.gradle.api.internal.classpath.Module                                        : loaded 2 times (x 70B)
Class com.google.common.cache.Weigher                                                 : loaded 2 times (x 70B)
Class org.gradle.api.internal.classpath.UnknownModuleException                        : loaded 2 times (x 82B)
Class com.google.common.base.Stopwatch                                                : loaded 2 times (x 72B)
Class com.google.common.cache.LocalCache$Strength                                     : loaded 2 times (x 81B)
Class com.google.common.cache.Cache                                                   : loaded 2 times (x 70B)
Class com.google.common.io.AppendableWriter                                           : loaded 2 times (x 100B)
Class com.google.common.io.Files$2                                                    : loaded 2 times (x 76B)
Class com.google.common.util.concurrent.AbstractFuture$Cancellation                   : loaded 2 times (x 72B)
Class com.google.common.collect.ImmutableMap$Builder                                  : loaded 2 times (x 82B)
Class com.google.common.base.NullnessCasts                                            : loaded 2 times (x 71B)
Class com.google.common.base.Present                                                  : loaded 2 times (x 81B)
Class com.google.common.collect.AbstractMapBasedMultimap$WrappedCollection$WrappedIterator: loaded 2 times (x 84B)
Class com.google.common.cache.RemovalListener                                         : loaded 2 times (x 70B)
Class org.gradle.api.internal.DefaultClassPathRegistry                                : loaded 2 times (x 76B)
Class com.google.common.collect.ImmutableMultimap$Keys                                : loaded 2 times (x 166B)
Class com.google.common.primitives.IntsMethodsForWeb                                  : loaded 2 times (x 71B)
Class com.google.common.collect.Multimap                                              : loaded 2 times (x 70B)
Class org.gradle.api.internal.ClassPathRegistry                                       : loaded 2 times (x 70B)
Class org.gradle.internal.classpath.DefaultClassPath$ImmutableUniqueList              : loaded 2 times (x 199B)
Class com.google.common.collect.MapMakerInternalMap$Segment                           : loaded 2 times (x 142B)
Class com.google.common.base.ExtraObjectsMethodsForWeb                                : loaded 2 times (x 71B)
Class ijJvmDebugger1_9laiob171rioarc3zsik11dk4                                        : loaded 2 times (x 179B)
Class com.google.common.util.concurrent.ExecutionError                                : loaded 2 times (x 82B)
Class com.google.common.io.ByteSink                                                   : loaded 2 times (x 76B)
Class com.google.common.cache.CacheBuilder                                            : loaded 2 times (x 72B)
Class com.google.common.collect.SingletonImmutableList                                : loaded 2 times (x 207B)
Class Settings_gradle$1                                                               : loaded 2 times (x 74B)
Class org.gradle.internal.classpath.ClassPath                                         : loaded 2 times (x 70B)
Class org.gradle.api.UncheckedIOException                                             : loaded 2 times (x 82B)
Class com.google.common.collect.Interners$InternerBuilder                             : loaded 2 times (x 76B)
Class com.google.common.io.Files$FileByteSource                                       : loaded 2 times (x 85B)
Class com.google.common.collect.ImmutableList$ReverseImmutableList                    : loaded 2 times (x 208B)
Class com.google.common.base.JdkPattern                                               : loaded 2 times (x 75B)
Class com.google.common.io.CharStreams$NullWriter                                     : loaded 2 times (x 99B)
Class org.objectweb.asm.SymbolTable$Entry                                             : loaded 2 times (x 74B)
Class com.google.common.util.concurrent.AbstractFuture$AtomicHelper                   : loaded 2 times (x 78B)
Class org.objectweb.asm.Edge                                                          : loaded 2 times (x 72B)
Class com.google.common.base.Suppliers$SupplierOfInstance                             : loaded 2 times (x 79B)
Class com.google.common.collect.Iterators$1                                           : loaded 2 times (x 81B)
Class com.google.common.cache.LocalCache$ComputingValueReference                      : loaded 2 times (x 96B)
Class com.google.common.collect.ImmutableEnumSet                                      : loaded 2 times (x 146B)
Class com.google.common.collect.ImmutableMap$IteratorBasedImmutableMap                : loaded 2 times (x 125B)
Class com.google.common.cache.LocalCache$Segment                                      : loaded 2 times (x 154B)
Class com.google.common.collect.SortedIterable                                        : loaded 2 times (x 70B)
Class [Lorg.objectweb.asm.SymbolTable$Entry;                                          : loaded 2 times (x 69B)
Class com.google.common.cache.CacheLoader                                             : loaded 2 times (x 74B)
Class com.google.common.collect.Iterators$4                                           : loaded 2 times (x 82B)
Class com.google.common.collect.ImmutableBiMap                                        : loaded 2 times (x 143B)
Class com.google.common.collect.AbstractListMultimap                                  : loaded 2 times (x 172B)
Class org.gradle.internal.installation.GradleInstallation$1                           : loaded 2 times (x 75B)
Class org.gradle.api.internal.classpath.ModuleRegistry                                : loaded 2 times (x 70B)
Class com.google.common.util.concurrent.internal.InternalFutureFailureAccess          : loaded 2 times (x 72B)
Class com.google.common.collect.Iterators$5                                           : loaded 2 times (x 82B)
Class com.google.common.collect.ImmutableSet$JdkBackedSetBuilderImpl                  : loaded 2 times (x 76B)
Class com.google.common.base.Splitter$SplittingIterator                               : loaded 2 times (x 84B)
Class com.google.common.collect.ImmutableMultimap$Values                              : loaded 2 times (x 126B)
Class com.google.common.io.Closer$SuppressingSuppressor                               : loaded 2 times (x 75B)
Class com.google.common.util.concurrent.AbstractFuture$UnsafeAtomicHelper             : loaded 2 times (x 78B)
Class com.google.common.cache.LocalCache$LocalManualCache$1                           : loaded 2 times (x 75B)
Class com.google.common.base.CharMatcher$ForPredicate                                 : loaded 2 times (x 112B)
Class com.google.common.collect.AbstractMapBasedMultimap$WrappedCollection            : loaded 2 times (x 124B)
Class com.google.common.base.CharMatcher$AnyOf                                        : loaded 2 times (x 112B)
Class org.gradle.api.internal.classpath.DefaultModuleRegistry                         : loaded 2 times (x 86B)
Class com.google.common.util.concurrent.ListenableFuture                              : loaded 2 times (x 70B)
Class com.google.common.cache.ReferenceEntry                                          : loaded 2 times (x 70B)
Class org.gradle.internal.classloader.ClassLoaderHierarchy                            : loaded 2 times (x 70B)
Class com.google.common.base.Converter                                                : loaded 2 times (x 90B)
Class com.google.common.collect.Lists                                                 : loaded 2 times (x 71B)
Class com.google.common.base.CharMatcher$Any                                          : loaded 2 times (x 112B)
Class com.google.common.util.concurrent.AbstractFuture                                : loaded 2 times (x 106B)
Class com.google.common.base.FunctionalEquivalence                                    : loaded 2 times (x 83B)
Class com.google.common.collect.Iterators$9                                           : loaded 2 times (x 81B)
Class com.google.common.collect.AbstractMapBasedMultimap                              : loaded 2 times (x 139B)
Class com.google.common.base.CharMatcher$IsEither                                     : loaded 2 times (x 111B)
Class com.google.common.io.CharStreams                                                : loaded 2 times (x 71B)
Class com.google.common.collect.ImmutableMultiset                                     : loaded 2 times (x 163B)
Class org.objectweb.asm.RecordComponentVisitor                                        : loaded 2 times (x 77B)
Class [Lcom.google.common.base.AbstractIterator$State;                                : loaded 2 times (x 69B)
Class com.google.common.collect.Maps$EntryTransformer                                 : loaded 2 times (x 70B)
Class org.gradle.internal.service.ServiceLookupException                              : loaded 2 times (x 82B)
Class com.google.common.collect.ImmutableSortedSet                                    : loaded 2 times (x 299B)
Class [Lcom.google.common.cache.LocalCache$EntryFactory;                              : loaded 2 times (x 69B)
Class com.google.common.base.CharMatcher$JavaLetter                                   : loaded 2 times (x 111B)
Class org.gradle.internal.classloader.ClassLoaderFactory                              : loaded 2 times (x 70B)
Class com.google.common.collect.ImmutableMap$SerializedForm                           : loaded 2 times (x 73B)
Class com.google.common.cache.LocalCache$LocalManualCache                             : loaded 2 times (x 99B)
Class com.google.common.base.CharMatcher$IsNot                                        : loaded 2 times (x 111B)
Class com.google.common.base.CommonPattern                                            : loaded 2 times (x 74B)
Class org.gradle.internal.service.CachingServiceLocator                               : loaded 2 times (x 82B)
Class com.google.common.collect.RegularImmutableSortedSet                             : loaded 2 times (x 299B)
Class com.google.common.collect.AbstractMapBasedMultimap$KeySet                       : loaded 2 times (x 137B)
Class com.google.common.math.IntMath                                                  : loaded 2 times (x 71B)
Class com.google.common.collect.MapMakerInternalMap$InternalEntry                     : loaded 2 times (x 70B)
Class com.google.common.collect.Iterators$10                                          : loaded 2 times (x 81B)
Class com.google.common.collect.ImmutableMapEntry                                     : loaded 2 times (x 85B)
Class com.google.common.base.CharMatcher$JavaDigit                                    : loaded 2 times (x 111B)
Class ijKotlinCoroutineJvmDebugInit1_8b08n2xkeizd1exry5iy3l9ps$_run_closure1          : loaded 2 times (x 139B)
Class com.google.common.collect.ImmutableMultimap                                     : loaded 2 times (x 147B)
Class com.google.common.base.Equivalence                                              : loaded 2 times (x 82B)
Class com.google.common.collect.ImmutableMapEntry$NonTerminalImmutableMapEntry        : loaded 2 times (x 85B)
Class com.google.common.base.Function                                                 : loaded 2 times (x 70B)
Class com.google.common.collect.IndexedImmutableSet$1                                 : loaded 2 times (x 212B)
Class com.google.common.cache.CacheBuilder$OneWeigher                                 : loaded 2 times (x 82B)
Class com.google.common.collect.RegularImmutableList                                  : loaded 2 times (x 212B)
Class com.google.common.collect.ImmutableBiMapFauxverideShim                          : loaded 2 times (x 120B)
Class org.gradle.internal.classloader.ClasspathUtil                                   : loaded 2 times (x 71B)
Class com.google.common.base.Charsets                                                 : loaded 2 times (x 71B)
Class com.google.common.util.concurrent.Uninterruptibles                              : loaded 2 times (x 71B)
Class com.google.common.io.CharSource                                                 : loaded 2 times (x 85B)
Class com.google.common.collect.Maps                                                  : loaded 2 times (x 71B)
Class com.google.common.base.CharMatcher$JavaUpperCase                                : loaded 2 times (x 111B)
Class ijJvmDebugger1_9laiob171rioarc3zsik11dk4$_run_closure1$_closure2                : loaded 2 times (x 140B)
Class org.gradle.api.specs.Spec                                                       : loaded 2 times (x 70B)
Class com.google.common.collect.MapMaker                                              : loaded 2 times (x 72B)
Class [Lcom.google.common.collect.ImmutableEntry;                                     : loaded 2 times (x 69B)
Class com.google.common.cache.LocalCache$LoadingValueReference                        : loaded 2 times (x 96B)
Class com.google.common.io.FileWriteMode                                              : loaded 2 times (x 79B)
Class com.google.common.io.LineReader$1                                               : loaded 2 times (x 75B)
Class com.google.common.collect.CollectSpliterators                                   : loaded 2 times (x 71B)
Class com.google.common.collect.AbstractMapBasedMultimap$AsMap                        : loaded 2 times (x 128B)
Class com.google.common.collect.MapMakerInternalMap$StrongKeyDummyValueEntry          : loaded 2 times (x 82B)
Class com.google.common.base.Platform                                                 : loaded 2 times (x 71B)
Class com.google.common.collect.AbstractMapBasedMultimap$WrappedList                  : loaded 2 times (x 205B)
Class [Lorg.objectweb.asm.AnnotationWriter;                                           : loaded 2 times (x 69B)
Class com.google.common.primitives.Ints$IntConverter                                  : loaded 2 times (x 90B)
Class com.google.common.collect.Maps$8                                                : loaded 2 times (x 82B)
Class [Lcom.google.common.collect.Iterators$EmptyModifiableIterator;                  : loaded 2 times (x 69B)
Class com.google.common.collect.ImmutableRangeSet$Builder                             : loaded 2 times (x 77B)
Class com.google.common.collect.Sets$SetView                                          : loaded 2 times (x 138B)
Class com.google.common.cache.LocalCache$StrongValueReference                         : loaded 2 times (x 90B)
Class com.google.common.util.concurrent.AbstractFuture$SynchronizedHelper             : loaded 2 times (x 78B)
Class com.google.common.base.CharMatcher$Invisible                                    : loaded 2 times (x 112B)
Class com.google.common.graph.SuccessorsFunction                                      : loaded 2 times (x 70B)
Class org.objectweb.asm.Type                                                          : loaded 2 times (x 72B)
Class org.gradle.internal.classloader.VisitableURLClassLoader$InstrumentingVisitableURLClassLoader: loaded 2 times (x 123B)
Class com.google.common.collect.MapMakerInternalMap$StrongKeyDummyValueEntry$Helper   : loaded 2 times (x 79B)
Class com.google.common.io.Files$FileByteSink                                         : loaded 2 times (x 77B)
Class org.objectweb.asm.ByteVector                                                    : loaded 2 times (x 79B)
Class [Lcom.google.common.cache.CacheBuilder$NullListener;                            : loaded 2 times (x 69B)
Class com.google.common.math.IntMath$1                                                : loaded 2 times (x 71B)
Class org.gradle.internal.classloader.VisitableURLClassLoader$Spec                    : loaded 2 times (x 74B)
Class org.gradle.internal.classpath.DefaultClassPath                                  : loaded 2 times (x 90B)
Class org.objectweb.asm.Symbol                                                        : loaded 2 times (x 73B)
Class com.google.common.base.AbstractIterator                                         : loaded 2 times (x 80B)
Class com.google.common.io.Java8Compatibility                                         : loaded 2 times (x 71B)
Class com.google.common.io.Closer                                                     : loaded 2 times (x 78B)
Class com.google.common.collect.RegularImmutableMap$Values                            : loaded 2 times (x 207B)
Class [Lcom.google.common.collect.MapMakerInternalMap$Segment;                        : loaded 2 times (x 69B)
Class com.google.common.base.CharMatcher$BitSetMatcher                                : loaded 2 times (x 112B)
Class com.google.common.base.CharMatcher$Ascii                                        : loaded 2 times (x 112B)
Class org.gradle.internal.classloader.ClassLoaderSpec                                 : loaded 2 times (x 71B)
Class com.google.common.io.ByteSource$EmptyByteSource                                 : loaded 2 times (x 85B)
Class org.objectweb.asm.AnnotationWriter                                              : loaded 2 times (x 79B)
Class com.google.common.cache.CacheStats                                              : loaded 2 times (x 71B)
Class com.google.common.collect.ImmutableMultisetGwtSerializationDependencies         : loaded 2 times (x 125B)
Class com.google.common.collect.Interners                                             : loaded 2 times (x 71B)
Class com.google.common.io.Closer$Suppressor                                          : loaded 2 times (x 70B)
Class com.google.common.io.LineProcessor                                              : loaded 2 times (x 70B)
Class org.objectweb.asm.RecordComponentWriter                                         : loaded 2 times (x 78B)
Class com.google.common.util.concurrent.AbstractFuture$Listener                       : loaded 2 times (x 72B)
Class com.google.common.base.CharMatcher$Or                                           : loaded 2 times (x 112B)
Class Settings_gradle$1$1                                                             : loaded 2 times (x 74B)
Class [Lorg.objectweb.asm.Label;                                                      : loaded 2 times (x 69B)
Class org.objectweb.asm.Attribute                                                     : loaded 2 times (x 77B)
Class com.google.common.base.Supplier                                                 : loaded 2 times (x 70B)
Class org.gradle.internal.classloader.VisitableURLClassLoader                         : loaded 2 times (x 117B)
Class com.google.common.collect.ImmutableList$SerializedForm                          : loaded 2 times (x 73B)
Class com.google.common.util.concurrent.AbstractFuture$Waiter                         : loaded 2 times (x 72B)
Class Settings_gradle                                                                 : loaded 2 times (x 128B)
Class org.gradle.internal.Cast                                                        : loaded 2 times (x 71B)
Class org.gradle.api.Action                                                           : loaded 2 times (x 70B)
Class com.google.common.collect.MapMakerInternalMap                                   : loaded 2 times (x 161B)
Class com.google.common.collect.Sets                                                  : loaded 2 times (x 71B)
Class org.objectweb.asm.Handler                                                       : loaded 2 times (x 72B)
Class com.google.common.base.Ticker                                                   : loaded 2 times (x 72B)
Class com.google.common.base.Strings                                                  : loaded 2 times (x 71B)
Class com.google.common.base.CharMatcher$FastMatcher                                  : loaded 2 times (x 111B)
Class [Lcom.google.common.cache.LocalCache$Segment;                                   : loaded 2 times (x 69B)
Class [Lcom.google.common.cache.LocalCache$Strength;                                  : loaded 2 times (x 69B)
Class com.google.common.cache.CacheBuilder$1                                          : loaded 2 times (x 85B)
Class com.google.common.collect.ImmutableMap                                          : loaded 2 times (x 120B)
Class com.google.common.base.Predicate                                                : loaded 2 times (x 70B)
Class org.gradle.internal.classpath.DefaultClassPath$ImmutableUniqueList$Builder      : loaded 2 times (x 75B)
Class com.google.common.collect.MapMakerInternalMap$WeakValueReference                : loaded 2 times (x 70B)
Class com.google.common.collect.AbstractRangeSet                                      : loaded 2 times (x 114B)
Class com.google.common.cache.LocalCache                                              : loaded 2 times (x 187B)
Class com.google.common.cache.CacheBuilder$2                                          : loaded 2 times (x 72B)
Class com.google.common.base.CharMatcher$NegatedFastMatcher                           : loaded 2 times (x 113B)
Class [Lcom.google.common.collect.AbstractMapEntry;                                   : loaded 2 times (x 69B)
Class com.google.common.collect.ImmutableEntry                                        : loaded 2 times (x 82B)
Class com.google.common.collect.ArrayListMultimap                                     : loaded 2 times (x 172B)
Class com.google.common.base.AbstractIterator$1                                       : loaded 2 times (x 71B)
Class com.google.common.base.CharMatcher$Digit                                        : loaded 2 times (x 112B)
Class org.gradle.api.GradleException                                                  : loaded 2 times (x 82B)
Class com.google.common.base.Suppliers$MemoizingSupplier                              : loaded 2 times (x 79B)
Class com.google.common.collect.CollectPreconditions                                  : loaded 2 times (x 71B)
Class com.google.common.base.CharMatcher$JavaIsoControl                               : loaded 2 times (x 112B)
Class [Lcom.google.common.collect.MapMakerInternalMap$Strength;                       : loaded 2 times (x 69B)
Class [Lcom.google.common.io.FileWriteMode;                                           : loaded 2 times (x 69B)
Class com.google.common.collect.SortedMapDifference                                   : loaded 2 times (x 70B)
Class com.google.common.base.CharMatcher$JavaLowerCase                                : loaded 2 times (x 111B)
Class com.google.common.collect.MapMakerInternalMap$StrongKeyDummyValueSegment        : loaded 2 times (x 142B)
Class com.google.common.cache.LocalCache$WriteThroughEntry                            : loaded 2 times (x 79B)
Class com.google.common.cache.LocalCache$HashIterator                                 : loaded 2 times (x 86B)
Class com.google.common.io.Files                                                      : loaded 2 times (x 71B)
Class com.google.common.cache.LocalCache$EntryFactory                                 : loaded 2 times (x 83B)
Class [Lcom.google.common.collect.MapMaker$Dummy;                                     : loaded 2 times (x 69B)
Class com.google.common.cache.LocalCache$AbstractReferenceEntry                       : loaded 2 times (x 107B)
Class com.google.common.base.Splitter$1$1                                             : loaded 2 times (x 86B)
Class com.google.common.base.CharMatcher$Whitespace                                   : loaded 2 times (x 112B)
Class org.gradle.internal.IoActions                                                   : loaded 2 times (x 71B)
Class com.google.common.collect.ImmutableMapKeySet                                    : loaded 2 times (x 150B)
Class com.google.common.collect.ImmutableRangeSet$ComplementRanges                    : loaded 2 times (x 207B)
Class org.objectweb.asm.SymbolTable                                                   : loaded 2 times (x 72B)
Class com.google.common.cache.CacheLoader$InvalidCacheLoadException                   : loaded 2 times (x 82B)
Class org.gradle.internal.classloader.FilteringClassLoader                            : loaded 2 times (x 105B)
Class com.google.common.base.CharMatcher$SingleWidth                                  : loaded 2 times (x 112B)
Class org.gradle.internal.classloader.SystemClassLoaderSpec                           : loaded 2 times (x 71B)
Class com.google.common.cache.LocalCache$StrongEntry                                  : loaded 2 times (x 108B)
Class com.google.common.util.concurrent.AbstractFuture$TrustedFuture                  : loaded 2 times (x 114B)
Class com.google.common.cache.LoadingCache                                            : loaded 2 times (x 70B)
Class com.google.common.io.ByteStreams$LimitedInputStream                             : loaded 2 times (x 92B)
Class com.google.common.base.Suppliers$NonSerializableMemoizingSupplier               : loaded 2 times (x 79B)
Class org.objectweb.asm.MethodWriter                                                  : loaded 2 times (x 106B)
Class [Lcom.google.common.cache.Weigher;                                              : loaded 2 times (x 69B)
Class com.google.common.collect.RegularImmutableMap$BucketOverflowException           : loaded 2 times (x 82B)
Class com.google.common.collect.ImmutableMultimap$1                                   : loaded 2 times (x 82B)
Class com.google.common.collect.AbstractMapBasedMultimap$RandomAccessWrappedList      : loaded 2 times (x 205B)
Class com.google.common.collect.ImmutableMultimap$2                                   : loaded 2 times (x 81B)
Class com.google.common.collect.RegularImmutableBiMap                                 : loaded 2 times (x 148B)
Class com.google.common.cache.LocalCache$ValueReference                               : loaded 2 times (x 70B)
Class com.google.common.base.CharMatcher$Negated                                      : loaded 2 times (x 113B)
Class com.google.common.base.CharMatcher$Is                                           : loaded 2 times (x 111B)
Class com.google.common.hash.PrimitiveSink                                            : loaded 2 times (x 70B)
Class com.google.common.util.concurrent.AbstractFuture$Failure                        : loaded 2 times (x 72B)
Class com.google.common.base.Equivalence$Equals                                       : loaded 2 times (x 82B)
Class com.google.common.collect.Hashing                                               : loaded 2 times (x 71B)
Class com.google.common.base.PatternCompiler                                          : loaded 2 times (x 70B)
Class com.google.common.collect.RegularImmutableMap$KeySet                            : loaded 2 times (x 150B)
Class com.google.common.collect.ImmutableSetMultimap                                  : loaded 2 times (x 180B)
Class com.google.common.io.CharSink                                                   : loaded 2 times (x 79B)
Class com.google.common.base.Joiner$1                                                 : loaded 2 times (x 80B)
Class org.objectweb.asm.Label                                                         : loaded 2 times (x 73B)
Class org.objectweb.asm.CurrentFrame                                                  : loaded 2 times (x 73B)
Class org.objectweb.asm.ClassTooLargeException                                        : loaded 2 times (x 83B)
Class com.google.common.collect.PeekingIterator                                       : loaded 2 times (x 70B)
Class com.google.common.base.CharMatcher                                              : loaded 2 times (x 111B)
Class com.google.common.io.ByteSource$AsCharSource                                    : loaded 2 times (x 86B)
Class com.google.common.collect.MapMakerInternalMap$InternalEntryHelper               : loaded 2 times (x 70B)
Class com.google.common.collect.Maps$IteratorBasedAbstractMap                         : loaded 2 times (x 125B)
Class com.google.common.collect.RangeGwtSerializationDependencies                     : loaded 2 times (x 71B)
Class com.google.common.collect.Table                                                 : loaded 2 times (x 70B)
Class com.google.common.base.Joiner$2                                                 : loaded 2 times (x 79B)
Class org.objectweb.asm.Frame                                                         : loaded 2 times (x 73B)
Class org.objectweb.asm.MethodVisitor                                                 : loaded 2 times (x 105B)
Class com.google.common.cache.LocalCache$EntryFactory$1                               : loaded 2 times (x 83B)
Class [Lcom.google.common.cache.RemovalListener;                                      : loaded 2 times (x 69B)
Class com.google.common.base.CharMatcher$1                                            : loaded 2 times (x 113B)
Class com.google.common.base.CharMatcher$NamedFastMatcher                             : loaded 2 times (x 112B)
Class com.google.common.collect.RangeSet                                              : loaded 2 times (x 70B)
Class com.google.common.cache.LocalCache$EntryFactory$2                               : loaded 2 times (x 83B)
Class ijJvmDebugger1_9laiob171rioarc3zsik11dk4$_run_closure1                          : loaded 2 times (x 139B)
Class org.gradle.api.internal.classpath.GlobalCacheRootsProvider                      : loaded 2 times (x 70B)
Class com.google.common.collect.CollectCollectors                                     : loaded 2 times (x 71B)
Class org.objectweb.asm.ModuleWriter                                                  : loaded 2 times (x 82B)
Class com.google.common.cache.LocalCache$EntryFactory$3                               : loaded 2 times (x 83B)
Class com.google.common.base.Ticker$1                                                 : loaded 2 times (x 72B)
Class com.google.common.collect.ImmutableMapEntrySet$RegularEntrySet                  : loaded 2 times (x 151B)
Class com.google.common.collect.Maps$BiMapConverter                                   : loaded 2 times (x 90B)
Class com.google.common.collect.SetMultimap                                           : loaded 2 times (x 70B)
Class com.google.common.cache.LocalCache$EntryFactory$4                               : loaded 2 times (x 83B)
Class com.google.common.collect.ImmutableSet$Builder                                  : loaded 2 times (x 85B)
Class com.google.common.base.CharMatcher$InRange                                      : loaded 2 times (x 111B)
Class com.google.common.io.ByteStreams$1                                              : loaded 2 times (x 85B)
Class com.google.common.cache.LocalCache$EntryFactory$5                               : loaded 2 times (x 83B)
Class com.google.common.base.Equivalence$Identity                                     : loaded 2 times (x 82B)
Class com.google.common.cache.LocalCache$EntryFactory$6                               : loaded 2 times (x 83B)
Class ijKotlinCoroutineJvmDebugInit1_8b08n2xkeizd1exry5iy3l9ps                        : loaded 2 times (x 179B)
Class org.gradle.internal.installation.CurrentGradleInstallationLocator               : loaded 2 times (x 71B)
Class com.google.common.io.ByteSource$SlicedByteSource                                : loaded 2 times (x 85B)
Class com.google.common.collect.ImmutableMultimap$Builder                             : loaded 2 times (x 83B)
Class org.objectweb.asm.ClassReader                                                   : loaded 2 times (x 93B)
Class com.google.common.collect.Maps$KeySet                                           : loaded 2 times (x 137B)
Class com.google.common.cache.LocalCache$EntryFactory$7                               : loaded 2 times (x 83B)
Class com.google.common.collect.ImmutableSet$EmptySetBuilderImpl                      : loaded 2 times (x 76B)
Class com.google.common.base.PairwiseEquivalence                                      : loaded 2 times (x 83B)
Class org.gradle.internal.service.DefaultServiceLocator                               : loaded 2 times (x 83B)
Class com.google.common.collect.ImmutableMultimap$EntryCollection                     : loaded 2 times (x 127B)
Class com.google.common.collect.Maps$EntrySet                                         : loaded 2 times (x 136B)
Class com.google.common.cache.LocalCache$EntryFactory$8                               : loaded 2 times (x 83B)
Class com.google.common.cache.CacheLoader$SupplierToCacheLoader                       : loaded 2 times (x 75B)
Class org.gradle.util.GradleVersion                                                   : loaded 2 times (x 81B)
Class org.gradle.internal.installation.CurrentGradleInstallation                      : loaded 2 times (x 73B)
Class com.google.common.cache.CacheLoader$1                                           : loaded 2 times (x 75B)
Class com.google.common.collect.ForwardingObject                                      : loaded 2 times (x 72B)
Class com.google.common.collect.ImmutableList$SubList                                 : loaded 2 times (x 208B)
Class org.gradle.util.internal.GUtil                                                  : loaded 2 times (x 71B)
Class com.google.common.io.ByteSource                                                 : loaded 2 times (x 84B)
Class com.google.common.util.concurrent.AbstractFuture$SetFuture                      : loaded 2 times (x 75B)
Class com.google.common.cache.AbstractCache$StatsCounter                              : loaded 2 times (x 70B)
Class com.google.common.io.LineBuffer                                                 : loaded 2 times (x 75B)
Class com.google.common.collect.MapMakerInternalMap$1                                 : loaded 2 times (x 83B)
Class org.objectweb.asm.Context                                                       : loaded 2 times (x 72B)
Class com.google.common.collect.Iterators$MergingIterator                             : loaded 2 times (x 81B)
Class com.google.common.io.LineReader                                                 : loaded 2 times (x 72B)
Class org.gradle.internal.installation.GradleInstallation                             : loaded 2 times (x 75B)
Class com.google.common.collect.Iterables                                             : loaded 2 times (x 71B)
Class com.google.common.base.Splitter$Strategy                                        : loaded 2 times (x 70B)

---------------  S Y S T E M  ---------------

OS:
 Windows 11 , 64 bit Build 26100 (10.0.26100.8328)
OS uptime: 0 days 0:58 hours

CPU: total 8 (initial active 8) (4 cores per cpu, 2 threads per core) family 6 model 126 stepping 5 microcode 0xa6, cx8, cmov, fxsr, ht, mmx, 3dnowpref, sse, sse2, sse3, ssse3, sse4.1, sse4.2, popcnt, lzcnt, tsc, tscinvbit, avx, avx2, aes, erms, clmul, bmi1, bmi2, adx, avx512f, avx512dq, avx512cd, avx512bw, avx512vl, sha, fma, vzeroupper, avx512_vpopcntdq, avx512_vpclmulqdq, avx512_vaes, avx512_vnni, clflush, clflushopt, avx512_vbmi2, avx512_vbmi, rdtscp, rdpid, fsrm, gfni, avx512_bitalg, f16c, pku, avx512_ifma
Processor Information for the first 8 processors :
  Max Mhz: 1190, Current Mhz: 991, Mhz Limit: 987

Memory: 4k page, system-wide physical 12092M (1541M free)
TotalPageFile size 22332M (AvailPageFile size 8875M)
current process WorkingSet (physical memory assigned to process): 696M, peak: 699M
current process commit charge ("private bytes"): 732M, peak: 736M

vm_info: OpenJDK 64-Bit Server VM (21.0.9+-14787801-b1163.94) for windows-amd64 JRE (21.0.9+-14787801-b1163.94), built on 2026-01-27T21:15:44Z by "builder" with MS VC++ 16.10 / 16.11 (VS2019)

END.
