#
# A fatal error has been detected by the Java Runtime Environment:
#
#  EXCEPTION_ACCESS_VIOLATION (0xc0000005) at pc=0x00007ffd6164d749, pid=18080, tid=16484
#
# JRE version: OpenJDK Runtime Environment (21.0.9) (build 21.0.9+-14787801-b1163.94)
# Java VM: OpenJDK 64-Bit Server VM (21.0.9+-14787801-b1163.94, mixed mode, tiered, compressed oops, compressed class ptrs, g1 gc, windows-amd64)
# Problematic frame:
# V  [jvm.dll+0x5ed749]
#
# No core dump will be written. Minidumps are not enabled by default on client versions of Windows
#
# If you would like to submit a bug report, please visit:
#   https://youtrack.jetbrains.com/issues/JBR
#

---------------  S U M M A R Y ------------

Command Line: --add-opens=java.base/java.util=ALL-UNNAMED --add-opens=java.base/java.lang=ALL-UNNAMED --add-opens=java.base/java.lang.invoke=ALL-UNNAMED --add-opens=java.prefs/java.util.prefs=ALL-UNNAMED --add-exports=jdk.compiler/com.sun.tools.javac.api=ALL-UNNAMED --add-exports=jdk.compiler/com.sun.tools.javac.util=ALL-UNNAMED --add-opens=java.base/java.nio.charset=ALL-UNNAMED --add-opens=java.base/java.net=ALL-UNNAMED --add-opens=java.base/java.util.concurrent.atomic=ALL-UNNAMED -Xmx2048m -Dfile.encoding=UTF-8 -Duser.country=FR -Duser.language=fr -Duser.variant -javaagent:C:\Users\ibtis\.gradle\wrapper\dists\gradle-8.10.2-bin\a04bxjujx95o3nb99gddekhwo\gradle-8.10.2\lib\agents\gradle-instrumentation-agent-8.10.2.jar org.gradle.launcher.daemon.bootstrap.GradleDaemon 8.10.2

Host: Intel(R) Core(TM) i5-1035G1 CPU @ 1.00GHz, 8 cores, 11G,  Windows 11 , 64 bit Build 26100 (10.0.26100.8328)
Time: Thu Jun  4 16:58:31 2026 elapsed time: 20.100867 seconds (0d 0h 0m 20s)

---------------  T H R E A D  ---------------

Current thread (0x000001a87ac211b0):  JavaThread "C2 CompilerThread0" daemon [_thread_in_native, id=16484, stack(0x000000987a600000,0x000000987a700000) (1024K)]


Current CompileTask:
C2:20100 10886       4       com.google.common.cache.LocalCache$LocalManualCache::get (23 bytes)

Stack: [0x000000987a600000,0x000000987a700000],  sp=0x000000987a6fbd00,  free space=1007k
Native frames: (J=compiled Java code, j=interpreted, Vv=VM code, C=native code)
V  [jvm.dll+0x5ed749]
V  [jvm.dll+0x600cac]
V  [jvm.dll+0x600b1a]
V  [jvm.dll+0x5ffc78]
V  [jvm.dll+0x252572]
V  [jvm.dll+0x25292f]
V  [jvm.dll+0x24b0d5]
V  [jvm.dll+0x24892e]
V  [jvm.dll+0x1c7344]
V  [jvm.dll+0x2581ae]
V  [jvm.dll+0x2566f6]
V  [jvm.dll+0x3f48a6]
V  [jvm.dll+0x80f118]
V  [jvm.dll+0x6d54ed]
C  [ucrtbase.dll+0x37b0]
C  [KERNEL32.DLL+0x2e957]
C  [ntdll.dll+0x427c]


siginfo: EXCEPTION_ACCESS_VIOLATION (0xc0000005), reading address 0x000003a8052ffb98


Registers:
RAX=0x00007ffd619c0a00, RBX=0x000003a8052ffb90, RCX=0x000000987a6fc100, RDX=0x0000000000000800
RSP=0x000000987a6fbd00, RBP=0x0000000000000007, RSI=0x0000000000000001, RDI=0x000000000000040d
R8 =0x0000000000000001, R9 =0xfefeff6f6071735e, R10=0xfefefefefefefeff, R11=0x8080808080808080
R12=0x000000987a6fbe20, R13=0x000000987a6fbe00, R14=0x0000000000000002, R15=0x000001a802637c18
RIP=0x00007ffd6164d749, EFLAGS=0x0000000000010206

XMM[0]=0x0000000000000000 0x0000000000000000
XMM[1]=0x000001a80c123e68 0x000001a802802bf0
XMM[2]=0x000001a8027fcd70 0x000001a8028026c8
XMM[3]=0x000001a8005a4a68 0x000001a8005a5638
XMM[4]=0x000001a807509d80 0x000001a80750a210
XMM[5]=0x000001a806059380 0x000001a806059458
XMM[6]=0x0000000000000000 0x0000000000000000
XMM[7]=0x0000000000000000 0x0000000000000000
XMM[8]=0x0000000000000000 0x0000000000000000
XMM[9]=0x0000000000000000 0x0000000000000000
XMM[10]=0x0000000000000000 0x0000000000000000
XMM[11]=0x0000000000000000 0x0000000000000000
XMM[12]=0x0000000000000000 0x0000000000000000
XMM[13]=0x0000000000000000 0x0000000000000000
XMM[14]=0x0000000000000000 0x0000000000000000
XMM[15]=0x0000000000000000 0x0000000000000000
  MXCSR=0x00001fa0


Register to memory mapping:

RAX=0x00007ffd619c0a00 jvm.dll
RBX=0x000003a8052ffb90 is an unknown value
RCX=0x000000987a6fc100 is pointing into the stack for thread: 0x000001a87ac211b0
RDX=0x0000000000000800 is an unknown value
RSP=0x000000987a6fbd00 is pointing into the stack for thread: 0x000001a87ac211b0
RBP=0x0000000000000007 is an unknown value
RSI=0x0000000000000001 is an unknown value
RDI=0x000000000000040d is an unknown value
R8 =0x0000000000000001 is an unknown value
R9 =0xfefeff6f6071735e is an unknown value
R10=0xfefefefefefefeff is an unknown value
R11=0x8080808080808080 is an unknown value
R12=0x000000987a6fbe20 is pointing into the stack for thread: 0x000001a87ac211b0
R13=0x000000987a6fbe00 is pointing into the stack for thread: 0x000001a87ac211b0
R14=0x0000000000000002 is an unknown value
R15=0x000001a802637c18 points into unknown readable memory: 0x00007ffd619c0af0 | f0 0a 9c 61 fd 7f 00 00

Top of Stack: (sp=0x000000987a6fbd00)
0x000000987a6fbd00:   000001a80750b420 000001a80750b398
0x000000987a6fbd10:   0000000000000000 000000987a6fbe20
0x000000987a6fbd20:   000001a802637c18 00007ffd61660cac
0x000000987a6fbd30:   000000987a6fc100 0000000000000001
0x000000987a6fbd40:   000001a80750b398 000001a8027fcf10
0x000000987a6fbd50:   000000987a6fbe40 000000987a6fc100
0x000000987a6fbd60:   000001a806059550 00007ffd61660b1a
0x000000987a6fbd70:   0000000000000007 0000000000000002
0x000000987a6fbd80:   000001a802637c18 000001a86330c660
0x000000987a6fbd90:   000001a86330c660 0000000000000000
0x000000987a6fbda0:   000000987a6fbed0 0000000000000000
0x000000987a6fbdb0:   0000000000000000 000000987a6fc100
0x000000987a6fbdc0:   000001a8052ffc18 00007ffd6165fc78
0x000000987a6fbdd0:   000000987a6fc100 0000000000000001
0x000000987a6fbde0:   0000009800000002 000000987a6fbe40
0x000000987a6fbdf0:   0000000000000000 0000000000000000
0x000000987a6fbe00:   000001a87abe7da0 0000000000000200
0x000000987a6fbe10:   000001a8076000b0 00000000000001ce
0x000000987a6fbe20:   0000000000000040 000001a803ea68b0
0x000000987a6fbe30:   0000000000000040 000001a87abe7da0
0x000000987a6fbe40:   000001a803ea32d0 000001a803ea6230
0x000000987a6fbe50:   000001a803ea32d0 000001a87abe7da0
0x000000987a6fbe60:   000001a87abe7da0 0000000000000004
0x000000987a6fbe70:   000001a8061c00c8 0000000000000000
0x000000987a6fbe80:   0000000000000000 0000000000000000
0x000000987a6fbe90:   0000000000000000 0000000000000000
0x000000987a6fbea0:   0000000000000000 0000000000000000
0x000000987a6fbeb0:   0000000000000000 0000000000000000
0x000000987a6fbec0:   0000000000000000 0000000000000000
0x000000987a6fbed0:   0000000000000000 0000000000000000
0x000000987a6fbee0:   0000000000000000 0000000000000000
0x000000987a6fbef0:   0000000000000000 0000000000000000 

Instructions: (pc=0x00007ffd6164d749)
0x00007ffd6164d649:   00 41 d3 e0 8b 0a 8b c1 41 0b c0 89 02 41 85 c8
0x00007ffd6164d659:   0f 85 83 00 00 00 8b 73 18 8d 46 01 89 43 18 3b
0x00007ffd6164d669:   73 08 72 0a 8b d6 48 8b cb e8 49 5f 0c 00 48 8b
0x00007ffd6164d679:   43 10 4c 89 3c f0 eb 61 44 8b 77 28 41 8b ee c1
0x00007ffd6164d689:   ed 05 3b 6b 20 72 0b 8b d5 48 8d 4b 20 e8 25 03
0x00007ffd6164d699:   26 00 48 8b 43 28 41 83 e6 1f 48 8d 14 a8 41 0f
0x00007ffd6164d6a9:   b6 ce 41 b8 01 00 00 00 41 d3 e0 8b 0a 41 8b c0
0x00007ffd6164d6b9:   0b c1 89 02 44 85 c1 75 20 8b 73 18 8d 46 01 89
0x00007ffd6164d6c9:   43 18 3b 73 08 72 0a 8b d6 48 8b cb e8 e6 5e 0c
0x00007ffd6164d6d9:   00 48 8b 43 10 48 89 3c f0 48 8b 47 08 48 8b 08
0x00007ffd6164d6e9:   48 8b 41 08 48 8b 38 48 85 ff 0f 85 a7 fe ff ff
0x00007ffd6164d6f9:   4c 8b 74 24 60 48 8b 74 24 58 48 8b 6c 24 50 4c
0x00007ffd6164d709:   8b 7c 24 20 48 83 c4 28 41 5d 41 5c 5f 5b c3 cc
0x00007ffd6164d719:   cc cc cc cc cc cc cc 48 89 5c 24 08 48 89 74 24
0x00007ffd6164d729:   10 57 48 83 ec 20 8b 7a 28 8b 51 20 3b fa 73 0a
0x00007ffd6164d739:   48 8b 59 28 48 8b 1c fb eb 02 33 db 48 83 e3 fe
0x00007ffd6164d749:   48 8b 43 08 48 83 38 00 75 35 8b 43 28 3b c2 73
0x00007ffd6164d759:   0a 48 8b 59 28 48 8b 1c c3 eb 02 33 db 48 83 e3
0x00007ffd6164d769:   fe 4c 8b cb 48 8b 43 08 4c 8b 00 4d 85 c0 74 da
0x00007ffd6164d779:   8b 43 2c 49 8b d8 83 e0 07 3c 05 49 0f 45 d9 48
0x00007ffd6164d789:   8d 71 18 3b fa 72 0a 8b d7 48 8b ce e8 26 5e 0c
0x00007ffd6164d799:   00 48 8b 46 10 48 8d 53 01 48 8b 74 24 38 48 89
0x00007ffd6164d7a9:   14 f8 48 8b c3 48 8b 5c 24 30 48 83 c4 20 5f c3
0x00007ffd6164d7b9:   cc cc cc cc cc cc cc 48 8b 41 08 33 d2 48 8b 00
0x00007ffd6164d7c9:   8b 48 2c 81 e1 ff 01 00 00 81 f9 15 01 00 00 48
0x00007ffd6164d7d9:   0f 45 c2 c3 cc cc cc 8b 42 28 3b 41 20 73 11 8b
0x00007ffd6164d7e9:   d0 48 8b 41 28 48 8b 0c d0 80 e1 01 0f b6 c1 c3
0x00007ffd6164d7f9:   33 c9 80 e1 01 0f b6 c1 c3 cc cc cc cc cc cc cc
0x00007ffd6164d809:   cc cc cc cc cc cc cc 8b 52 28 4c 8b c1 48 8b 81
0x00007ffd6164d819:   c8 00 00 00 4c 8d 0c d0 48 8b 04 d0 48 8b 50 08
0x00007ffd6164d829:   48 83 3a 00 75 24 8b 51 20 8b 48 28 3b ca 73 0a
0x00007ffd6164d839:   49 8b 40 28 48 8b 04 c8 eb 02 33 c0 48 83 e0 fe 


Stack slot to memory mapping:

stack at sp + 0 slots: 0x000001a80750b420 points into unknown readable memory: 0x00007ffd61994618 | 18 46 99 61 fd 7f 00 00
stack at sp + 1 slots: 0x000001a80750b398 points into unknown readable memory: 0x00007ffd61994548 | 48 45 99 61 fd 7f 00 00
stack at sp + 2 slots: 0x0 is null
stack at sp + 3 slots: 0x000000987a6fbe20 is pointing into the stack for thread: 0x000001a87ac211b0
stack at sp + 4 slots: 0x000001a802637c18 points into unknown readable memory: 0x00007ffd619c0af0 | f0 0a 9c 61 fd 7f 00 00
stack at sp + 5 slots: 0x00007ffd61660cac jvm.dll
stack at sp + 6 slots: 0x000000987a6fc100 is pointing into the stack for thread: 0x000001a87ac211b0
stack at sp + 7 slots: 0x0000000000000001 is an unknown value


---------------  P R O C E S S  ---------------

Threads class SMR info:
_java_thread_list=0x000001a802b61e50, length=85, elements={
0x000001a860f06310, 0x000001a87abf21e0, 0x000001a87abf4c50, 0x000001a87abf56b0,
0x000001a87ac1d4f0, 0x000001a87ac1df50, 0x000001a87ac1e9b0, 0x000001a87ac1f410,
0x000001a87ac211b0, 0x000001a87ac3bfa0, 0x000001a87f000080, 0x000001a8014828b0,
0x000001a801e94bb0, 0x000001a801d99b10, 0x000001a801db5540, 0x000001a801c839e0,
0x000001a801d98b50, 0x000001a800920760, 0x000001a800920df0, 0x000001a800921480,
0x000001a800921b10, 0x000001a802056720, 0x000001a802056db0, 0x000001a802058160,
0x000001a802058e80, 0x000001a802059510, 0x000001a802059ba0, 0x000001a80205a230,
0x000001a80205a8c0, 0x000001a802057ad0, 0x000001a802057440, 0x000001a80205b5e0,
0x000001a80205bc70, 0x000001a80205af50, 0x000001a80205c300, 0x000001a80205c990,
0x000001a80205d6b0, 0x000001a80205d020, 0x000001a80205dd40, 0x000001a87f2e3780,
0x000001a87f2e3e10, 0x000001a87f2e51c0, 0x000001a87f2e5850, 0x000001a87f2e7920,
0x000001a87f2e6c00, 0x000001a87f2e44a0, 0x000001a87f2ea710, 0x000001a87f2e9360,
0x000001a87f2e7fb0, 0x000001a87f2e8640, 0x000001a87f2e8cd0, 0x000001a87f2e99f0,
0x000001a87f2ea080, 0x000001a8033bfdf0, 0x000001a8033c0480, 0x000001a8033bea40,
0x000001a8033be3b0, 0x000001a8033bd000, 0x000001a8033bdd20, 0x000001a8033c3900,
0x000001a8033c2be0, 0x000001a8033c3f90, 0x000001a8033c4620, 0x000001a8033c3270,
0x000001a802a65ec0, 0x000001a802a651a0, 0x000001a802a66be0, 0x000001a802a68cb0,
0x000001a802a67270, 0x000001a802a67f90, 0x000001a802a66550, 0x000001a802a67900,
0x000001a802a65830, 0x000001a802a68620, 0x000001a802a69340, 0x000001a802a6a060,
0x000001a802a6baa0, 0x000001a802a6ad80, 0x000001a802a6b410, 0x000001a802a6a6f0,
0x000001a802a6c130, 0x000001a802a6c7c0, 0x000001a8068439b0, 0x000001a80342d750,
0x000001a80342a7a0
}

Java Threads: ( => current thread )
  0x000001a860f06310 JavaThread "main"                              [_thread_blocked, id=5204, stack(0x0000009879700000,0x0000009879800000) (1024K)]
  0x000001a87abf21e0 JavaThread "Common-Cleaner"             daemon [_thread_blocked, id=3116, stack(0x0000009879f00000,0x000000987a000000) (1024K)]
  0x000001a87abf4c50 JavaThread "Reference Handler"          daemon [_thread_blocked, id=9972, stack(0x000000987a000000,0x000000987a100000) (1024K)]
  0x000001a87abf56b0 JavaThread "Finalizer"                  daemon [_thread_blocked, id=17444, stack(0x000000987a100000,0x000000987a200000) (1024K)]
  0x000001a87ac1d4f0 JavaThread "Signal Dispatcher"          daemon [_thread_blocked, id=16844, stack(0x000000987a200000,0x000000987a300000) (1024K)]
  0x000001a87ac1df50 JavaThread "Attach Listener"            daemon [_thread_blocked, id=17572, stack(0x000000987a300000,0x000000987a400000) (1024K)]
  0x000001a87ac1e9b0 JavaThread "Service Thread"             daemon [_thread_blocked, id=3756, stack(0x000000987a400000,0x000000987a500000) (1024K)]
  0x000001a87ac1f410 JavaThread "Monitor Deflation Thread"   daemon [_thread_blocked, id=14096, stack(0x000000987a500000,0x000000987a600000) (1024K)]
=>0x000001a87ac211b0 JavaThread "C2 CompilerThread0"         daemon [_thread_in_native, id=16484, stack(0x000000987a600000,0x000000987a700000) (1024K)]
  0x000001a87ac3bfa0 JavaThread "C1 CompilerThread0"         daemon [_thread_blocked, id=18324, stack(0x000000987a700000,0x000000987a800000) (1024K)]
  0x000001a87f000080 JavaThread "Notification Thread"        daemon [_thread_blocked, id=11136, stack(0x000000987a800000,0x000000987a900000) (1024K)]
  0x000001a8014828b0 JavaThread "Daemon health stats"               [_thread_blocked, id=3012, stack(0x000000987ae00000,0x000000987af00000) (1024K)]
  0x000001a801e94bb0 JavaThread "Incoming local TCP Connector on port 51319"        [_thread_in_native, id=11824, stack(0x000000987b200000,0x000000987b300000) (1024K)]
  0x000001a801d99b10 JavaThread "Daemon periodic checks"            [_thread_blocked, id=2560, stack(0x000000987b300000,0x000000987b400000) (1024K)]
  0x000001a801db5540 JavaThread "Daemon"                            [_thread_blocked, id=17152, stack(0x000000987b400000,0x000000987b500000) (1024K)]
  0x000001a801c839e0 JavaThread "Handler for socket connection from /127.0.0.1:51319 to /127.0.0.1:51320"        [_thread_in_native, id=16668, stack(0x000000987b500000,0x000000987b600000) (1024K)]
  0x000001a801d98b50 JavaThread "Cancel handler"                    [_thread_blocked, id=7272, stack(0x000000987b700000,0x000000987b800000) (1024K)]
  0x000001a800920760 JavaThread "Daemon worker"                     [_thread_in_native, id=15000, stack(0x000000987b800000,0x000000987b900000) (1024K)]
  0x000001a800920df0 JavaThread "Asynchronous log dispatcher for DefaultDaemonConnection: socket connection from /127.0.0.1:51319 to /127.0.0.1:51320"        [_thread_blocked, id=17268, stack(0x000000987b900000,0x000000987ba00000) (1024K)]
  0x000001a800921480 JavaThread "Stdin handler"                     [_thread_blocked, id=15552, stack(0x000000987ba00000,0x000000987bb00000) (1024K)]
  0x000001a800921b10 JavaThread "Daemon client event forwarder"        [_thread_blocked, id=17660, stack(0x000000987bb00000,0x000000987bc00000) (1024K)]
  0x000001a802056720 JavaThread "Cache worker for journal cache (C:\Users\ibtis\.gradle\caches\journal-1)"        [_thread_blocked, id=5256, stack(0x000000987bc00000,0x000000987bd00000) (1024K)]
  0x000001a802056db0 JavaThread "File lock request listener"        [_thread_in_native, id=14128, stack(0x000000987bd00000,0x000000987be00000) (1024K)]
  0x000001a802058160 JavaThread "Cache worker for file hash cache (C:\Users\ibtis\.gradle\caches\8.10.2\fileHashes)"        [_thread_blocked, id=17512, stack(0x000000987be00000,0x000000987bf00000) (1024K)]
  0x000001a802058e80 JavaThread "Cache worker for file hash cache (C:\Users\ibtis\Downloads\TP11_ibtissam\TP11_ibtissam\frontend\.gradle\8.10.2\fileHashes)"        [_thread_blocked, id=14572, stack(0x000000987c000000,0x000000987c100000) (1024K)]
  0x000001a802059510 JavaThread "Cache worker for Build Output Cleanup Cache (C:\Users\ibtis\Downloads\TP11_ibtissam\TP11_ibtissam\frontend\.gradle\buildOutputCleanup)"        [_thread_blocked, id=10332, stack(0x000000987c100000,0x000000987c200000) (1024K)]
  0x000001a802059ba0 JavaThread "File watcher server"        daemon [_thread_in_native, id=7764, stack(0x000000987c200000,0x000000987c300000) (1024K)]
  0x000001a80205a230 JavaThread "File watcher consumer"      daemon [_thread_blocked, id=16940, stack(0x000000987c300000,0x000000987c400000) (1024K)]
  0x000001a80205a8c0 JavaThread "jar transforms"                    [_thread_blocked, id=8948, stack(0x000000987c400000,0x000000987c500000) (1024K)]
  0x000001a802057ad0 JavaThread "jar transforms Thread 2"           [_thread_blocked, id=3872, stack(0x000000987c500000,0x000000987c600000) (1024K)]
  0x000001a802057440 JavaThread "jar transforms Thread 3"           [_thread_blocked, id=16664, stack(0x000000987c600000,0x000000987c700000) (1024K)]
  0x000001a80205b5e0 JavaThread "jar transforms Thread 4"           [_thread_blocked, id=17908, stack(0x000000987c700000,0x000000987c800000) (1024K)]
  0x000001a80205bc70 JavaThread "jar transforms Thread 5"           [_thread_blocked, id=15488, stack(0x000000987c800000,0x000000987c900000) (1024K)]
  0x000001a80205af50 JavaThread "jar transforms Thread 6"           [_thread_blocked, id=8780, stack(0x000000987c900000,0x000000987ca00000) (1024K)]
  0x000001a80205c300 JavaThread "jar transforms Thread 7"           [_thread_blocked, id=9996, stack(0x000000987ca00000,0x000000987cb00000) (1024K)]
  0x000001a80205c990 JavaThread "jar transforms Thread 8"           [_thread_blocked, id=7060, stack(0x000000987cb00000,0x000000987cc00000) (1024K)]
  0x000001a80205d6b0 JavaThread "Cache worker for checksums cache (C:\Users\ibtis\Downloads\TP11_ibtissam\TP11_ibtissam\frontend\.gradle\8.10.2\checksums)"        [_thread_blocked, id=1496, stack(0x000000987cc00000,0x000000987cd00000) (1024K)]
  0x000001a80205d020 JavaThread "Cache worker for file content cache (C:\Users\ibtis\.gradle\caches\8.10.2\fileContent)"        [_thread_blocked, id=9644, stack(0x000000987cd00000,0x000000987ce00000) (1024K)]
  0x000001a80205dd40 JavaThread "Cache worker for cache directory md-rule (C:\Users\ibtis\.gradle\caches\8.10.2\md-rule)"        [_thread_blocked, id=7468, stack(0x000000987ce00000,0x000000987cf00000) (1024K)]
  0x000001a87f2e3780 JavaThread "Cache worker for cache directory md-supplier (C:\Users\ibtis\.gradle\caches\8.10.2\md-supplier)"        [_thread_blocked, id=17648, stack(0x000000987cf00000,0x000000987d000000) (1024K)]
  0x000001a87f2e3e10 JavaThread "Unconstrained build operations"        [_thread_blocked, id=10660, stack(0x000000987bf00000,0x000000987c000000) (1024K)]
  0x000001a87f2e51c0 JavaThread "Unconstrained build operations Thread 2"        [_thread_blocked, id=18104, stack(0x000000987d000000,0x000000987d100000) (1024K)]
  0x000001a87f2e5850 JavaThread "Unconstrained build operations Thread 3"        [_thread_blocked, id=18208, stack(0x000000987d100000,0x000000987d200000) (1024K)]
  0x000001a87f2e7920 JavaThread "Unconstrained build operations Thread 4"        [_thread_blocked, id=1944, stack(0x000000987d200000,0x000000987d300000) (1024K)]
  0x000001a87f2e6c00 JavaThread "Unconstrained build operations Thread 5"        [_thread_blocked, id=13728, stack(0x000000987d400000,0x000000987d500000) (1024K)]
  0x000001a87f2e44a0 JavaThread "Unconstrained build operations Thread 6"        [_thread_blocked, id=18316, stack(0x000000987d500000,0x000000987d600000) (1024K)]
  0x000001a87f2ea710 JavaThread "Unconstrained build operations Thread 7"        [_thread_blocked, id=8304, stack(0x000000987d600000,0x000000987d700000) (1024K)]
  0x000001a87f2e9360 JavaThread "Unconstrained build operations Thread 8"        [_thread_blocked, id=17944, stack(0x000000987d700000,0x000000987d800000) (1024K)]
  0x000001a87f2e7fb0 JavaThread "Unconstrained build operations Thread 9"        [_thread_blocked, id=17504, stack(0x000000987d800000,0x000000987d900000) (1024K)]
  0x000001a87f2e8640 JavaThread "Unconstrained build operations Thread 10"        [_thread_blocked, id=15576, stack(0x000000987d900000,0x000000987da00000) (1024K)]
  0x000001a87f2e8cd0 JavaThread "Unconstrained build operations Thread 11"        [_thread_blocked, id=10960, stack(0x000000987da00000,0x000000987db00000) (1024K)]
  0x000001a87f2e99f0 JavaThread "Unconstrained build operations Thread 12"        [_thread_blocked, id=9928, stack(0x000000987db00000,0x000000987dc00000) (1024K)]
  0x000001a87f2ea080 JavaThread "Unconstrained build operations Thread 13"        [_thread_blocked, id=10276, stack(0x000000987dc00000,0x000000987dd00000) (1024K)]
  0x000001a8033bfdf0 JavaThread "Unconstrained build operations Thread 14"        [_thread_blocked, id=18392, stack(0x000000987dd00000,0x000000987de00000) (1024K)]
  0x000001a8033c0480 JavaThread "Unconstrained build operations Thread 15"        [_thread_blocked, id=15916, stack(0x000000987de00000,0x000000987df00000) (1024K)]
  0x000001a8033bea40 JavaThread "Unconstrained build operations Thread 16"        [_thread_blocked, id=296, stack(0x000000987df00000,0x000000987e000000) (1024K)]
  0x000001a8033be3b0 JavaThread "Unconstrained build operations Thread 17"        [_thread_blocked, id=5356, stack(0x000000987e000000,0x000000987e100000) (1024K)]
  0x000001a8033bd000 JavaThread "Unconstrained build operations Thread 18"        [_thread_blocked, id=12568, stack(0x000000987e100000,0x000000987e200000) (1024K)]
  0x000001a8033bdd20 JavaThread "Unconstrained build operations Thread 19"        [_thread_blocked, id=8820, stack(0x000000987d300000,0x000000987d400000) (1024K)]
  0x000001a8033c3900 JavaThread "Unconstrained build operations Thread 20"        [_thread_blocked, id=8636, stack(0x000000987e200000,0x000000987e300000) (1024K)]
  0x000001a8033c2be0 JavaThread "Unconstrained build operations Thread 21"        [_thread_blocked, id=11548, stack(0x000000987e300000,0x000000987e400000) (1024K)]
  0x000001a8033c3f90 JavaThread "Unconstrained build operations Thread 22"        [_thread_blocked, id=2172, stack(0x000000987e500000,0x000000987e600000) (1024K)]
  0x000001a8033c4620 JavaThread "Unconstrained build operations Thread 23"        [_thread_blocked, id=13948, stack(0x000000987e600000,0x000000987e700000) (1024K)]
  0x000001a8033c3270 JavaThread "Unconstrained build operations Thread 24"        [_thread_blocked, id=9084, stack(0x000000987e700000,0x000000987e800000) (1024K)]
  0x000001a802a65ec0 JavaThread "Unconstrained build operations Thread 25"        [_thread_blocked, id=11316, stack(0x000000987e800000,0x000000987e900000) (1024K)]
  0x000001a802a651a0 JavaThread "Unconstrained build operations Thread 26"        [_thread_blocked, id=6012, stack(0x000000987e900000,0x000000987ea00000) (1024K)]
  0x000001a802a66be0 JavaThread "Unconstrained build operations Thread 27"        [_thread_blocked, id=17808, stack(0x000000987ea00000,0x000000987eb00000) (1024K)]
  0x000001a802a68cb0 JavaThread "Unconstrained build operations Thread 28"        [_thread_blocked, id=2944, stack(0x000000987eb00000,0x000000987ec00000) (1024K)]
  0x000001a802a67270 JavaThread "Unconstrained build operations Thread 29"        [_thread_blocked, id=6284, stack(0x000000987ec00000,0x000000987ed00000) (1024K)]
  0x000001a802a67f90 JavaThread "Unconstrained build operations Thread 30"        [_thread_blocked, id=6192, stack(0x000000987ed00000,0x000000987ee00000) (1024K)]
  0x000001a802a66550 JavaThread "Unconstrained build operations Thread 31"        [_thread_blocked, id=11520, stack(0x000000987ee00000,0x000000987ef00000) (1024K)]
  0x000001a802a67900 JavaThread "Unconstrained build operations Thread 32"        [_thread_blocked, id=4764, stack(0x000000987ef00000,0x000000987f000000) (1024K)]
  0x000001a802a65830 JavaThread "Unconstrained build operations Thread 33"        [_thread_blocked, id=17064, stack(0x000000987f000000,0x000000987f100000) (1024K)]
  0x000001a802a68620 JavaThread "Unconstrained build operations Thread 34"        [_thread_blocked, id=18272, stack(0x000000987f100000,0x000000987f200000) (1024K)]
  0x000001a802a69340 JavaThread "Unconstrained build operations Thread 35"        [_thread_blocked, id=5644, stack(0x000000987f200000,0x000000987f300000) (1024K)]
  0x000001a802a6a060 JavaThread "Unconstrained build operations Thread 36"        [_thread_blocked, id=14788, stack(0x000000987f300000,0x000000987f400000) (1024K)]
  0x000001a802a6baa0 JavaThread "Unconstrained build operations Thread 37"        [_thread_blocked, id=17460, stack(0x000000987f400000,0x000000987f500000) (1024K)]
  0x000001a802a6ad80 JavaThread "Unconstrained build operations Thread 38"        [_thread_blocked, id=18068, stack(0x000000987f500000,0x000000987f600000) (1024K)]
  0x000001a802a6b410 JavaThread "Unconstrained build operations Thread 39"        [_thread_blocked, id=16836, stack(0x000000987f600000,0x000000987f700000) (1024K)]
  0x000001a802a6a6f0 JavaThread "Unconstrained build operations Thread 40"        [_thread_blocked, id=17028, stack(0x000000987f700000,0x000000987f800000) (1024K)]
  0x000001a802a6c130 JavaThread "Unconstrained build operations Thread 41"        [_thread_blocked, id=12336, stack(0x000000987f800000,0x000000987f900000) (1024K)]
  0x000001a802a6c7c0 JavaThread "Unconstrained build operations Thread 42"        [_thread_blocked, id=1676, stack(0x000000987f900000,0x000000987fa00000) (1024K)]
  0x000001a8068439b0 JavaThread "Memory manager"                    [_thread_blocked, id=16388, stack(0x000000987a900000,0x000000987aa00000) (1024K)]
  0x000001a80342d750 JavaThread "C2 CompilerThread1"         daemon [_thread_blocked, id=7448, stack(0x000000987e400000,0x000000987e500000) (1024K)]
  0x000001a80342a7a0 JavaThread "C2 CompilerThread2"         daemon [_thread_blocked, id=4228, stack(0x000000987fa00000,0x000000987fb00000) (1024K)]
Total: 85

Other Threads:
  0x000001a87a9f04a0 VMThread "VM Thread"                           [id=1168, stack(0x0000009879e00000,0x0000009879f00000) (1024K)]
  0x000001a87a9dfae0 WatcherThread "VM Periodic Task Thread"        [id=18404, stack(0x0000009879d00000,0x0000009879e00000) (1024K)]
  0x000001a863363ce0 WorkerThread "GC Thread#0"                     [id=7500, stack(0x0000009879800000,0x0000009879900000) (1024K)]
  0x000001a87f4441c0 WorkerThread "GC Thread#1"                     [id=17576, stack(0x000000987aa00000,0x000000987ab00000) (1024K)]
  0x000001a87f444560 WorkerThread "GC Thread#2"                     [id=16376, stack(0x000000987ab00000,0x000000987ac00000) (1024K)]
  0x000001a87f444900 WorkerThread "GC Thread#3"                     [id=6844, stack(0x000000987ac00000,0x000000987ad00000) (1024K)]
  0x000001a80065f2e0 WorkerThread "GC Thread#4"                     [id=16908, stack(0x000000987ad00000,0x000000987ae00000) (1024K)]
  0x000001a8009b4a40 WorkerThread "GC Thread#5"                     [id=2280, stack(0x000000987af00000,0x000000987b000000) (1024K)]
  0x000001a8009b4de0 WorkerThread "GC Thread#6"                     [id=14236, stack(0x000000987b000000,0x000000987b100000) (1024K)]
  0x000001a8009b3bc0 WorkerThread "GC Thread#7"                     [id=11620, stack(0x000000987b100000,0x000000987b200000) (1024K)]
  0x000001a863374bd0 ConcurrentGCThread "G1 Main Marker"            [id=13924, stack(0x0000009879900000,0x0000009879a00000) (1024K)]
  0x000001a863376420 WorkerThread "G1 Conc#0"                       [id=16436, stack(0x0000009879a00000,0x0000009879b00000) (1024K)]
  0x000001a8009b3480 WorkerThread "G1 Conc#1"                       [id=9648, stack(0x000000987b600000,0x000000987b700000) (1024K)]
  0x000001a87a8ae610 ConcurrentGCThread "G1 Refine#0"               [id=7368, stack(0x0000009879b00000,0x0000009879c00000) (1024K)]
  0x000001a87a8aee30 ConcurrentGCThread "G1 Service"                [id=8144, stack(0x0000009879c00000,0x0000009879d00000) (1024K)]
Total: 15

Threads with active compile tasks:
C2 CompilerThread0  20186 10886       4       com.google.common.cache.LocalCache$LocalManualCache::get (23 bytes)
Total: 1

VM state: not at safepoint (normal execution)

VM Mutex/Monitor currently owned by a thread: None

Heap address: 0x0000000080000000, size: 2048 MB, Compressed Oops mode: 32-bit

CDS archive(s) not mapped
Compressed class space mapped at: 0x0000000100000000-0x0000000140000000, reserved size: 1073741824
Narrow klass base: 0x0000000000000000, Narrow klass shift: 3, Narrow klass range: 0x140000000

GC Precious Log:
 CardTable entry size: 512
 Card Set container configuration: InlinePtr #cards 5 size 8 Array Of Cards #cards 12 size 40 Howl #buckets 4 coarsen threshold 1843 Howl Bitmap #cards 512 size 80 coarsen threshold 460 Card regions per heap region 1 cards per card region 2048
 CPUs: 8 total, 8 available
 Memory: 12092M
 Large Page Support: Disabled
 NUMA Support: Disabled
 Compressed Oops: Enabled (32-bit)
 Heap Region Size: 1M
 Heap Min Capacity: 8M
 Heap Initial Capacity: 190M
 Heap Max Capacity: 2G
 Pre-touch: Disabled
 Parallel Workers: 8
 Concurrent Workers: 2
 Concurrent Refinement Workers: 8
 Periodic GC: Disabled

Heap:
 garbage-first heap   total 185344K, used 116583K [0x0000000080000000, 0x0000000100000000)
  region size 1024K, 5 young (5120K), 4 survivors (4096K)
 Metaspace       used 98276K, committed 100416K, reserved 1179648K
  class space    used 13855K, committed 14912K, reserved 1048576K

Heap Regions: E=young(eden), S=young(survivor), O=old, HS=humongous(starts), HC=humongous(continues), CS=collection set, F=free, TAMS=top-at-mark-start, PB=parsable bottom
|   0|0x0000000080000000, 0x0000000080100000, 0x0000000080100000|100%|HS|  |TAMS 0x0000000080100000| PB 0x0000000080000000| Complete 
|   1|0x0000000080100000, 0x0000000080200000, 0x0000000080200000|100%|HC|  |TAMS 0x0000000080200000| PB 0x0000000080100000| Complete 
|   2|0x0000000080200000, 0x0000000080300000, 0x0000000080300000|100%|HC|  |TAMS 0x0000000080300000| PB 0x0000000080200000| Complete 
|   3|0x0000000080300000, 0x0000000080400000, 0x0000000080400000|100%|HC|  |TAMS 0x0000000080400000| PB 0x0000000080300000| Complete 
|   4|0x0000000080400000, 0x0000000080500000, 0x0000000080500000|100%| O|  |TAMS 0x0000000080500000| PB 0x0000000080400000| Untracked 
|   5|0x0000000080500000, 0x0000000080600000, 0x0000000080600000|100%| O|  |TAMS 0x0000000080600000| PB 0x0000000080500000| Untracked 
|   6|0x0000000080600000, 0x0000000080700000, 0x0000000080700000|100%| O|  |TAMS 0x0000000080700000| PB 0x0000000080600000| Untracked 
|   7|0x0000000080700000, 0x0000000080800000, 0x0000000080800000|100%|HS|  |TAMS 0x0000000080800000| PB 0x0000000080700000| Complete 
|   8|0x0000000080800000, 0x0000000080900000, 0x0000000080900000|100%| O|  |TAMS 0x0000000080900000| PB 0x0000000080800000| Untracked 
|   9|0x0000000080900000, 0x0000000080a00000, 0x0000000080a00000|100%| O|  |TAMS 0x0000000080a00000| PB 0x0000000080900000| Untracked 
|  10|0x0000000080a00000, 0x0000000080b00000, 0x0000000080b00000|100%| O|  |TAMS 0x0000000080b00000| PB 0x0000000080a00000| Untracked 
|  11|0x0000000080b00000, 0x0000000080c00000, 0x0000000080c00000|100%| O|  |TAMS 0x0000000080c00000| PB 0x0000000080b00000| Untracked 
|  12|0x0000000080c00000, 0x0000000080d00000, 0x0000000080d00000|100%| O|  |TAMS 0x0000000080d00000| PB 0x0000000080c00000| Untracked 
|  13|0x0000000080d00000, 0x0000000080e00000, 0x0000000080e00000|100%| O|  |TAMS 0x0000000080e00000| PB 0x0000000080d00000| Untracked 
|  14|0x0000000080e00000, 0x0000000080f00000, 0x0000000080f00000|100%| O|  |TAMS 0x0000000080f00000| PB 0x0000000080e00000| Untracked 
|  15|0x0000000080f00000, 0x0000000081000000, 0x0000000081000000|100%| O|  |TAMS 0x0000000081000000| PB 0x0000000080f00000| Untracked 
|  16|0x0000000081000000, 0x0000000081100000, 0x0000000081100000|100%| O|  |TAMS 0x0000000081100000| PB 0x0000000081000000| Untracked 
|  17|0x0000000081100000, 0x0000000081200000, 0x0000000081200000|100%| O|  |TAMS 0x0000000081200000| PB 0x0000000081100000| Untracked 
|  18|0x0000000081200000, 0x0000000081300000, 0x0000000081300000|100%| O|  |TAMS 0x0000000081300000| PB 0x0000000081200000| Untracked 
|  19|0x0000000081300000, 0x0000000081400000, 0x0000000081400000|100%| O|  |TAMS 0x0000000081400000| PB 0x0000000081300000| Untracked 
|  20|0x0000000081400000, 0x0000000081500000, 0x0000000081500000|100%| O|  |TAMS 0x0000000081500000| PB 0x0000000081400000| Untracked 
|  21|0x0000000081500000, 0x0000000081600000, 0x0000000081600000|100%| O|  |TAMS 0x0000000081600000| PB 0x0000000081500000| Untracked 
|  22|0x0000000081600000, 0x0000000081700000, 0x0000000081700000|100%| O|  |TAMS 0x0000000081700000| PB 0x0000000081600000| Untracked 
|  23|0x0000000081700000, 0x0000000081800000, 0x0000000081800000|100%|HS|  |TAMS 0x0000000081800000| PB 0x0000000081700000| Complete 
|  24|0x0000000081800000, 0x0000000081900000, 0x0000000081900000|100%|HC|  |TAMS 0x0000000081900000| PB 0x0000000081800000| Complete 
|  25|0x0000000081900000, 0x0000000081a00000, 0x0000000081a00000|100%|HC|  |TAMS 0x0000000081a00000| PB 0x0000000081900000| Complete 
|  26|0x0000000081a00000, 0x0000000081b00000, 0x0000000081b00000|100%|HC|  |TAMS 0x0000000081b00000| PB 0x0000000081a00000| Complete 
|  27|0x0000000081b00000, 0x0000000081c00000, 0x0000000081c00000|100%|HC|  |TAMS 0x0000000081c00000| PB 0x0000000081b00000| Complete 
|  28|0x0000000081c00000, 0x0000000081d00000, 0x0000000081d00000|100%|HC|  |TAMS 0x0000000081d00000| PB 0x0000000081c00000| Complete 
|  29|0x0000000081d00000, 0x0000000081e00000, 0x0000000081e00000|100%|HS|  |TAMS 0x0000000081e00000| PB 0x0000000081d00000| Complete 
|  30|0x0000000081e00000, 0x0000000081f00000, 0x0000000081f00000|100%|HC|  |TAMS 0x0000000081f00000| PB 0x0000000081e00000| Complete 
|  31|0x0000000081f00000, 0x0000000082000000, 0x0000000082000000|100%|HS|  |TAMS 0x0000000082000000| PB 0x0000000081f00000| Complete 
|  32|0x0000000082000000, 0x0000000082100000, 0x0000000082100000|100%|HS|  |TAMS 0x0000000082100000| PB 0x0000000082000000| Complete 
|  33|0x0000000082100000, 0x0000000082200000, 0x0000000082200000|100%|HC|  |TAMS 0x0000000082200000| PB 0x0000000082100000| Complete 
|  34|0x0000000082200000, 0x0000000082300000, 0x0000000082300000|100%|HC|  |TAMS 0x0000000082300000| PB 0x0000000082200000| Complete 
|  35|0x0000000082300000, 0x0000000082400000, 0x0000000082400000|100%|HC|  |TAMS 0x0000000082400000| PB 0x0000000082300000| Complete 
|  36|0x0000000082400000, 0x0000000082500000, 0x0000000082500000|100%|HC|  |TAMS 0x0000000082500000| PB 0x0000000082400000| Complete 
|  37|0x0000000082500000, 0x0000000082600000, 0x0000000082600000|100%|HC|  |TAMS 0x0000000082600000| PB 0x0000000082500000| Complete 
|  38|0x0000000082600000, 0x0000000082700000, 0x0000000082700000|100%|HS|  |TAMS 0x0000000082700000| PB 0x0000000082600000| Complete 
|  39|0x0000000082700000, 0x0000000082800000, 0x0000000082800000|100%|HC|  |TAMS 0x0000000082800000| PB 0x0000000082700000| Complete 
|  40|0x0000000082800000, 0x0000000082900000, 0x0000000082900000|100%|HS|  |TAMS 0x0000000082900000| PB 0x0000000082800000| Complete 
|  41|0x0000000082900000, 0x0000000082a00000, 0x0000000082a00000|100%| O|  |TAMS 0x0000000082a00000| PB 0x0000000082900000| Untracked 
|  42|0x0000000082a00000, 0x0000000082b00000, 0x0000000082b00000|100%| O|  |TAMS 0x0000000082b00000| PB 0x0000000082a00000| Untracked 
|  43|0x0000000082b00000, 0x0000000082c00000, 0x0000000082c00000|100%| O|  |TAMS 0x0000000082c00000| PB 0x0000000082b00000| Untracked 
|  44|0x0000000082c00000, 0x0000000082d00000, 0x0000000082d00000|100%| O|  |TAMS 0x0000000082c00000| PB 0x0000000082c00000| Untracked 
|  45|0x0000000082d00000, 0x0000000082e00000, 0x0000000082e00000|100%| O|  |TAMS 0x0000000082e00000| PB 0x0000000082d00000| Untracked 
|  46|0x0000000082e00000, 0x0000000082f00000, 0x0000000082f00000|100%| O|  |TAMS 0x0000000082f00000| PB 0x0000000082e00000| Untracked 
|  47|0x0000000082f00000, 0x0000000083000000, 0x0000000083000000|100%| O|  |TAMS 0x0000000083000000| PB 0x0000000082f00000| Untracked 
|  48|0x0000000083000000, 0x0000000083100000, 0x0000000083100000|100%| O|  |TAMS 0x0000000083100000| PB 0x0000000083000000| Untracked 
|  49|0x0000000083100000, 0x0000000083200000, 0x0000000083200000|100%| O|  |TAMS 0x0000000083200000| PB 0x0000000083100000| Untracked 
|  50|0x0000000083200000, 0x0000000083300000, 0x0000000083300000|100%| O|  |TAMS 0x0000000083300000| PB 0x0000000083200000| Untracked 
|  51|0x0000000083300000, 0x0000000083400000, 0x0000000083400000|100%| O|  |TAMS 0x0000000083400000| PB 0x0000000083300000| Untracked 
|  52|0x0000000083400000, 0x0000000083500000, 0x0000000083500000|100%| O|  |TAMS 0x0000000083500000| PB 0x0000000083400000| Untracked 
|  53|0x0000000083500000, 0x0000000083600000, 0x0000000083600000|100%|HS|  |TAMS 0x0000000083600000| PB 0x0000000083500000| Complete 
|  54|0x0000000083600000, 0x0000000083700000, 0x0000000083700000|100%|HC|  |TAMS 0x0000000083700000| PB 0x0000000083600000| Complete 
|  55|0x0000000083700000, 0x0000000083800000, 0x0000000083800000|100%| O|  |TAMS 0x0000000083800000| PB 0x0000000083700000| Untracked 
|  56|0x0000000083800000, 0x0000000083900000, 0x0000000083900000|100%| O|  |TAMS 0x0000000083900000| PB 0x0000000083800000| Untracked 
|  57|0x0000000083900000, 0x0000000083a00000, 0x0000000083a00000|100%| O|  |TAMS 0x0000000083a00000| PB 0x0000000083900000| Untracked 
|  58|0x0000000083a00000, 0x0000000083b00000, 0x0000000083b00000|100%| O|  |TAMS 0x0000000083b00000| PB 0x0000000083a00000| Untracked 
|  59|0x0000000083b00000, 0x0000000083c00000, 0x0000000083c00000|100%| O|  |TAMS 0x0000000083c00000| PB 0x0000000083b00000| Untracked 
|  60|0x0000000083c00000, 0x0000000083d00000, 0x0000000083d00000|100%|HS|  |TAMS 0x0000000083d00000| PB 0x0000000083c00000| Complete 
|  61|0x0000000083d00000, 0x0000000083e00000, 0x0000000083e00000|100%| O|  |TAMS 0x0000000083e00000| PB 0x0000000083d00000| Untracked 
|  62|0x0000000083e00000, 0x0000000083f00000, 0x0000000083f00000|100%| O|  |TAMS 0x0000000083f00000| PB 0x0000000083e00000| Untracked 
|  63|0x0000000083f00000, 0x0000000084000000, 0x0000000084000000|100%| O|  |TAMS 0x0000000084000000| PB 0x0000000083f00000| Untracked 
|  64|0x0000000084000000, 0x0000000084100000, 0x0000000084100000|100%|HS|  |TAMS 0x0000000084100000| PB 0x0000000084000000| Complete 
|  65|0x0000000084100000, 0x0000000084200000, 0x0000000084200000|100%|HS|  |TAMS 0x0000000084200000| PB 0x0000000084100000| Complete 
|  66|0x0000000084200000, 0x0000000084300000, 0x0000000084300000|100%| O|  |TAMS 0x0000000084300000| PB 0x0000000084200000| Untracked 
|  67|0x0000000084300000, 0x0000000084400000, 0x0000000084400000|100%| O|  |TAMS 0x0000000084400000| PB 0x0000000084300000| Untracked 
|  68|0x0000000084400000, 0x0000000084500000, 0x0000000084500000|100%| O|  |TAMS 0x0000000084500000| PB 0x0000000084400000| Untracked 
|  69|0x0000000084500000, 0x0000000084600000, 0x0000000084600000|100%| O|  |TAMS 0x0000000084600000| PB 0x0000000084500000| Untracked 
|  70|0x0000000084600000, 0x0000000084700000, 0x0000000084700000|100%| O|  |TAMS 0x0000000084700000| PB 0x0000000084600000| Untracked 
|  71|0x0000000084700000, 0x0000000084800000, 0x0000000084800000|100%| O|  |TAMS 0x0000000084800000| PB 0x0000000084700000| Untracked 
|  72|0x0000000084800000, 0x0000000084900000, 0x0000000084900000|100%| O|  |TAMS 0x0000000084900000| PB 0x0000000084800000| Untracked 
|  73|0x0000000084900000, 0x0000000084a00000, 0x0000000084a00000|100%| O|  |TAMS 0x0000000084a00000| PB 0x0000000084900000| Untracked 
|  74|0x0000000084a00000, 0x0000000084b00000, 0x0000000084b00000|100%|HS|  |TAMS 0x0000000084b00000| PB 0x0000000084a00000| Complete 
|  75|0x0000000084b00000, 0x0000000084c00000, 0x0000000084c00000|100%|HS|  |TAMS 0x0000000084c00000| PB 0x0000000084b00000| Complete 
|  76|0x0000000084c00000, 0x0000000084d00000, 0x0000000084d00000|100%| O|  |TAMS 0x0000000084d00000| PB 0x0000000084c00000| Untracked 
|  77|0x0000000084d00000, 0x0000000084e00000, 0x0000000084e00000|100%|HS|  |TAMS 0x0000000084e00000| PB 0x0000000084d00000| Complete 
|  78|0x0000000084e00000, 0x0000000084f00000, 0x0000000084f00000|100%| O|  |TAMS 0x0000000084f00000| PB 0x0000000084e00000| Untracked 
|  79|0x0000000084f00000, 0x0000000085000000, 0x0000000085000000|100%| O|  |TAMS 0x0000000085000000| PB 0x0000000084f00000| Untracked 
|  80|0x0000000085000000, 0x0000000085100000, 0x0000000085100000|100%| O|  |TAMS 0x0000000085100000| PB 0x0000000085000000| Untracked 
|  81|0x0000000085100000, 0x0000000085200000, 0x0000000085200000|100%| O|  |TAMS 0x0000000085200000| PB 0x0000000085100000| Untracked 
|  82|0x0000000085200000, 0x0000000085300000, 0x0000000085300000|100%| O|  |TAMS 0x0000000085300000| PB 0x0000000085200000| Untracked 
|  83|0x0000000085300000, 0x0000000085400000, 0x0000000085400000|100%| O|  |TAMS 0x00000000853b22a8| PB 0x0000000085300000| Untracked 
|  84|0x0000000085400000, 0x0000000085500000, 0x0000000085500000|100%| O|  |TAMS 0x0000000085400000| PB 0x0000000085400000| Untracked 
|  85|0x0000000085500000, 0x0000000085600000, 0x0000000085600000|100%| O|  |TAMS 0x0000000085500000| PB 0x0000000085500000| Untracked 
|  86|0x0000000085600000, 0x0000000085700000, 0x0000000085700000|100%|HS|  |TAMS 0x0000000085600000| PB 0x0000000085600000| Complete 
|  87|0x0000000085700000, 0x0000000085800000, 0x0000000085800000|100%|HC|  |TAMS 0x0000000085700000| PB 0x0000000085700000| Complete 
|  88|0x0000000085800000, 0x0000000085800000, 0x0000000085900000|  0%| F|  |TAMS 0x0000000085800000| PB 0x0000000085800000| Untracked 
|  89|0x0000000085900000, 0x0000000085a00000, 0x0000000085a00000|100%|HS|  |TAMS 0x0000000085a00000| PB 0x0000000085900000| Complete 
|  90|0x0000000085a00000, 0x0000000085b00000, 0x0000000085b00000|100%| O|  |TAMS 0x0000000085b00000| PB 0x0000000085a00000| Untracked 
|  91|0x0000000085b00000, 0x0000000085c00000, 0x0000000085c00000|100%| O|  |TAMS 0x0000000085c00000| PB 0x0000000085b00000| Untracked 
|  92|0x0000000085c00000, 0x0000000085d00000, 0x0000000085d00000|100%| O|  |TAMS 0x0000000085d00000| PB 0x0000000085c00000| Untracked 
|  93|0x0000000085d00000, 0x0000000085e00000, 0x0000000085e00000|100%| O|  |TAMS 0x0000000085e00000| PB 0x0000000085d00000| Untracked 
|  94|0x0000000085e00000, 0x0000000085f00000, 0x0000000085f00000|100%| O|  |TAMS 0x0000000085f00000| PB 0x0000000085e00000| Untracked 
|  95|0x0000000085f00000, 0x0000000086000000, 0x0000000086000000|100%| O|  |TAMS 0x0000000086000000| PB 0x0000000085f00000| Untracked 
|  96|0x0000000086000000, 0x0000000086100000, 0x0000000086100000|100%| O|  |TAMS 0x0000000086000000| PB 0x0000000086000000| Untracked 
|  97|0x0000000086100000, 0x0000000086100000, 0x0000000086200000|  0%| F|  |TAMS 0x0000000086100000| PB 0x0000000086100000| Untracked 
|  98|0x0000000086200000, 0x0000000086200000, 0x0000000086300000|  0%| F|  |TAMS 0x0000000086200000| PB 0x0000000086200000| Untracked 
|  99|0x0000000086300000, 0x0000000086300000, 0x0000000086400000|  0%| F|  |TAMS 0x0000000086300000| PB 0x0000000086300000| Untracked 
| 100|0x0000000086400000, 0x0000000086400000, 0x0000000086500000|  0%| F|  |TAMS 0x0000000086400000| PB 0x0000000086400000| Untracked 
| 101|0x0000000086500000, 0x0000000086500000, 0x0000000086600000|  0%| F|  |TAMS 0x0000000086500000| PB 0x0000000086500000| Untracked 
| 102|0x0000000086600000, 0x0000000086600000, 0x0000000086700000|  0%| F|  |TAMS 0x0000000086600000| PB 0x0000000086600000| Untracked 
| 103|0x0000000086700000, 0x0000000086700000, 0x0000000086800000|  0%| F|  |TAMS 0x0000000086700000| PB 0x0000000086700000| Untracked 
| 104|0x0000000086800000, 0x0000000086800000, 0x0000000086900000|  0%| F|  |TAMS 0x0000000086800000| PB 0x0000000086800000| Untracked 
| 105|0x0000000086900000, 0x0000000086900000, 0x0000000086a00000|  0%| F|  |TAMS 0x0000000086900000| PB 0x0000000086900000| Untracked 
| 106|0x0000000086a00000, 0x0000000086a00000, 0x0000000086b00000|  0%| F|  |TAMS 0x0000000086a00000| PB 0x0000000086a00000| Untracked 
| 107|0x0000000086b00000, 0x0000000086b00000, 0x0000000086c00000|  0%| F|  |TAMS 0x0000000086b00000| PB 0x0000000086b00000| Untracked 
| 108|0x0000000086c00000, 0x0000000086c00000, 0x0000000086d00000|  0%| F|  |TAMS 0x0000000086c00000| PB 0x0000000086c00000| Untracked 
| 109|0x0000000086d00000, 0x0000000086d00000, 0x0000000086e00000|  0%| F|  |TAMS 0x0000000086d00000| PB 0x0000000086d00000| Untracked 
| 110|0x0000000086e00000, 0x0000000086e00000, 0x0000000086f00000|  0%| F|  |TAMS 0x0000000086e00000| PB 0x0000000086e00000| Untracked 
| 111|0x0000000086f00000, 0x0000000086f00000, 0x0000000087000000|  0%| F|  |TAMS 0x0000000086f00000| PB 0x0000000086f00000| Untracked 
| 112|0x0000000087000000, 0x0000000087000000, 0x0000000087100000|  0%| F|  |TAMS 0x0000000087000000| PB 0x0000000087000000| Untracked 
| 113|0x0000000087100000, 0x0000000087100000, 0x0000000087200000|  0%| F|  |TAMS 0x0000000087100000| PB 0x0000000087100000| Untracked 
| 114|0x0000000087200000, 0x0000000087200000, 0x0000000087300000|  0%| F|  |TAMS 0x0000000087200000| PB 0x0000000087200000| Untracked 
| 115|0x0000000087300000, 0x0000000087300000, 0x0000000087400000|  0%| F|  |TAMS 0x0000000087300000| PB 0x0000000087300000| Untracked 
| 116|0x0000000087400000, 0x0000000087400000, 0x0000000087500000|  0%| F|  |TAMS 0x0000000087400000| PB 0x0000000087400000| Untracked 
| 117|0x0000000087500000, 0x0000000087500000, 0x0000000087600000|  0%| F|  |TAMS 0x0000000087500000| PB 0x0000000087500000| Untracked 
| 118|0x0000000087600000, 0x0000000087600000, 0x0000000087700000|  0%| F|  |TAMS 0x0000000087600000| PB 0x0000000087600000| Untracked 
| 119|0x0000000087700000, 0x0000000087700000, 0x0000000087800000|  0%| F|  |TAMS 0x0000000087700000| PB 0x0000000087700000| Untracked 
| 120|0x0000000087800000, 0x0000000087800000, 0x0000000087900000|  0%| F|  |TAMS 0x0000000087800000| PB 0x0000000087800000| Untracked 
| 121|0x0000000087900000, 0x0000000087900000, 0x0000000087a00000|  0%| F|  |TAMS 0x0000000087900000| PB 0x0000000087900000| Untracked 
| 122|0x0000000087a00000, 0x0000000087a00000, 0x0000000087b00000|  0%| F|  |TAMS 0x0000000087a00000| PB 0x0000000087a00000| Untracked 
| 123|0x0000000087b00000, 0x0000000087b00000, 0x0000000087c00000|  0%| F|  |TAMS 0x0000000087b00000| PB 0x0000000087b00000| Untracked 
| 124|0x0000000087c00000, 0x0000000087c00000, 0x0000000087d00000|  0%| F|  |TAMS 0x0000000087c00000| PB 0x0000000087c00000| Untracked 
| 125|0x0000000087d00000, 0x0000000087dd9c20, 0x0000000087e00000| 85%| S|CS|TAMS 0x0000000087d00000| PB 0x0000000087d00000| Complete 
| 126|0x0000000087e00000, 0x0000000087f00000, 0x0000000087f00000|100%| S|CS|TAMS 0x0000000087e00000| PB 0x0000000087e00000| Complete 
| 127|0x0000000087f00000, 0x0000000088000000, 0x0000000088000000|100%| S|CS|TAMS 0x0000000087f00000| PB 0x0000000087f00000| Complete 
| 128|0x0000000088000000, 0x0000000088100000, 0x0000000088100000|100%| S|CS|TAMS 0x0000000088000000| PB 0x0000000088000000| Complete 
| 129|0x0000000088100000, 0x0000000088100000, 0x0000000088200000|  0%| F|  |TAMS 0x0000000088100000| PB 0x0000000088100000| Untracked 
| 130|0x0000000088200000, 0x0000000088200000, 0x0000000088300000|  0%| F|  |TAMS 0x0000000088200000| PB 0x0000000088200000| Untracked 
| 131|0x0000000088300000, 0x0000000088300000, 0x0000000088400000|  0%| F|  |TAMS 0x0000000088300000| PB 0x0000000088300000| Untracked 
| 132|0x0000000088400000, 0x0000000088400000, 0x0000000088500000|  0%| F|  |TAMS 0x0000000088400000| PB 0x0000000088400000| Untracked 
| 133|0x0000000088500000, 0x0000000088500000, 0x0000000088600000|  0%| F|  |TAMS 0x0000000088500000| PB 0x0000000088500000| Untracked 
| 134|0x0000000088600000, 0x0000000088600000, 0x0000000088700000|  0%| F|  |TAMS 0x0000000088600000| PB 0x0000000088600000| Untracked 
| 135|0x0000000088700000, 0x0000000088700000, 0x0000000088800000|  0%| F|  |TAMS 0x0000000088700000| PB 0x0000000088700000| Untracked 
| 136|0x0000000088800000, 0x0000000088800000, 0x0000000088900000|  0%| F|  |TAMS 0x0000000088800000| PB 0x0000000088800000| Untracked 
| 137|0x0000000088900000, 0x0000000088900000, 0x0000000088a00000|  0%| F|  |TAMS 0x0000000088900000| PB 0x0000000088900000| Untracked 
| 138|0x0000000088a00000, 0x0000000088a00000, 0x0000000088b00000|  0%| F|  |TAMS 0x0000000088a00000| PB 0x0000000088a00000| Untracked 
| 139|0x0000000088b00000, 0x0000000088b00000, 0x0000000088c00000|  0%| F|  |TAMS 0x0000000088b00000| PB 0x0000000088b00000| Untracked 
| 140|0x0000000088c00000, 0x0000000088c00000, 0x0000000088d00000|  0%| F|  |TAMS 0x0000000088c00000| PB 0x0000000088c00000| Untracked 
| 141|0x0000000088d00000, 0x0000000088d00000, 0x0000000088e00000|  0%| F|  |TAMS 0x0000000088d00000| PB 0x0000000088d00000| Untracked 
| 142|0x0000000088e00000, 0x0000000088e00000, 0x0000000088f00000|  0%| F|  |TAMS 0x0000000088e00000| PB 0x0000000088e00000| Untracked 
| 143|0x0000000088f00000, 0x0000000088f00000, 0x0000000089000000|  0%| F|  |TAMS 0x0000000088f00000| PB 0x0000000088f00000| Untracked 
| 144|0x0000000089000000, 0x0000000089000000, 0x0000000089100000|  0%| F|  |TAMS 0x0000000089000000| PB 0x0000000089000000| Untracked 
| 145|0x0000000089100000, 0x0000000089100000, 0x0000000089200000|  0%| F|  |TAMS 0x0000000089100000| PB 0x0000000089100000| Untracked 
| 146|0x0000000089200000, 0x0000000089200000, 0x0000000089300000|  0%| F|  |TAMS 0x0000000089200000| PB 0x0000000089200000| Untracked 
| 147|0x0000000089300000, 0x0000000089300000, 0x0000000089400000|  0%| F|  |TAMS 0x0000000089300000| PB 0x0000000089300000| Untracked 
| 148|0x0000000089400000, 0x0000000089400000, 0x0000000089500000|  0%| F|  |TAMS 0x0000000089400000| PB 0x0000000089400000| Untracked 
| 149|0x0000000089500000, 0x0000000089500000, 0x0000000089600000|  0%| F|  |TAMS 0x0000000089500000| PB 0x0000000089500000| Untracked 
| 150|0x0000000089600000, 0x0000000089600000, 0x0000000089700000|  0%| F|  |TAMS 0x0000000089600000| PB 0x0000000089600000| Untracked 
| 151|0x0000000089700000, 0x0000000089700000, 0x0000000089800000|  0%| F|  |TAMS 0x0000000089700000| PB 0x0000000089700000| Untracked 
| 152|0x0000000089800000, 0x0000000089800000, 0x0000000089900000|  0%| F|  |TAMS 0x0000000089800000| PB 0x0000000089800000| Untracked 
| 153|0x0000000089900000, 0x0000000089900000, 0x0000000089a00000|  0%| F|  |TAMS 0x0000000089900000| PB 0x0000000089900000| Untracked 
| 169|0x000000008a900000, 0x000000008a900000, 0x000000008aa00000|  0%| F|  |TAMS 0x000000008a900000| PB 0x000000008a900000| Untracked 
| 170|0x000000008aa00000, 0x000000008aa00000, 0x000000008ab00000|  0%| F|  |TAMS 0x000000008aa00000| PB 0x000000008aa00000| Untracked 
| 171|0x000000008ab00000, 0x000000008ab00000, 0x000000008ac00000|  0%| F|  |TAMS 0x000000008ab00000| PB 0x000000008ab00000| Untracked 
| 172|0x000000008ac00000, 0x000000008ac00000, 0x000000008ad00000|  0%| F|  |TAMS 0x000000008ac00000| PB 0x000000008ac00000| Untracked 
| 173|0x000000008ad00000, 0x000000008ad00000, 0x000000008ae00000|  0%| F|  |TAMS 0x000000008ad00000| PB 0x000000008ad00000| Untracked 
| 174|0x000000008ae00000, 0x000000008ae00000, 0x000000008af00000|  0%| F|  |TAMS 0x000000008ae00000| PB 0x000000008ae00000| Untracked 
| 175|0x000000008af00000, 0x000000008af00000, 0x000000008b000000|  0%| F|  |TAMS 0x000000008af00000| PB 0x000000008af00000| Untracked 
| 176|0x000000008b000000, 0x000000008b000000, 0x000000008b100000|  0%| F|  |TAMS 0x000000008b000000| PB 0x000000008b000000| Untracked 
| 177|0x000000008b100000, 0x000000008b100000, 0x000000008b200000|  0%| F|  |TAMS 0x000000008b100000| PB 0x000000008b100000| Untracked 
| 189|0x000000008bd00000, 0x000000008bd00000, 0x000000008be00000|  0%| F|  |TAMS 0x000000008bd00000| PB 0x000000008bd00000| Untracked 
|2031|0x00000000fef00000, 0x00000000ff000000, 0x00000000ff000000|100%| O|  |TAMS 0x00000000ff000000| PB 0x00000000fef00000| Untracked 
|2032|0x00000000ff000000, 0x00000000ff000000, 0x00000000ff100000|  0%| F|  |TAMS 0x00000000ff000000| PB 0x00000000ff000000| Untracked 
|2033|0x00000000ff100000, 0x00000000ff200000, 0x00000000ff200000|100%| O|  |TAMS 0x00000000ff200000| PB 0x00000000ff100000| Untracked 
|2034|0x00000000ff200000, 0x00000000ff300000, 0x00000000ff300000|100%| O|  |TAMS 0x00000000ff300000| PB 0x00000000ff200000| Untracked 
|2035|0x00000000ff300000, 0x00000000ff400000, 0x00000000ff400000|100%| O|  |TAMS 0x00000000ff400000| PB 0x00000000ff300000| Untracked 
|2036|0x00000000ff400000, 0x00000000ff500000, 0x00000000ff500000|100%| O|  |TAMS 0x00000000ff500000| PB 0x00000000ff400000| Untracked 
|2037|0x00000000ff500000, 0x00000000ff600000, 0x00000000ff600000|100%| O|  |TAMS 0x00000000ff600000| PB 0x00000000ff500000| Untracked 
|2038|0x00000000ff600000, 0x00000000ff700000, 0x00000000ff700000|100%| O|  |TAMS 0x00000000ff700000| PB 0x00000000ff600000| Untracked 
|2039|0x00000000ff700000, 0x00000000ff7836e0, 0x00000000ff800000| 51%| E|  |TAMS 0x00000000ff700000| PB 0x00000000ff700000| Complete 
|2040|0x00000000ff800000, 0x00000000ff900000, 0x00000000ff900000|100%| O|  |TAMS 0x00000000ff900000| PB 0x00000000ff800000| Untracked 
|2041|0x00000000ff900000, 0x00000000ffa00000, 0x00000000ffa00000|100%| O|  |TAMS 0x00000000ffa00000| PB 0x00000000ff900000| Untracked 
|2042|0x00000000ffa00000, 0x00000000ffb00000, 0x00000000ffb00000|100%| E|CS|TAMS 0x00000000ffa00000| PB 0x00000000ffa00000| Complete 
|2043|0x00000000ffb00000, 0x00000000ffc00000, 0x00000000ffc00000|100%| O|  |TAMS 0x00000000ffc00000| PB 0x00000000ffb00000| Untracked 
|2044|0x00000000ffc00000, 0x00000000ffd00000, 0x00000000ffd00000|100%| O|  |TAMS 0x00000000ffd00000| PB 0x00000000ffc00000| Untracked 
|2045|0x00000000ffd00000, 0x00000000ffe00000, 0x00000000ffe00000|100%| O|  |TAMS 0x00000000ffe00000| PB 0x00000000ffd00000| Untracked 
|2046|0x00000000ffe00000, 0x00000000fff00000, 0x00000000fff00000|100%| O|  |TAMS 0x00000000fff00000| PB 0x00000000ffe00000| Untracked 
|2047|0x00000000fff00000, 0x0000000100000000, 0x0000000100000000|100%| O|  |TAMS 0x0000000100000000| PB 0x00000000fff00000| Untracked 

Card table byte_map: [0x000001a875ba0000,0x000001a875fa0000] _byte_map_base: 0x000001a8757a0000

Marking Bits: (CMBitMap*) 0x000001a8633642f0
 Bits: [0x000001a875fa0000, 0x000001a877fa0000)

Polling page: 0x000001a861080000

Metaspace:

Usage:
  Non-class:     82.46 MB used.
      Class:     13.53 MB used.
       Both:     95.99 MB used.

Virtual space:
  Non-class space:      128.00 MB reserved,      83.50 MB ( 65%) committed,  2 nodes.
      Class space:        1.00 GB reserved,      14.56 MB (  1%) committed,  1 nodes.
             Both:        1.12 GB reserved,      98.06 MB (  9%) committed. 

Chunk freelists:
   Non-Class:  12.53 MB
       Class:  1.42 MB
        Both:  13.95 MB

MaxMetaspaceSize: unlimited
CompressedClassSpaceSize: 1.00 GB
Initial GC threshold: 21.00 MB
Current GC threshold: 147.75 MB
CDS: off
 - commit_granule_bytes: 65536.
 - commit_granule_words: 8192.
 - virtual_space_node_default_size: 8388608.
 - enlarge_chunks_in_place: 1.
 - use_allocation_guard: 0.


Internal statistics:

num_allocs_failed_limit: 6.
num_arena_births: 3940.
num_arena_deaths: 0.
num_vsnodes_births: 3.
num_vsnodes_deaths: 0.
num_space_committed: 1569.
num_space_uncommitted: 0.
num_chunks_returned_to_freelist: 6.
num_chunks_taken_from_freelist: 8067.
num_chunk_merges: 3.
num_chunk_splits: 5294.
num_chunks_enlarged: 3328.
num_inconsistent_stats: 0.

CodeHeap 'non-profiled nmethods': size=120000Kb used=5885Kb max_used=5885Kb free=114114Kb
 bounds [0x000001a86df40000, 0x000001a86e500000, 0x000001a875470000]
CodeHeap 'profiled nmethods': size=120000Kb used=16972Kb max_used=16972Kb free=103027Kb
 bounds [0x000001a866470000, 0x000001a867510000, 0x000001a86d9a0000]
CodeHeap 'non-nmethods': size=5760Kb used=2911Kb max_used=2972Kb free=2848Kb
 bounds [0x000001a86d9a0000, 0x000001a86dc90000, 0x000001a86df40000]
CodeCache: size=245760Kb, used=25768Kb, max_used=25829Kb, free=219989Kb
 total_blobs=10287, nmethods=9325, adapters=866, full_count=0
Compilation: enabled, stopped_count=0, restarted_count=0

Compilation events (20 events):
Event: 20.084 Thread 0x000001a87ac3bfa0 10920       1       com.android.build.gradle.internal.utils.ViolatingPluginDetector::access$getPluginToSearch$p (5 bytes)
Event: 20.084 Thread 0x000001a87ac3bfa0 nmethod 10920 0x000001a86e4f5690 code [0x000001a86e4f5820, 0x000001a86e4f58d0]
Event: 20.084 Thread 0x000001a87ac3bfa0 10919       1       org.gradle.api.internal.artifacts.result.DefaultResolvedComponentResult::getId (5 bytes)
Event: 20.084 Thread 0x000001a87ac3bfa0 nmethod 10919 0x000001a86e4f5990 code [0x000001a86e4f5b20, 0x000001a86e4f5be8]
Event: 20.084 Thread 0x000001a87ac3bfa0 10921       1       com.android.build.gradle.internal.utils.DependencyInfo::getDependencyGroup (5 bytes)
Event: 20.084 Thread 0x000001a87ac3bfa0 nmethod 10921 0x000001a86e4f5c90 code [0x000001a86e4f5e20, 0x000001a86e4f5ee8]
Event: 20.084 Thread 0x000001a87ac3bfa0 10918       3       java.util.Collections::unmodifiableSet (22 bytes)
Event: 20.085 Thread 0x000001a87ac3bfa0 nmethod 10918 0x000001a8674f7490 code [0x000001a8674f7680, 0x000001a8674f7b58]
Event: 20.085 Thread 0x000001a87ac3bfa0 10923       3       com.android.build.gradle.internal.utils.ViolatingPluginDetector$detect$violatingPlugins$1::invoke (9 bytes)
Event: 20.085 Thread 0x000001a87ac3bfa0 nmethod 10923 0x000001a8674f7d10 code [0x000001a8674f7ec0, 0x000001a8674f80f8]
Event: 20.085 Thread 0x000001a87ac3bfa0 10924       3       com.android.build.gradle.internal.utils.ViolatingPluginDetector$detect$violatingPlugins$1::invoke (94 bytes)
Event: 20.087 Thread 0x000001a87ac3bfa0 nmethod 10924 0x000001a8674f8210 code [0x000001a8674f8500, 0x000001a8674f9470]
Event: 20.087 Thread 0x000001a87ac3bfa0 10926   !   3       org.gradle.internal.event.AbstractBroadcastDispatch::dispatch (194 bytes)
Event: 20.088 Thread 0x000001a87ac3bfa0 nmethod 10926 0x000001a8674f9b10 code [0x000001a8674f9ec0, 0x000001a8674fb9f8]
Event: 20.088 Thread 0x000001a87ac3bfa0 10927       3       java.io.ObjectOutputStream$BlockDataOutputStream::writeShort (47 bytes)
Event: 20.090 Thread 0x000001a87ac3bfa0 nmethod 10927 0x000001a8674fc190 code [0x000001a8674fc420, 0x000001a8674fd110]
Event: 20.090 Thread 0x000001a87ac3bfa0 10925   !   3       jdk.proxy1.$Proxy0::onOutput (34 bytes)
Event: 20.090 Thread 0x000001a80342d750 10929       4       java.util.Spliterators$ArraySpliterator::estimateSize (27 bytes)
Event: 20.091 Thread 0x000001a87ac3bfa0 nmethod 10925 0x000001a8674fd610 code [0x000001a8674fd7e0, 0x000001a8674fdcc8]
Event: 20.091 Thread 0x000001a87ac3bfa0 10928       1       java.lang.ClassLoader::getName (5 bytes)

GC Heap History (20 events):
Event: 13.103 GC heap before
{Heap before GC invocations=27 (full 0):
 garbage-first heap   total 126976K, used 111207K [0x0000000080000000, 0x0000000100000000)
  region size 1024K, 38 young (38912K), 4 survivors (4096K)
 Metaspace       used 73845K, committed 75648K, reserved 1114112K
  class space    used 10450K, committed 11328K, reserved 1048576K
}
Event: 13.113 GC heap after
{Heap after GC invocations=28 (full 0):
 garbage-first heap   total 126976K, used 80937K [0x0000000080000000, 0x0000000100000000)
  region size 1024K, 5 young (5120K), 5 survivors (5120K)
 Metaspace       used 73845K, committed 75648K, reserved 1114112K
  class space    used 10450K, committed 11328K, reserved 1048576K
}
Event: 13.476 GC heap before
{Heap before GC invocations=28 (full 0):
 garbage-first heap   total 126976K, used 112681K [0x0000000080000000, 0x0000000100000000)
  region size 1024K, 37 young (37888K), 5 survivors (5120K)
 Metaspace       used 74071K, committed 75904K, reserved 1114112K
  class space    used 10450K, committed 11328K, reserved 1048576K
}
Event: 13.483 GC heap after
{Heap after GC invocations=29 (full 0):
 garbage-first heap   total 126976K, used 84287K [0x0000000080000000, 0x0000000100000000)
  region size 1024K, 4 young (4096K), 4 survivors (4096K)
 Metaspace       used 74071K, committed 75904K, reserved 1114112K
  class space    used 10450K, committed 11328K, reserved 1048576K
}
Event: 13.834 GC heap before
{Heap before GC invocations=30 (full 0):
 garbage-first heap   total 142336K, used 113983K [0x0000000080000000, 0x0000000100000000)
  region size 1024K, 34 young (34816K), 4 survivors (4096K)
 Metaspace       used 74196K, committed 75968K, reserved 1114112K
  class space    used 10450K, committed 11328K, reserved 1048576K
}
Event: 13.838 GC heap after
{Heap after GC invocations=31 (full 0):
 garbage-first heap   total 171008K, used 85283K [0x0000000080000000, 0x0000000100000000)
  region size 1024K, 4 young (4096K), 4 survivors (4096K)
 Metaspace       used 74196K, committed 75968K, reserved 1114112K
  class space    used 10450K, committed 11328K, reserved 1048576K
}
Event: 14.285 GC heap before
{Heap before GC invocations=31 (full 0):
 garbage-first heap   total 171008K, used 148771K [0x0000000080000000, 0x0000000100000000)
  region size 1024K, 67 young (68608K), 4 survivors (4096K)
 Metaspace       used 74232K, committed 76032K, reserved 1114112K
  class space    used 10451K, committed 11328K, reserved 1048576K
}
Event: 14.292 GC heap after
{Heap after GC invocations=32 (full 0):
 garbage-first heap   total 171008K, used 85672K [0x0000000080000000, 0x0000000100000000)
  region size 1024K, 5 young (5120K), 5 survivors (5120K)
 Metaspace       used 74232K, committed 76032K, reserved 1114112K
  class space    used 10451K, committed 11328K, reserved 1048576K
}
Event: 14.387 GC heap before
{Heap before GC invocations=32 (full 0):
 garbage-first heap   total 171008K, used 92840K [0x0000000080000000, 0x0000000100000000)
  region size 1024K, 13 young (13312K), 5 survivors (5120K)
 Metaspace       used 74355K, committed 76224K, reserved 1114112K
  class space    used 10469K, committed 11392K, reserved 1048576K
}
Event: 14.391 GC heap after
{Heap after GC invocations=33 (full 0):
 garbage-first heap   total 171008K, used 85725K [0x0000000080000000, 0x0000000100000000)
  region size 1024K, 5 young (5120K), 5 survivors (5120K)
 Metaspace       used 74355K, committed 76224K, reserved 1114112K
  class space    used 10469K, committed 11392K, reserved 1048576K
}
Event: 15.452 GC heap before
{Heap before GC invocations=34 (full 0):
 garbage-first heap   total 171008K, used 161501K [0x0000000080000000, 0x0000000100000000)
  region size 1024K, 73 young (74752K), 5 survivors (5120K)
 Metaspace       used 78784K, committed 80640K, reserved 1179648K
  class space    used 10992K, committed 11904K, reserved 1048576K
}
Event: 15.460 GC heap after
{Heap after GC invocations=35 (full 0):
 garbage-first heap   total 175104K, used 98400K [0x0000000080000000, 0x0000000100000000)
  region size 1024K, 10 young (10240K), 10 survivors (10240K)
 Metaspace       used 78784K, committed 80640K, reserved 1179648K
  class space    used 10992K, committed 11904K, reserved 1048576K
}
Event: 16.347 GC heap before
{Heap before GC invocations=35 (full 0):
 garbage-first heap   total 175104K, used 165984K [0x0000000080000000, 0x0000000100000000)
  region size 1024K, 71 young (72704K), 10 survivors (10240K)
 Metaspace       used 84208K, committed 86144K, reserved 1179648K
  class space    used 11763K, committed 12736K, reserved 1048576K
}
Event: 16.357 GC heap after
{Heap after GC invocations=36 (full 0):
 garbage-first heap   total 185344K, used 104082K [0x0000000080000000, 0x0000000100000000)
  region size 1024K, 6 young (6144K), 6 survivors (6144K)
 Metaspace       used 84208K, committed 86144K, reserved 1179648K
  class space    used 11763K, committed 12736K, reserved 1048576K
}
Event: 17.345 GC heap before
{Heap before GC invocations=36 (full 0):
 garbage-first heap   total 185344K, used 167570K [0x0000000080000000, 0x0000000100000000)
  region size 1024K, 68 young (69632K), 6 survivors (6144K)
 Metaspace       used 88500K, committed 90496K, reserved 1179648K
  class space    used 12329K, committed 13312K, reserved 1048576K
}
Event: 17.351 GC heap after
{Heap after GC invocations=37 (full 0):
 garbage-first heap   total 185344K, used 107756K [0x0000000080000000, 0x0000000100000000)
  region size 1024K, 4 young (4096K), 4 survivors (4096K)
 Metaspace       used 88500K, committed 90496K, reserved 1179648K
  class space    used 12329K, committed 13312K, reserved 1048576K
}
Event: 18.209 GC heap before
{Heap before GC invocations=38 (full 0):
 garbage-first heap   total 185344K, used 170220K [0x0000000080000000, 0x0000000100000000)
  region size 1024K, 65 young (66560K), 4 survivors (4096K)
 Metaspace       used 91624K, committed 93632K, reserved 1179648K
  class space    used 12768K, committed 13760K, reserved 1048576K
}
Event: 18.215 GC heap after
{Heap after GC invocations=39 (full 0):
 garbage-first heap   total 185344K, used 112436K [0x0000000080000000, 0x0000000100000000)
  region size 1024K, 8 young (8192K), 8 survivors (8192K)
 Metaspace       used 91624K, committed 93632K, reserved 1179648K
  class space    used 12768K, committed 13760K, reserved 1048576K
}
Event: 19.306 GC heap before
{Heap before GC invocations=39 (full 0):
 garbage-first heap   total 185344K, used 171828K [0x0000000080000000, 0x0000000100000000)
  region size 1024K, 66 young (67584K), 8 survivors (8192K)
 Metaspace       used 95503K, committed 97536K, reserved 1179648K
  class space    used 13472K, committed 14464K, reserved 1048576K
}
Event: 19.315 GC heap after
{Heap after GC invocations=40 (full 0):
 garbage-first heap   total 185344K, used 112922K [0x0000000080000000, 0x0000000100000000)
  region size 1024K, 7 young (7168K), 7 survivors (7168K)
 Metaspace       used 95503K, committed 97536K, reserved 1179648K
  class space    used 13472K, committed 14464K, reserved 1048576K
}

Dll operation events (3 events):
Event: 0.011 Loaded shared library C:\Program Files\Android\Android Studio\jbr\bin\java.dll
Event: 0.016 Loaded shared library C:\Program Files\Android\Android Studio\jbr\bin\zip.dll
Event: 0.760 Loaded shared library C:\Program Files\Android\Android Studio\jbr\bin\verify.dll

Deoptimization events (20 events):
Event: 20.034 Thread 0x000001a800920760 Uncommon trap: trap_request=0xffffffbe fr.pc=0x000001a86e1d1efc relative=0x00000000000003dc
Event: 20.034 Thread 0x000001a800920760 Uncommon trap: reason=profile_predicate action=maybe_recompile pc=0x000001a86e1d1efc method=java.util.Collections.indexedBinarySearch(Ljava/util/List;Ljava/lang/Object;Ljava/util/Comparator;)I @ 15 c2
Event: 20.034 Thread 0x000001a800920760 DEOPT PACKING pc=0x000001a86e1d1efc sp=0x000000987b8f6ff0
Event: 20.034 Thread 0x000001a800920760 DEOPT UNPACKING pc=0x000001a86d9f7aa2 sp=0x000000987b8f6fa0 mode 2
Event: 20.062 Thread 0x000001a800920760 Uncommon trap: trap_request=0xffffff45 fr.pc=0x000001a86e1e4c0c relative=0x0000000000000c2c
Event: 20.062 Thread 0x000001a800920760 Uncommon trap: reason=unstable_if action=reinterpret pc=0x000001a86e1e4c0c method=com.google.common.cache.LocalCache$Segment.get(Ljava/lang/Object;I)Ljava/lang/Object; @ 4 c2
Event: 20.062 Thread 0x000001a800920760 DEOPT PACKING pc=0x000001a86e1e4c0c sp=0x000000987b8f8040
Event: 20.062 Thread 0x000001a800920760 DEOPT UNPACKING pc=0x000001a86d9f7aa2 sp=0x000000987b8f7f70 mode 2
Event: 20.081 Thread 0x000001a800920760 Uncommon trap: trap_request=0xffffff45 fr.pc=0x000001a86e3dc0b0 relative=0x0000000000000850
Event: 20.081 Thread 0x000001a800920760 Uncommon trap: reason=unstable_if action=reinterpret pc=0x000001a86e3dc0b0 method=com.google.common.cache.LocalCache$Segment.recordWrite(Lcom/google/common/cache/ReferenceEntry;IJ)V @ 22 c2
Event: 20.081 Thread 0x000001a800920760 DEOPT PACKING pc=0x000001a86e3dc0b0 sp=0x000000987b8f7d40
Event: 20.081 Thread 0x000001a800920760 DEOPT UNPACKING pc=0x000001a86d9f7aa2 sp=0x000000987b8f7c78 mode 2
Event: 20.082 Thread 0x000001a800920760 Uncommon trap: trap_request=0xffffff45 fr.pc=0x000001a86e37de1c relative=0x000000000000007c
Event: 20.082 Thread 0x000001a800920760 Uncommon trap: reason=unstable_if action=reinterpret pc=0x000001a86e37de1c method=com.google.common.cache.LocalCache.isExpired(Lcom/google/common/cache/ReferenceEntry;J)Z @ 9 c2
Event: 20.082 Thread 0x000001a800920760 DEOPT PACKING pc=0x000001a86e37de1c sp=0x000000987b8f7e20
Event: 20.082 Thread 0x000001a800920760 DEOPT UNPACKING pc=0x000001a86d9f7aa2 sp=0x000000987b8f7db0 mode 2
Event: 20.085 Thread 0x000001a800920760 Uncommon trap: trap_request=0xffffffc6 fr.pc=0x000001a86e34a5a0 relative=0x00000000000001c0
Event: 20.085 Thread 0x000001a800920760 Uncommon trap: reason=bimorphic_or_optimized_type_check action=maybe_recompile pc=0x000001a86e34a5a0 method=com.google.common.collect.ImmutableList.copyOf(Ljava/util/Collection;)Lcom/google/common/collect/ImmutableList; @ 16 c2
Event: 20.085 Thread 0x000001a800920760 DEOPT PACKING pc=0x000001a86e34a5a0 sp=0x000000987b8f7730
Event: 20.085 Thread 0x000001a800920760 DEOPT UNPACKING pc=0x000001a86d9f7aa2 sp=0x000000987b8f76d8 mode 2

Classes loaded (20 events):
Event: 16.269 Loading class java/security/KeyStore$ProtectionParameter
Event: 16.269 Loading class java/security/KeyStore$ProtectionParameter done
Event: 16.513 Loading class java/lang/foreign/ValueLayout
Event: 16.513 Loading class java/lang/foreign/MemoryLayout
Event: 16.513 Loading class java/lang/foreign/MemoryLayout done
Event: 16.513 Loading class java/lang/foreign/ValueLayout done
Event: 16.896 Loading class java/security/KeyStore
Event: 16.896 Loading class java/security/KeyStore done
Event: 17.125 Loading class javax/xml/stream/XMLStreamException
Event: 17.125 Loading class javax/xml/stream/XMLStreamException done
Event: 17.145 Loading class sun/reflect/annotation/AnnotationInvocationHandler$1
Event: 17.145 Loading class sun/reflect/annotation/AnnotationInvocationHandler$1 done
Event: 17.319 Loading class java/lang/Override
Event: 17.319 Loading class java/lang/Override done
Event: 18.205 Loading class sun/reflect/generics/repository/FieldRepository
Event: 18.206 Loading class sun/reflect/generics/repository/FieldRepository done
Event: 18.335 Loading class java/util/regex/Pattern$Caret
Event: 18.336 Loading class java/util/regex/Pattern$Caret done
Event: 19.957 Loading class java/lang/AbstractMethodError
Event: 19.957 Loading class java/lang/AbstractMethodError done

Classes unloaded (0 events):
No events

Classes redefined (0 events):
No events

Internal exceptions (20 events):
Event: 19.905 Thread 0x000001a800920760 Exception <a 'sun/nio/fs/WindowsException'{0x000000008885c930}> (0x000000008885c930) 
thrown [s\src\hotspot\share\prims\jni.cpp, line 537]
Event: 19.906 Thread 0x000001a800920760 Exception <a 'sun/nio/fs/WindowsException'{0x000000008886bac0}> (0x000000008886bac0) 
thrown [s\src\hotspot\share\prims\jni.cpp, line 537]
Event: 19.908 Thread 0x000001a800920760 Exception <a 'sun/nio/fs/WindowsException'{0x000000008887b2c8}> (0x000000008887b2c8) 
thrown [s\src\hotspot\share\prims\jni.cpp, line 537]
Event: 19.918 Thread 0x000001a800920760 Exception <a 'sun/nio/fs/WindowsException'{0x00000000888f8790}> (0x00000000888f8790) 
thrown [s\src\hotspot\share\prims\jni.cpp, line 537]
Event: 19.935 Thread 0x000001a800920760 Exception <a 'sun/nio/fs/WindowsException'{0x0000000088775fe8}> (0x0000000088775fe8) 
thrown [s\src\hotspot\share\prims\jni.cpp, line 537]
Event: 19.937 Thread 0x000001a800920760 Exception <a 'sun/nio/fs/WindowsException'{0x0000000088784080}> (0x0000000088784080) 
thrown [s\src\hotspot\share\prims\jni.cpp, line 537]
Event: 19.939 Thread 0x000001a800920760 Exception <a 'sun/nio/fs/WindowsException'{0x000000008879a8a8}> (0x000000008879a8a8) 
thrown [s\src\hotspot\share\prims\jni.cpp, line 537]
Event: 19.965 Thread 0x000001a800920760 Exception <a 'sun/nio/fs/WindowsException'{0x00000000886ab728}> (0x00000000886ab728) 
thrown [s\src\hotspot\share\prims\jni.cpp, line 537]
Event: 19.971 Thread 0x000001a800920760 Exception <a 'sun/nio/fs/WindowsException'{0x00000000886cc8e0}> (0x00000000886cc8e0) 
thrown [s\src\hotspot\share\prims\jni.cpp, line 537]
Event: 19.972 Thread 0x000001a800920760 Exception <a 'sun/nio/fs/WindowsException'{0x00000000886d36e0}> (0x00000000886d36e0) 
thrown [s\src\hotspot\share\prims\jni.cpp, line 537]
Event: 19.975 Thread 0x000001a800920760 Exception <a 'sun/nio/fs/WindowsException'{0x00000000886dfe30}> (0x00000000886dfe30) 
thrown [s\src\hotspot\share\prims\jni.cpp, line 537]
Event: 19.977 Thread 0x000001a800920760 Exception <a 'sun/nio/fs/WindowsException'{0x00000000886ecde8}> (0x00000000886ecde8) 
thrown [s\src\hotspot\share\prims\jni.cpp, line 537]
Event: 19.978 Thread 0x000001a800920760 Exception <a 'sun/nio/fs/WindowsException'{0x00000000886ef320}> (0x00000000886ef320) 
thrown [s\src\hotspot\share\prims\jni.cpp, line 537]
Event: 19.978 Thread 0x000001a800920760 Exception <a 'sun/nio/fs/WindowsException'{0x00000000886f75e0}> (0x00000000886f75e0) 
thrown [s\src\hotspot\share\prims\jni.cpp, line 537]
Event: 19.979 Thread 0x000001a800920760 Exception <a 'sun/nio/fs/WindowsException'{0x0000000088504560}> (0x0000000088504560) 
thrown [s\src\hotspot\share\prims\jni.cpp, line 537]
Event: 19.980 Thread 0x000001a800920760 Exception <a 'sun/nio/fs/WindowsException'{0x000000008850fe98}> (0x000000008850fe98) 
thrown [s\src\hotspot\share\prims\jni.cpp, line 537]
Event: 19.982 Thread 0x000001a800920760 Exception <a 'sun/nio/fs/WindowsException'{0x00000000885202a8}> (0x00000000885202a8) 
thrown [s\src\hotspot\share\prims\jni.cpp, line 537]
Event: 19.984 Thread 0x000001a800920760 Exception <a 'sun/nio/fs/WindowsException'{0x000000008853da38}> (0x000000008853da38) 
thrown [s\src\hotspot\share\prims\jni.cpp, line 537]
Event: 19.985 Thread 0x000001a800920760 Exception <a 'sun/nio/fs/WindowsException'{0x000000008854c9d0}> (0x000000008854c9d0) 
thrown [s\src\hotspot\share\prims\jni.cpp, line 537]
Event: 20.088 Thread 0x000001a800921b10 Exception <a 'java/lang/NoSuchMethodError'{0x0000000088209a30}: static Lorg/gradle/internal/build/event/types/DefaultOperationFinishedProgressEvent;.<clinit>()V> (0x0000000088209a30) 
thrown [s\src\hotspot\share\prims\jni.cpp, line 1144]

ZGC Phase Switch (0 events):
No events

VM Operations (20 events):
Event: 16.168 Executing VM operation: HandshakeAllThreads (Deoptimize)
Event: 16.168 Executing VM operation: HandshakeAllThreads (Deoptimize) done
Event: 16.170 Executing VM operation: HandshakeAllThreads (Deoptimize)
Event: 16.170 Executing VM operation: HandshakeAllThreads (Deoptimize) done
Event: 16.347 Executing VM operation: G1CollectForAllocation (G1 Evacuation Pause)
Event: 16.358 Executing VM operation: G1CollectForAllocation (G1 Evacuation Pause) done
Event: 17.345 Executing VM operation: G1CollectForAllocation (G1 Evacuation Pause)
Event: 17.351 Executing VM operation: G1CollectForAllocation (G1 Evacuation Pause) done
Event: 17.403 Executing VM operation: G1PauseRemark
Event: 17.409 Executing VM operation: G1PauseRemark done
Event: 17.435 Executing VM operation: G1PauseCleanup
Event: 17.436 Executing VM operation: G1PauseCleanup done
Event: 18.208 Executing VM operation: G1CollectForAllocation (G1 Evacuation Pause)
Event: 18.215 Executing VM operation: G1CollectForAllocation (G1 Evacuation Pause) done
Event: 19.217 Executing VM operation: Cleanup
Event: 19.217 Executing VM operation: Cleanup done
Event: 19.306 Executing VM operation: G1CollectForAllocation (G1 Evacuation Pause)
Event: 19.315 Executing VM operation: G1CollectForAllocation (G1 Evacuation Pause) done
Event: 20.080 Executing VM operation: ICBufferFull
Event: 20.080 Executing VM operation: ICBufferFull done

Memory protections (0 events):
No events

Nmethod flushes (20 events):
Event: 17.408 Thread 0x000001a87a9f04a0 flushing  nmethod 0x000001a866d51690
Event: 17.408 Thread 0x000001a87a9f04a0 flushing  nmethod 0x000001a866d54a10
Event: 17.408 Thread 0x000001a87a9f04a0 flushing  nmethod 0x000001a866d55a90
Event: 17.408 Thread 0x000001a87a9f04a0 flushing  nmethod 0x000001a866d68010
Event: 17.408 Thread 0x000001a87a9f04a0 flushing  nmethod 0x000001a866d68d90
Event: 17.408 Thread 0x000001a87a9f04a0 flushing  nmethod 0x000001a866d6b010
Event: 17.408 Thread 0x000001a87a9f04a0 flushing  nmethod 0x000001a866d6c590
Event: 17.408 Thread 0x000001a87a9f04a0 flushing  nmethod 0x000001a866d6e810
Event: 17.408 Thread 0x000001a87a9f04a0 flushing  nmethod 0x000001a866d6ec90
Event: 17.408 Thread 0x000001a87a9f04a0 flushing  nmethod 0x000001a866dc6f90
Event: 17.408 Thread 0x000001a87a9f04a0 flushing  nmethod 0x000001a866dcc290
Event: 17.408 Thread 0x000001a87a9f04a0 flushing  nmethod 0x000001a866dcd390
Event: 17.408 Thread 0x000001a87a9f04a0 flushing  nmethod 0x000001a866ead990
Event: 17.408 Thread 0x000001a87a9f04a0 flushing  nmethod 0x000001a866eb3f10
Event: 17.408 Thread 0x000001a87a9f04a0 flushing  nmethod 0x000001a866f78690
Event: 17.408 Thread 0x000001a87a9f04a0 flushing  nmethod 0x000001a866faae90
Event: 17.408 Thread 0x000001a87a9f04a0 flushing  nmethod 0x000001a866fe7c10
Event: 17.408 Thread 0x000001a87a9f04a0 flushing  nmethod 0x000001a866fea210
Event: 17.408 Thread 0x000001a87a9f04a0 flushing  nmethod 0x000001a867067410
Event: 17.408 Thread 0x000001a87a9f04a0 flushing  nmethod 0x000001a86712f510

Events (20 events):
Event: 13.429 Thread 0x000001a800920760 Thread added: 0x000001a802a6a060
Event: 13.431 Thread 0x000001a800920760 Thread added: 0x000001a802a6baa0
Event: 13.434 Thread 0x000001a800920760 Thread added: 0x000001a802a6ad80
Event: 13.436 Thread 0x000001a800920760 Thread added: 0x000001a802a6b410
Event: 13.437 Thread 0x000001a800920760 Thread added: 0x000001a802a6a6f0
Event: 13.439 Thread 0x000001a800920760 Thread added: 0x000001a802a6c130
Event: 13.443 Thread 0x000001a800920760 Thread added: 0x000001a802a6c7c0
Event: 14.715 Thread 0x000001a8039dd8a0 Thread exited: 0x000001a8039dd8a0
Event: 14.732 Thread 0x000001a8039db690 Thread exited: 0x000001a8039db690
Event: 15.967 Thread 0x000001a800920760 Thread added: 0x000001a8068439b0
Event: 16.158 Thread 0x000001a87ac3bfa0 Thread added: 0x000001a8039dafc0
Event: 16.268 Thread 0x000001a87ac3bfa0 Thread added: 0x000001a8039dd8a0
Event: 16.401 Thread 0x000001a8039dd8a0 Thread exited: 0x000001a8039dd8a0
Event: 17.311 Thread 0x000001a8039dafc0 Thread exited: 0x000001a8039dafc0
Event: 17.544 Thread 0x000001a87ac211b0 Thread added: 0x000001a80342ae70
Event: 18.239 Thread 0x000001a80342ae70 Thread exited: 0x000001a80342ae70
Event: 18.251 Thread 0x000001a87ac3bfa0 Thread added: 0x000001a80342a7a0
Event: 18.601 Thread 0x000001a80342a7a0 Thread exited: 0x000001a80342a7a0
Event: 19.551 Thread 0x000001a87ac3bfa0 Thread added: 0x000001a80342d750
Event: 19.751 Thread 0x000001a87ac3bfa0 Thread added: 0x000001a80342a7a0


Dynamic libraries:
0x00007ff748060000 - 0x00007ff74806a000 	C:\Program Files\Android\Android Studio\jbr\bin\java.exe
0x00007ffdd54a0000 - 0x00007ffdd5707000 	C:\WINDOWS\SYSTEM32\ntdll.dll
0x00007ffdd4380000 - 0x00007ffdd4449000 	C:\WINDOWS\System32\KERNEL32.DLL
0x00007ffdd2d90000 - 0x00007ffdd3187000 	C:\WINDOWS\System32\KERNELBASE.dll
0x00007ffdd2240000 - 0x00007ffdd238b000 	C:\WINDOWS\System32\ucrtbase.dll
0x00007ffdcc730000 - 0x00007ffdcc748000 	C:\Program Files\Android\Android Studio\jbr\bin\jli.dll
0x00007ffdcbcd0000 - 0x00007ffdcbceb000 	C:\Program Files\Android\Android Studio\jbr\bin\VCRUNTIME140.dll
0x00007ffdd3310000 - 0x00007ffdd34d6000 	C:\WINDOWS\System32\USER32.dll
0x00007ffdd0fd0000 - 0x00007ffdd1262000 	C:\WINDOWS\WinSxS\amd64_microsoft.windows.common-controls_6595b64144ccf1df_6.0.26100.8457_none_3e0b2faee331e92d\COMCTL32.dll
0x00007ffdd2390000 - 0x00007ffdd23b7000 	C:\WINDOWS\System32\win32u.dll
0x00007ffdd35f0000 - 0x00007ffdd3699000 	C:\WINDOWS\System32\msvcrt.dll
0x00007ffdd3b30000 - 0x00007ffdd3b5b000 	C:\WINDOWS\System32\GDI32.dll
0x00007ffdd1ed0000 - 0x00007ffdd1ffc000 	C:\WINDOWS\System32\gdi32full.dll
0x00007ffdd2ce0000 - 0x00007ffdd2d83000 	C:\WINDOWS\System32\msvcp_win.dll
0x00007ffdd3be0000 - 0x00007ffdd3c12000 	C:\WINDOWS\System32\IMM32.DLL
0x00007ffdc1600000 - 0x00007ffdc160c000 	C:\Program Files\Android\Android Studio\jbr\bin\vcruntime140_1.dll
0x00007ffdb99a0000 - 0x00007ffdb9a2d000 	C:\Program Files\Android\Android Studio\jbr\bin\msvcp140.dll
0x00007ffd61060000 - 0x00007ffd61cf6000 	C:\Program Files\Android\Android Studio\jbr\bin\server\jvm.dll
0x00007ffdd42c0000 - 0x00007ffdd4376000 	C:\WINDOWS\System32\ADVAPI32.dll
0x00007ffdd4a30000 - 0x00007ffdd4ad7000 	C:\WINDOWS\System32\sechost.dll
0x00007ffdd5260000 - 0x00007ffdd5378000 	C:\WINDOWS\System32\RPCRT4.dll
0x00007ffdd3220000 - 0x00007ffdd32a0000 	C:\WINDOWS\System32\WS2_32.dll
0x00007ffdd1d30000 - 0x00007ffdd1d8e000 	C:\WINDOWS\SYSTEM32\POWRPROF.dll
0x00007ffdc21a0000 - 0x00007ffdc21d6000 	C:\WINDOWS\SYSTEM32\WINMM.dll
0x00007ffdc88d0000 - 0x00007ffdc88db000 	C:\WINDOWS\SYSTEM32\VERSION.dll
0x00007ffdd1d10000 - 0x00007ffdd1d24000 	C:\WINDOWS\SYSTEM32\UMPDC.dll
0x00007ffdd03a0000 - 0x00007ffdd03bb000 	C:\WINDOWS\SYSTEM32\kernel.appcore.dll
0x00007ffdc15f0000 - 0x00007ffdc15fa000 	C:\Program Files\Android\Android Studio\jbr\bin\jimage.dll
0x00007ffdd17a0000 - 0x00007ffdd19e2000 	C:\WINDOWS\SYSTEM32\DBGHELP.DLL
0x00007ffdd3c20000 - 0x00007ffdd3fa3000 	C:\WINDOWS\System32\combase.dll
0x00007ffdd4730000 - 0x00007ffdd4809000 	C:\WINDOWS\System32\OLEAUT32.dll
0x00007ffdd1570000 - 0x00007ffdd15ab000 	C:\WINDOWS\SYSTEM32\dbgcore.DLL
0x00007ffdd2c30000 - 0x00007ffdd2cd8000 	C:\WINDOWS\System32\bcryptPrimitives.dll
0x00007ffdcc720000 - 0x00007ffdcc72e000 	C:\Program Files\Android\Android Studio\jbr\bin\instrument.dll
0x00007ffdc15d0000 - 0x00007ffdc15f0000 	C:\Program Files\Android\Android Studio\jbr\bin\java.dll
0x00007ffdc1580000 - 0x00007ffdc1598000 	C:\Program Files\Android\Android Studio\jbr\bin\zip.dll
0x00007ffdd4ae0000 - 0x00007ffdd524e000 	C:\WINDOWS\System32\SHELL32.dll
0x00007ffdd23c0000 - 0x00007ffdd2c2c000 	C:\WINDOWS\System32\windows.storage.dll
0x00007ffdd41c0000 - 0x00007ffdd42b6000 	C:\WINDOWS\System32\SHCORE.dll
0x00007ffdd3fb0000 - 0x00007ffdd4016000 	C:\WINDOWS\System32\shlwapi.dll
0x00007ffdd1df0000 - 0x00007ffdd1e19000 	C:\WINDOWS\SYSTEM32\profapi.dll
0x00007ffdc15c0000 - 0x00007ffdc15d0000 	C:\Program Files\Android\Android Studio\jbr\bin\net.dll
0x00007ffdca4c0000 - 0x00007ffdca5e9000 	C:\WINDOWS\SYSTEM32\WINHTTP.dll
0x00007ffdd0a70000 - 0x00007ffdd0adc000 	C:\WINDOWS\system32\mswsock.dll
0x00007ffdc1310000 - 0x00007ffdc1326000 	C:\Program Files\Android\Android Studio\jbr\bin\nio.dll
0x00007ffdc0fc0000 - 0x00007ffdc0fd0000 	C:\Program Files\Android\Android Studio\jbr\bin\verify.dll
0x00007ffda7f40000 - 0x00007ffda7f67000 	C:\Users\ibtis\.gradle\native\c067742578af261105cb4f569cf0c3c89f3d7b1fecec35dd04571415982c5e48\windows-amd64\native-platform.dll
0x00007ffda5210000 - 0x00007ffda5354000 	C:\Users\ibtis\.gradle\native\100fb08df4bc3b14c8652ba06237920a3bd2aa13389f12d3474272988ae205f9\windows-amd64\native-platform-file-events.dll
0x00007ffdc1300000 - 0x00007ffdc1309000 	C:\Program Files\Android\Android Studio\jbr\bin\management.dll
0x00007ffdc12c0000 - 0x00007ffdc12cb000 	C:\Program Files\Android\Android Studio\jbr\bin\management_ext.dll
0x00007ffdd4450000 - 0x00007ffdd4458000 	C:\WINDOWS\System32\PSAPI.DLL
0x00007ffdd19f0000 - 0x00007ffdd1a0b000 	C:\WINDOWS\SYSTEM32\CRYPTSP.dll
0x00007ffdd0300000 - 0x00007ffdd0339000 	C:\WINDOWS\system32\rsaenh.dll
0x00007ffdd0b20000 - 0x00007ffdd0b53000 	C:\WINDOWS\SYSTEM32\USERENV.dll
0x00007ffdd1dc0000 - 0x00007ffdd1dea000 	C:\WINDOWS\SYSTEM32\bcrypt.dll
0x00007ffdd0e80000 - 0x00007ffdd0e8c000 	C:\WINDOWS\SYSTEM32\CRYPTBASE.dll
0x00007ffdcfd80000 - 0x00007ffdcfdb2000 	C:\WINDOWS\SYSTEM32\IPHLPAPI.DLL
0x00007ffdd48c0000 - 0x00007ffdd48ca000 	C:\WINDOWS\System32\NSI.dll
0x00007ffdc1550000 - 0x00007ffdc1559000 	C:\Program Files\Android\Android Studio\jbr\bin\extnet.dll
0x00007ffdc0570000 - 0x00007ffdc0578000 	C:\WINDOWS\system32\wshunix.dll

JVMTI agents:
C:\Users\ibtis\.gradle\wrapper\dists\gradle-8.10.2-bin\a04bxjujx95o3nb99gddekhwo\gradle-8.10.2\lib\agents\gradle-instrumentation-agent-8.10.2.jar path:C:\Program Files\Android\Android Studio\jbr\bin\instrument.dll, loaded, initialized, instrumentlib options:none

dbghelp: loaded successfully - version: 4.0.5 - missing functions: none
symbol engine: initialized successfully - sym options: 0x614 - pdb path: .;C:\Program Files\Android\Android Studio\jbr\bin;C:\WINDOWS\SYSTEM32;C:\WINDOWS\WinSxS\amd64_microsoft.windows.common-controls_6595b64144ccf1df_6.0.26100.8457_none_3e0b2faee331e92d;C:\Program Files\Android\Android Studio\jbr\bin\server;C:\Users\ibtis\.gradle\native\c067742578af261105cb4f569cf0c3c89f3d7b1fecec35dd04571415982c5e48\windows-amd64;C:\Users\ibtis\.gradle\native\100fb08df4bc3b14c8652ba06237920a3bd2aa13389f12d3474272988ae205f9\windows-amd64

VM Arguments:
jvm_args: --add-opens=java.base/java.util=ALL-UNNAMED --add-opens=java.base/java.lang=ALL-UNNAMED --add-opens=java.base/java.lang.invoke=ALL-UNNAMED --add-opens=java.prefs/java.util.prefs=ALL-UNNAMED --add-exports=jdk.compiler/com.sun.tools.javac.api=ALL-UNNAMED --add-exports=jdk.compiler/com.sun.tools.javac.util=ALL-UNNAMED --add-opens=java.base/java.nio.charset=ALL-UNNAMED --add-opens=java.base/java.net=ALL-UNNAMED --add-opens=java.base/java.util.concurrent.atomic=ALL-UNNAMED -Xmx2048m -Dfile.encoding=UTF-8 -Duser.country=FR -Duser.language=fr -Duser.variant -javaagent:C:\Users\ibtis\.gradle\wrapper\dists\gradle-8.10.2-bin\a04bxjujx95o3nb99gddekhwo\gradle-8.10.2\lib\agents\gradle-instrumentation-agent-8.10.2.jar 
java_command: org.gradle.launcher.daemon.bootstrap.GradleDaemon 8.10.2
java_class_path (initial): C:\Users\ibtis\.gradle\wrapper\dists\gradle-8.10.2-bin\a04bxjujx95o3nb99gddekhwo\gradle-8.10.2\lib\gradle-daemon-main-8.10.2.jar
Launcher Type: SUN_STANDARD

[Global flags]
     intx CICompilerCount                          = 4                                         {product} {ergonomic}
     uint ConcGCThreads                            = 2                                         {product} {ergonomic}
     uint G1ConcRefinementThreads                  = 8                                         {product} {ergonomic}
   size_t G1HeapRegionSize                         = 1048576                                   {product} {ergonomic}
    uintx GCDrainStackTargetSize                   = 64                                        {product} {ergonomic}
   size_t InitialHeapSize                          = 199229440                                 {product} {ergonomic}
   size_t MarkStackSize                            = 4194304                                   {product} {ergonomic}
   size_t MaxHeapSize                              = 2147483648                                {product} {command line}
   size_t MaxNewSize                               = 1287651328                                {product} {ergonomic}
   size_t MinHeapDeltaBytes                        = 1048576                                   {product} {ergonomic}
   size_t MinHeapSize                              = 8388608                                   {product} {ergonomic}
    uintx NonNMethodCodeHeapSize                   = 5839372                                {pd product} {ergonomic}
    uintx NonProfiledCodeHeapSize                  = 122909434                              {pd product} {ergonomic}
    uintx ProfiledCodeHeapSize                     = 122909434                              {pd product} {ergonomic}
    uintx ReservedCodeCacheSize                    = 251658240                              {pd product} {ergonomic}
     bool SegmentedCodeCache                       = true                                      {product} {ergonomic}
   size_t SoftMaxHeapSize                          = 2147483648                             {manageable} {ergonomic}
     bool UseCompressedOops                        = true                           {product lp64_product} {ergonomic}
     bool UseG1GC                                  = true                                      {product} {ergonomic}
     bool UseLargePagesIndividualAllocation        = false                                  {pd product} {ergonomic}

Logging:
Log output configuration:
 #0: stdout all=warning uptime,level,tags foldmultilines=false
 #1: stderr all=off uptime,level,tags foldmultilines=false

Release file:
JAVA_VERSION="21.0.9" 
MODULES="java.base java.compiler java.datatransfer java.xml java.prefs java.desktop java.instrument java.logging java.management java.security.sasl java.naming java.rmi java.management.rmi java.net.http java.scripting java.security.jgss java.transaction.xa java.sql java.sql.rowset java.xml.crypto java.se java.smartcardio jdk.accessibility jdk.internal.jvmstat jdk.attach jdk.charsets jdk.internal.opt jdk.zipfs jdk.compiler jdk.crypto.ec jdk.crypto.cryptoki jdk.dynalink jdk.hotspot.agent jdk.httpserver jdk.internal.ed jdk.internal.le jdk.internal.vm.ci jdk.jartool jdk.javadoc jdk.jcmd jdk.jdeps jdk.jdwp.agent jdk.jdi jdk.jfr jdk.jlink jdk.jsobject jdk.localedata jdk.management jdk.management.agent jdk.management.jfr jdk.naming.dns jdk.naming.rmi jdk.net jdk.sctp jdk.security.auth jdk.security.jgss jdk.unsupported jdk.unsupported.desktop jdk.xml.dom" 
IMPLEMENTOR="JetBrains s.r.o." 
JAVA_RUNTIME_VERSION="21.0.9+-14787801-b1163.94" 
LIBC="default" 
OS_ARCH="x86_64" 
OS_NAME="Windows" 
SOURCE=".:git:0c757ddc9f2f" 

Environment Variables:
PATH=C:\Program Files\Common Files\Oracle\Java\javapath;C:\Program Files (x86)\VMware\VMware Workstation\bin\;C:\WINDOWS\system32;C:\WINDOWS;C:\WINDOWS\System32\Wbem;C:\WINDOWS\System32\WindowsPowerShell\v1.0\;C:\WINDOWS\System32\OpenSSH\;C:\Program Files\dotnet\;C:\php;C:\Program Files\Git\cmd;C:\Program Files\Maven\apache-maven-3.9.15\bin;C:\Program Files\nodejs\;C:\Program Files\Docker\Docker\resources\bin;C:\Program Files\MySQL\MySQL Shell 8.0\bin\;C:\Users\ibtis\AppData\Local\Programs\Python\Python312\Scripts\;C:\Users\ibtis\AppData\Local\Programs\Python\Python312\;C:\Users\ibtis\AppData\Local\Programs\Python\Launcher\;C:\Users\ibtis\AppData\Local\Microsoft\WindowsApps;C:\Users\ibtis\AppData\Local\Programs\Microsoft VS Code\bin;C:\Program Files\Java\jdk-25.0.2;C:\Users\ibtis\AppData\Roaming\npm;C:\platform-tools;C:\Users\ibtis\AppData\Local\Programs\Antigravity IDE\bin
USERNAME=ibtis
OS=Windows_NT
PROCESSOR_IDENTIFIER=Intel64 Family 6 Model 126 Stepping 5, GenuineIntel
TMP=C:\Users\ibtis\AppData\Local\Temp
TEMP=C:\Users\ibtis\AppData\Local\Temp




Periodic native trim disabled

JNI global refs:
JNI global refs: 28, weak refs: 0

JNI global refs memory usage: 835, weak refs: 833

Process memory usage:
Resident Set Size: 469180K (3% of 12383228K total physical memory with 2173060K free physical memory)

OOME stack traces (most recent first):
Classloader memory used:
Loader org.gradle.internal.classloader.VisitableURLClassLoader                         : 39399K
Loader bootstrap                                                                       : 26219K
Loader org.gradle.internal.classloader.VisitableURLClassLoader$InstrumentingVisitableURLClassLoader: 18287K
Loader org.gradle.initialization.MixInLegacyTypesClassLoader                           : 12082K
Loader org.gradle.internal.classloader.VisitableURLClassLoader                         : 1137K
Loader jdk.internal.loader.ClassLoaders$PlatformClassLoader                            : 551K
Loader jdk.internal.reflect.DelegatingClassLoader                                      : 355K
Loader jdk.internal.loader.ClassLoaders$AppClassLoader                                 : 234K
Loader org.gradle.groovy.scripts.internal.DefaultScriptCompilationHandler$ScriptClassLoader: 90856B
Loader org.codehaus.groovy.runtime.callsite.CallSiteClassLoader                        : 49928B

Classes loaded by more than one classloader:
Class Program                                                                         : loaded 5 times (x 72B)
Class Build_gradle                                                                    : loaded 3 times (x 130B)
Class com.google.common.collect.PeekingIterator                                       : loaded 3 times (x 70B)
Class com.google.common.base.Preconditions                                            : loaded 3 times (x 71B)
Class org.gradle.internal.IoActions                                                   : loaded 3 times (x 71B)
Class org.gradle.api.GradleException                                                  : loaded 3 times (x 82B)
Class org.gradle.api.Action                                                           : loaded 3 times (x 70B)
Class org.gradle.internal.Cast                                                        : loaded 3 times (x 71B)
Class Build_gradle$1                                                                  : loaded 3 times (x 74B)
Class com.google.common.collect.ImmutableList                                         : loaded 3 times (x 206B)
Class com.google.common.collect.Iterators$9                                           : loaded 3 times (x 81B)
Class com.google.common.collect.Lists                                                 : loaded 3 times (x 71B)
Class com.google.common.collect.ImmutableCollection                                   : loaded 3 times (x 125B)
Class com.google.common.collect.Iterators$5                                           : loaded 3 times (x 82B)
Class com.google.common.collect.Iterators$4                                           : loaded 3 times (x 82B)
Class com.google.common.collect.Iterators$1                                           : loaded 3 times (x 81B)
Class com.google.common.collect.Iterators$MergingIterator                             : loaded 3 times (x 81B)
Class com.google.common.collect.UnmodifiableListIterator                              : loaded 3 times (x 95B)
Class com.google.common.collect.AbstractIndexedListIterator                           : loaded 3 times (x 96B)
Class com.google.common.collect.AbstractIterator                                      : loaded 3 times (x 82B)
Class com.google.common.collect.Lists$StringAsImmutableList                           : loaded 3 times (x 207B)
Class com.google.common.collect.Iterators                                             : loaded 3 times (x 71B)
Class com.google.common.collect.UnmodifiableIterator                                  : loaded 3 times (x 80B)
Class com.google.common.collect.Iterators$ArrayItr                                    : loaded 3 times (x 97B)
Class com.google.common.base.CharMatcher$None                                         : loaded 2 times (x 112B)
Class kotlin.collections.AbstractList$Companion                                       : loaded 2 times (x 71B)
Class org.gradle.internal.classloader.ClassLoaderVisitor                              : loaded 2 times (x 76B)
Class [Lcom.google.common.collect.ImmutableMapEntry;                                  : loaded 2 times (x 69B)
Class org.gradle.api.internal.classpath.EffectiveClassPath                            : loaded 2 times (x 90B)
Class com.google.common.collect.ImmutableEnumMap                                      : loaded 2 times (x 125B)
Class com.google.common.collect.ListMultimap                                          : loaded 2 times (x 70B)
Class org.gradle.tooling.internal.gradle.DefaultProjectIdentifier                     : loaded 2 times (x 86B)
Class com.google.common.collect.Sets$1                                                : loaded 2 times (x 139B)
Class org.objectweb.asm.AnnotationVisitor                                             : loaded 2 times (x 78B)
Class com.google.common.base.Splitter                                                 : loaded 2 times (x 72B)
Class org.gradle.api.internal.DefaultClassPathProvider                                : loaded 2 times (x 76B)
Class com.google.common.collect.Sets$2                                                : loaded 2 times (x 139B)
Class [Lorg.gradle.api.internal.ClassPathProvider;                                    : loaded 2 times (x 69B)
Class org.gradle.api.internal.ClassPathProvider                                       : loaded 2 times (x 70B)
Class com.google.common.collect.Sets$3                                                : loaded 2 times (x 139B)
Class com.google.common.util.concurrent.AbstractFuture$SafeAtomicHelper               : loaded 2 times (x 79B)
Class com.google.common.cache.LocalCache$LocalLoadingCache                            : loaded 2 times (x 134B)
Class com.google.common.base.AbstractIterator$State                                   : loaded 2 times (x 79B)
Class org.gradle.internal.service.UnknownServiceException                             : loaded 2 times (x 83B)
Class com.google.common.collect.Sets$4                                                : loaded 2 times (x 139B)
Class org.objectweb.asm.ModuleVisitor                                                 : loaded 2 times (x 81B)
Class com.google.common.cache.LocalCache$Strength$1                                   : loaded 2 times (x 81B)
Class com.google.common.util.concurrent.SettableFuture                                : loaded 2 times (x 114B)
Class com.google.common.cache.LocalCache$Strength$2                                   : loaded 2 times (x 81B)
Class org.gradle.tooling.model.Dependency                                             : loaded 2 times (x 70B)
Class com.google.common.cache.LocalCache$Strength$3                                   : loaded 2 times (x 81B)
Class com.google.common.collect.MapDifference                                         : loaded 2 times (x 70B)
Class com.google.common.base.Splitter$1                                               : loaded 2 times (x 77B)
Class org.objectweb.asm.FieldWriter                                                   : loaded 2 times (x 78B)
Class com.google.common.cache.CacheBuilder$NullListener                               : loaded 2 times (x 82B)
Class org.gradle.internal.classpath.TransformedClassPath                              : loaded 2 times (x 96B)
Class org.gradle.internal.classloader.InstrumentingClassLoader                        : loaded 2 times (x 70B)
Class com.google.common.cache.CacheLoader$FunctionToCacheLoader                       : loaded 2 times (x 75B)
Class org.gradle.internal.classloader.DefaultClassLoaderFactory                       : loaded 2 times (x 82B)
Class com.google.common.collect.ImmutableCollection$Builder                           : loaded 2 times (x 76B)
Class kotlin.enums.EnumEntriesList                                                    : loaded 2 times (x 223B)
Class com.google.common.base.Joiner                                                   : loaded 2 times (x 79B)
Class com.google.common.base.MoreObjects                                              : loaded 2 times (x 71B)
Class [Lorg.objectweb.asm.Type;                                                       : loaded 2 times (x 69B)
Class com.google.common.collect.Platform                                              : loaded 2 times (x 71B)
Class com.google.common.base.Platform$JdkPatternCompiler                              : loaded 2 times (x 75B)
Class org.gradle.internal.service.ServiceLocator                                      : loaded 2 times (x 70B)
Class com.google.common.base.Ascii                                                    : loaded 2 times (x 71B)
Class com.google.common.collect.SingletonImmutableBiMap                               : loaded 2 times (x 143B)
Class com.google.common.cache.LocalCache$1                                            : loaded 2 times (x 89B)
Class com.google.common.collect.AbstractMapEntry                                      : loaded 2 times (x 81B)
Class com.intellij.gradle.toolingExtension.util.GradleVersionUtil                     : loaded 2 times (x 71B)
Class org.gradle.tooling.model.UnsupportedMethodException                             : loaded 2 times (x 82B)
Class com.google.common.collect.ImmutableList$Builder                                 : loaded 2 times (x 77B)
Class com.google.common.cache.LocalCache$2                                            : loaded 2 times (x 142B)
Class com.google.common.collect.AbstractMultimap                                      : loaded 2 times (x 123B)
Class com.google.common.util.concurrent.AbstractFuture$UnsafeAtomicHelper$1           : loaded 2 times (x 76B)
Class com.google.common.collect.RegularImmutableAsList                                : loaded 2 times (x 216B)
Class com.google.common.util.concurrent.AbstractFuture$Trusted                        : loaded 2 times (x 70B)
Class com.google.common.base.Suppliers                                                : loaded 2 times (x 71B)
Class com.google.common.base.CharMatcher$RangesMatcher                                : loaded 2 times (x 112B)
Class org.gradle.tooling.internal.adapter.CollectionMapper                            : loaded 2 times (x 73B)
Class com.google.common.util.concurrent.UncheckedExecutionException                   : loaded 2 times (x 82B)
Class [Lcom.google.common.cache.CacheBuilder$OneWeigher;                              : loaded 2 times (x 69B)
Class org.gradle.kotlin.dsl.VersionCatalogAccessorsKt                                 : loaded 2 times (x 71B)
Class com.google.common.base.CharMatcher$JavaLetterOrDigit                            : loaded 2 times (x 111B)
Class org.gradle.tooling.internal.adapter.ProtocolToModelAdapter                      : loaded 2 times (x 80B)
Class org.gradle.internal.InternalTransformer                                         : loaded 2 times (x 70B)
Class org.objectweb.asm.ClassWriter                                                   : loaded 2 times (x 106B)
Class com.google.common.cache.CacheLoader$UnsupportedLoadingOperationException        : loaded 2 times (x 82B)
Class com.google.common.base.CharMatcher$And                                          : loaded 2 times (x 112B)
Class org.gradle.internal.time.DefaultTimer                                           : loaded 2 times (x 80B)
Class org.gradle.internal.classloader.ClasspathUtil$1                                 : loaded 2 times (x 76B)
Class com.google.common.base.Objects                                                  : loaded 2 times (x 71B)
Class org.objectweb.asm.FieldVisitor                                                  : loaded 2 times (x 77B)
Class com.google.common.collect.IndexedImmutableSet                                   : loaded 2 times (x 150B)
Class com.google.common.collect.ImmutableMap$1                                        : loaded 2 times (x 81B)
Class com.google.common.collect.BiMap                                                 : loaded 2 times (x 70B)
Class org.gradle.api.internal.classpath.DefaultModuleRegistry$DefaultModule           : loaded 2 times (x 86B)
Class com.google.common.primitives.Ints                                               : loaded 2 times (x 71B)
Class org.objectweb.asm.MethodTooLargeException                                       : loaded 2 times (x 83B)
Class com.google.common.math.MathPreconditions                                        : loaded 2 times (x 71B)
Class com.google.common.collect.Multiset                                              : loaded 2 times (x 70B)
Class com.google.common.collect.ArrayListMultimapGwtSerializationDependencies         : loaded 2 times (x 172B)
Class com.google.common.collect.ObjectArrays                                          : loaded 2 times (x 71B)
Class org.gradle.internal.operations.MultipleBuildOperationFailures                   : loaded 2 times (x 95B)
Class org.gradle.internal.time.DefaultCountdownTimer                                  : loaded 2 times (x 88B)
Class com.google.common.collect.ImmutableMapEntrySet                                  : loaded 2 times (x 151B)
Class org.gradle.tooling.internal.gradle.DefaultBuildIdentifier                       : loaded 2 times (x 79B)
Class org.gradle.api.internal.classpath.Module                                        : loaded 2 times (x 70B)
Class com.google.common.cache.Weigher                                                 : loaded 2 times (x 70B)
Class org.gradle.api.internal.classpath.UnknownModuleException                        : loaded 2 times (x 82B)
Class com.google.common.base.Stopwatch                                                : loaded 2 times (x 72B)
Class com.google.common.cache.LocalCache$Strength                                     : loaded 2 times (x 81B)
Class com.google.common.cache.Cache                                                   : loaded 2 times (x 70B)
Class com.google.common.util.concurrent.AbstractFuture$Cancellation                   : loaded 2 times (x 72B)
Class com.google.common.collect.ImmutableMap$Builder                                  : loaded 2 times (x 82B)
Class com.google.common.base.NullnessCasts                                            : loaded 2 times (x 71B)
Class com.google.common.cache.RemovalListener                                         : loaded 2 times (x 70B)
Class org.gradle.tooling.internal.gradle.GradleProjectIdentity                        : loaded 2 times (x 70B)
Class org.gradle.api.internal.DefaultClassPathRegistry                                : loaded 2 times (x 76B)
Class com.google.common.primitives.IntsMethodsForWeb                                  : loaded 2 times (x 71B)
Class com.google.common.collect.Multimap                                              : loaded 2 times (x 70B)
Class org.gradle.api.internal.ClassPathRegistry                                       : loaded 2 times (x 70B)
Class org.gradle.internal.classpath.DefaultClassPath$ImmutableUniqueList              : loaded 2 times (x 199B)
Class com.google.common.base.ExtraObjectsMethodsForWeb                                : loaded 2 times (x 71B)
Class org.objectweb.asm.ClassVisitor                                                  : loaded 2 times (x 88B)
Class com.google.common.cache.CacheBuilder                                            : loaded 2 times (x 72B)
Class com.google.common.collect.SingletonImmutableList                                : loaded 2 times (x 207B)
Class Settings_gradle$1                                                               : loaded 2 times (x 74B)
Class org.gradle.internal.classpath.ClassPath                                         : loaded 2 times (x 70B)
Class org.gradle.api.UncheckedIOException                                             : loaded 2 times (x 82B)
Class com.google.common.collect.ImmutableList$ReverseImmutableList                    : loaded 2 times (x 208B)
Class com.google.common.base.JdkPattern                                               : loaded 2 times (x 75B)
Class org.objectweb.asm.SymbolTable$Entry                                             : loaded 2 times (x 74B)
Class com.google.common.util.concurrent.AbstractFuture$AtomicHelper                   : loaded 2 times (x 78B)
Class org.objectweb.asm.Edge                                                          : loaded 2 times (x 72B)
Class com.google.common.base.Suppliers$SupplierOfInstance                             : loaded 2 times (x 79B)
Class [Lorg.objectweb.asm.Symbol;                                                     : loaded 2 times (x 69B)
Class org.gradle.tooling.model.Model                                                  : loaded 2 times (x 70B)
Class com.google.common.cache.LocalCache$ComputingValueReference                      : loaded 2 times (x 96B)
Class com.google.common.collect.SingletonImmutableSet                                 : loaded 2 times (x 146B)
Class com.google.common.collect.ImmutableMap$IteratorBasedImmutableMap                : loaded 2 times (x 125B)
Class kotlin.UninitializedPropertyAccessException                                     : loaded 2 times (x 82B)
Class com.google.common.cache.LocalCache$Segment                                      : loaded 2 times (x 154B)
Class org.gradle.tooling.internal.adapter.ProtocolToModelAdapter$MethodInvocationCache: loaded 2 times (x 73B)
Class [Lorg.objectweb.asm.SymbolTable$Entry;                                          : loaded 2 times (x 69B)
Class com.google.common.cache.CacheLoader                                             : loaded 2 times (x 74B)
Class org.gradle.tooling.internal.adapter.TargetTypeProvider                          : loaded 2 times (x 70B)
Class com.google.common.collect.ImmutableBiMap                                        : loaded 2 times (x 143B)
Class com.google.common.collect.AbstractListMultimap                                  : loaded 2 times (x 172B)
Class org.gradle.internal.installation.GradleInstallation$1                           : loaded 2 times (x 75B)
Class org.gradle.api.internal.classpath.ModuleRegistry                                : loaded 2 times (x 70B)
Class com.google.common.util.concurrent.internal.InternalFutureFailureAccess          : loaded 2 times (x 72B)
Class com.google.common.collect.ImmutableMap$MapViewOfValuesAsSingletonSets           : loaded 2 times (x 125B)
Class com.google.common.collect.ImmutableSet$JdkBackedSetBuilderImpl                  : loaded 2 times (x 76B)
Class com.google.common.base.Splitter$SplittingIterator                               : loaded 2 times (x 84B)
Class org.gradle.tooling.internal.adapter.ObjectGraphAdapter                          : loaded 2 times (x 70B)
Class com.google.common.util.concurrent.AbstractFuture$UnsafeAtomicHelper             : loaded 2 times (x 78B)
Class com.google.common.cache.LocalCache$LocalManualCache$1                           : loaded 2 times (x 75B)
Class com.google.common.base.CharMatcher$ForPredicate                                 : loaded 2 times (x 112B)
Class com.google.common.collect.RegularImmutableMap                                   : loaded 2 times (x 121B)
Class com.google.common.base.CharMatcher$AnyOf                                        : loaded 2 times (x 112B)
Class org.gradle.api.internal.classpath.DefaultModuleRegistry                         : loaded 2 times (x 86B)
Class com.google.common.util.concurrent.ListenableFuture                              : loaded 2 times (x 70B)
Class com.google.common.cache.ReferenceEntry                                          : loaded 2 times (x 70B)
Class com.google.common.collect.ImmutableSet$CachingAsList                            : loaded 2 times (x 147B)
Class com.google.common.base.Converter                                                : loaded 2 times (x 90B)
Class org.gradle.api.internal.classpath.ManifestUtil                                  : loaded 2 times (x 71B)
Class com.google.common.base.CharMatcher$Any                                          : loaded 2 times (x 112B)
Class com.google.common.util.concurrent.AbstractFuture                                : loaded 2 times (x 106B)
Class com.google.common.base.FunctionalEquivalence                                    : loaded 2 times (x 83B)
Class com.google.common.collect.ImmutableList$1                                       : loaded 2 times (x 97B)
Class com.google.common.collect.AbstractMapBasedMultimap                              : loaded 2 times (x 139B)
Class com.google.common.collect.ImmutableAsList                                       : loaded 2 times (x 209B)
Class sync_studio_tooling1_3srnr4950dq6cqv0pvre9d74f                                  : loaded 2 times (x 179B)
Class org.objectweb.asm.RecordComponentVisitor                                        : loaded 2 times (x 77B)
Class com.google.common.util.concurrent.ExecutionError                                : loaded 2 times (x 82B)
Class com.google.common.collect.Maps$EntryTransformer                                 : loaded 2 times (x 70B)
Class org.gradle.internal.time.MonotonicClock                                         : loaded 2 times (x 77B)
Class org.gradle.internal.service.ServiceLookupException                              : loaded 2 times (x 82B)
Class [Lcom.google.common.cache.LocalCache$EntryFactory;                              : loaded 2 times (x 69B)
Class com.google.common.base.CharMatcher$JavaLetter                                   : loaded 2 times (x 111B)
Class org.gradle.internal.classloader.ClassLoaderFactory                              : loaded 2 times (x 70B)
Class com.google.common.cache.LocalCache$LocalManualCache                             : loaded 2 times (x 99B)
Class com.google.common.base.CharMatcher$IsNot                                        : loaded 2 times (x 111B)
Class com.google.common.base.CommonPattern                                            : loaded 2 times (x 74B)
Class org.gradle.internal.service.CachingServiceLocator                               : loaded 2 times (x 82B)
Class com.google.common.math.IntMath                                                  : loaded 2 times (x 71B)
Class com.google.common.collect.Iterators$10                                          : loaded 2 times (x 81B)
Class com.google.common.collect.ImmutableMapEntry                                     : loaded 2 times (x 85B)
Class com.google.common.base.CharMatcher$JavaDigit                                    : loaded 2 times (x 111B)
Class org.gradle.internal.time.TimeSource                                             : loaded 2 times (x 70B)
Class com.google.common.base.Equivalence                                              : loaded 2 times (x 82B)
Class com.google.common.collect.ImmutableMapEntry$NonTerminalImmutableMapEntry        : loaded 2 times (x 85B)
Class com.google.common.base.Function                                                 : loaded 2 times (x 70B)
Class org.jetbrains.plugins.gradle.tooling.serialization.SerializationService         : loaded 2 times (x 70B)
Class org.gradle.tooling.internal.gradle.GradleBuildIdentity                          : loaded 2 times (x 70B)
Class kotlin.enums.EnumEntries                                                        : loaded 2 times (x 70B)
Class com.google.common.cache.CacheBuilder$OneWeigher                                 : loaded 2 times (x 82B)
Class com.google.common.collect.RegularImmutableList                                  : loaded 2 times (x 212B)
Class org.gradle.internal.exceptions.ResolutionProvider                               : loaded 2 times (x 70B)
Class com.google.common.collect.ImmutableBiMapFauxverideShim                          : loaded 2 times (x 120B)
Class org.gradle.tooling.model.ProjectIdentifier                                      : loaded 2 times (x 70B)
Class org.gradle.internal.classloader.ClasspathUtil                                   : loaded 2 times (x 71B)
Class com.google.common.base.Charsets                                                 : loaded 2 times (x 71B)
Class com.google.common.util.concurrent.Uninterruptibles                              : loaded 2 times (x 71B)
Class com.google.common.collect.Maps                                                  : loaded 2 times (x 71B)
Class com.google.common.base.CharMatcher$JavaUpperCase                                : loaded 2 times (x 111B)
Class org.gradle.internal.time.TimeSource$1                                           : loaded 2 times (x 77B)
Class kotlin.jvm.internal.DefaultConstructorMarker                                    : loaded 2 times (x 71B)
Class org.gradle.api.specs.Spec                                                       : loaded 2 times (x 70B)
Class [Lcom.google.common.collect.ImmutableEntry;                                     : loaded 2 times (x 69B)
Class com.google.common.cache.LocalCache$LoadingValueReference                        : loaded 2 times (x 96B)
Class com.google.common.collect.ImmutableEnumSet                                      : loaded 2 times (x 146B)
Class com.google.common.base.Platform                                                 : loaded 2 times (x 71B)
Class com.intellij.gradle.toolingExtension.impl.model.utilDummyModel.DummyModel       : loaded 2 times (x 70B)
Class org.gradle.internal.time.Clock                                                  : loaded 2 times (x 70B)
Class com.google.common.primitives.Ints$IntConverter                                  : loaded 2 times (x 90B)
Class com.google.common.collect.Maps$8                                                : loaded 2 times (x 82B)
Class org.gradle.tooling.internal.adapter.TypeInspector                               : loaded 2 times (x 73B)
Class org.gradle.tooling.internal.adapter.ProtocolToModelAdapter$NoOpDecoration       : loaded 2 times (x 79B)
Class org.gradle.tooling.model.Element                                                : loaded 2 times (x 70B)
Class kotlin.collections.AbstractList                                                 : loaded 2 times (x 197B)
Class kotlin.collections.AbstractCollection                                           : loaded 2 times (x 117B)
Class com.google.common.collect.Sets$SetView                                          : loaded 2 times (x 138B)
Class com.google.common.cache.LocalCache$StrongValueReference                         : loaded 2 times (x 90B)
Class com.google.common.util.concurrent.AbstractFuture$SynchronizedHelper             : loaded 2 times (x 78B)
Class com.google.common.base.CharMatcher$Invisible                                    : loaded 2 times (x 112B)
Class org.objectweb.asm.Type                                                          : loaded 2 times (x 72B)
Class org.gradle.internal.classloader.VisitableURLClassLoader$InstrumentingVisitableURLClassLoader: loaded 2 times (x 123B)
Class org.objectweb.asm.ByteVector                                                    : loaded 2 times (x 79B)
Class [Lcom.google.common.cache.CacheBuilder$NullListener;                            : loaded 2 times (x 69B)
Class com.google.common.math.IntMath$1                                                : loaded 2 times (x 71B)
Class org.gradle.internal.classloader.VisitableURLClassLoader$Spec                    : loaded 2 times (x 74B)
Class org.gradle.internal.classpath.DefaultClassPath                                  : loaded 2 times (x 90B)
Class org.objectweb.asm.Symbol                                                        : loaded 2 times (x 73B)
Class com.google.common.base.AbstractIterator                                         : loaded 2 times (x 80B)
Class org.gradle.util.internal.DefaultGradleVersion                                   : loaded 2 times (x 82B)
Class com.google.common.collect.RegularImmutableMap$Values                            : loaded 2 times (x 207B)
Class com.google.common.collect.ImmutableSet                                          : loaded 2 times (x 145B)
Class com.google.common.base.CharMatcher$Ascii                                        : loaded 2 times (x 112B)
Class com.google.common.base.CharMatcher$BitSetMatcher                                : loaded 2 times (x 112B)
Class org.gradle.internal.classloader.ClassLoaderSpec                                 : loaded 2 times (x 71B)
Class org.objectweb.asm.AnnotationWriter                                              : loaded 2 times (x 79B)
Class com.google.common.cache.CacheStats                                              : loaded 2 times (x 71B)
Class org.objectweb.asm.RecordComponentWriter                                         : loaded 2 times (x 78B)
Class com.google.common.util.concurrent.AbstractFuture$Listener                       : loaded 2 times (x 72B)
Class com.google.common.base.CharMatcher$Or                                           : loaded 2 times (x 112B)
Class Settings_gradle$1$1                                                             : loaded 2 times (x 74B)
Class org.objectweb.asm.Attribute                                                     : loaded 2 times (x 77B)
Class com.google.common.base.Supplier                                                 : loaded 2 times (x 70B)
Class org.gradle.internal.classloader.VisitableURLClassLoader                         : loaded 2 times (x 117B)
Class com.google.common.util.concurrent.AbstractFuture$Waiter                         : loaded 2 times (x 72B)
Class Settings_gradle                                                                 : loaded 2 times (x 128B)
Class org.gradle.internal.classloader.ClassLoaderHierarchy                            : loaded 2 times (x 70B)
Class com.google.common.base.CharMatcher$IsEither                                     : loaded 2 times (x 111B)
Class org.gradle.tooling.model.idea.IdeaDependency                                    : loaded 2 times (x 70B)
Class com.google.common.collect.Sets                                                  : loaded 2 times (x 71B)
Class org.objectweb.asm.Handler                                                       : loaded 2 times (x 72B)
Class com.google.common.base.Ticker                                                   : loaded 2 times (x 72B)
Class com.google.common.base.Strings                                                  : loaded 2 times (x 71B)
Class com.google.common.base.CharMatcher$FastMatcher                                  : loaded 2 times (x 111B)
Class [Lcom.google.common.cache.LocalCache$Segment;                                   : loaded 2 times (x 69B)
Class [Lcom.google.common.cache.LocalCache$Strength;                                  : loaded 2 times (x 69B)
Class com.google.common.cache.CacheBuilder$1                                          : loaded 2 times (x 85B)
Class com.google.common.collect.ImmutableMap                                          : loaded 2 times (x 120B)
Class com.google.common.base.Predicate                                                : loaded 2 times (x 70B)
Class org.gradle.internal.classpath.DefaultClassPath$ImmutableUniqueList$Builder      : loaded 2 times (x 75B)
Class com.google.common.cache.LocalCache                                              : loaded 2 times (x 187B)
Class com.google.common.cache.CacheBuilder$2                                          : loaded 2 times (x 72B)
Class com.google.common.base.CharMatcher$NegatedFastMatcher                           : loaded 2 times (x 113B)
Class ijInit1_c4wp4y42nc6fmz0i0llg6lzdt                                               : loaded 2 times (x 179B)
Class [Lcom.google.common.collect.AbstractMapEntry;                                   : loaded 2 times (x 69B)
Class com.google.common.collect.ImmutableEntry                                        : loaded 2 times (x 82B)
Class com.google.common.collect.ArrayListMultimap                                     : loaded 2 times (x 172B)
Class com.google.common.base.AbstractIterator$1                                       : loaded 2 times (x 71B)
Class com.google.common.base.CharMatcher$Digit                                        : loaded 2 times (x 112B)
Class [Lcom.google.common.base.AbstractIterator$State;                                : loaded 2 times (x 69B)
Class org.gradle.internal.exceptions.NonGradleCauseExceptionsHolder                   : loaded 2 times (x 70B)
Class org.gradle.tooling.model.idea.IdeaModuleDependency                              : loaded 2 times (x 70B)
Class org.gradle.tooling.internal.adapter.ViewBuilder                                 : loaded 2 times (x 70B)
Class com.google.common.collect.CollectPreconditions                                  : loaded 2 times (x 71B)
Class com.google.common.base.CharMatcher$JavaIsoControl                               : loaded 2 times (x 112B)
Class com.google.common.collect.SortedMapDifference                                   : loaded 2 times (x 70B)
Class com.google.common.base.CharMatcher$JavaLowerCase                                : loaded 2 times (x 111B)
Class com.google.common.cache.LocalCache$EntryFactory                                 : loaded 2 times (x 83B)
Class org.gradle.tooling.internal.adapter.ProtocolToModelAdapter$ReflectionMethodInvoker: loaded 2 times (x 76B)
Class com.google.common.cache.LocalCache$AbstractReferenceEntry                       : loaded 2 times (x 107B)
Class com.google.common.base.Splitter$1$1                                             : loaded 2 times (x 86B)
Class com.google.common.base.CharMatcher$Whitespace                                   : loaded 2 times (x 112B)
Class org.gradle.internal.classloader.FilteringClassLoader                            : loaded 2 times (x 105B)
Class kotlin.enums.EnumEntriesKt                                                      : loaded 2 times (x 71B)
Class org.objectweb.asm.SymbolTable                                                   : loaded 2 times (x 72B)
Class com.google.common.cache.CacheLoader$InvalidCacheLoadException                   : loaded 2 times (x 82B)
Class com.google.common.collect.ImmutableSet$RegularSetBuilderImpl                    : loaded 2 times (x 77B)
Class com.google.common.base.CharMatcher$SingleWidth                                  : loaded 2 times (x 112B)
Class org.gradle.internal.classloader.SystemClassLoaderSpec                           : loaded 2 times (x 71B)
Class com.google.common.cache.LocalCache$StrongEntry                                  : loaded 2 times (x 108B)
Class com.google.common.util.concurrent.AbstractFuture$TrustedFuture                  : loaded 2 times (x 114B)
Class com.google.common.cache.LoadingCache                                            : loaded 2 times (x 70B)
Class org.gradle.internal.exceptions.MultiCauseException                              : loaded 2 times (x 70B)
Class org.gradle.internal.time.CountdownTimer                                         : loaded 2 times (x 70B)
Class kotlin.jvm.internal.Intrinsics                                                  : loaded 2 times (x 71B)
Class org.objectweb.asm.MethodWriter                                                  : loaded 2 times (x 106B)
Class [Lcom.google.common.cache.Weigher;                                              : loaded 2 times (x 69B)
Class com.google.common.collect.RegularImmutableMap$BucketOverflowException           : loaded 2 times (x 82B)
Class org.gradle.tooling.model.ProjectModel                                           : loaded 2 times (x 70B)
Class kotlin.KotlinNullPointerException                                               : loaded 2 times (x 83B)
Class com.google.common.collect.RegularImmutableBiMap                                 : loaded 2 times (x 148B)
Class com.google.common.cache.LocalCache$ValueReference                               : loaded 2 times (x 70B)
Class com.google.common.base.CharMatcher$Is                                           : loaded 2 times (x 111B)
Class com.google.common.base.CharMatcher$Negated                                      : loaded 2 times (x 113B)
Class org.gradle.internal.exceptions.DefaultMultiCauseException                       : loaded 2 times (x 95B)
Class com.google.common.util.concurrent.AbstractFuture$Failure                        : loaded 2 times (x 72B)
Class com.google.common.base.Equivalence$Equals                                       : loaded 2 times (x 82B)
Class com.google.common.collect.Hashing                                               : loaded 2 times (x 71B)
Class com.google.common.base.PatternCompiler                                          : loaded 2 times (x 70B)
Class kotlin.NotImplementedError                                                      : loaded 2 times (x 82B)
Class org.gradle.tooling.model.HierarchicalElement                                    : loaded 2 times (x 70B)
Class com.google.common.base.Joiner$1                                                 : loaded 2 times (x 80B)
Class org.objectweb.asm.Label                                                         : loaded 2 times (x 73B)
Class org.objectweb.asm.CurrentFrame                                                  : loaded 2 times (x 73B)
Class org.objectweb.asm.ClassTooLargeException                                        : loaded 2 times (x 83B)
Class com.google.common.collect.RegularImmutableMap$KeySet                            : loaded 2 times (x 150B)
Class com.google.common.base.CharMatcher                                              : loaded 2 times (x 111B)
Class org.gradle.internal.time.Time                                                   : loaded 2 times (x 71B)
Class com.google.common.base.Joiner$2                                                 : loaded 2 times (x 79B)
Class org.objectweb.asm.Frame                                                         : loaded 2 times (x 73B)
Class org.objectweb.asm.MethodVisitor                                                 : loaded 2 times (x 105B)
Class com.google.common.cache.LocalCache$EntryFactory$1                               : loaded 2 times (x 83B)
Class [Lcom.google.common.cache.RemovalListener;                                      : loaded 2 times (x 69B)
Class com.google.common.base.CharMatcher$1                                            : loaded 2 times (x 113B)
Class com.google.common.base.CharMatcher$NamedFastMatcher                             : loaded 2 times (x 112B)
Class com.google.common.cache.LocalCache$EntryFactory$2                               : loaded 2 times (x 83B)
Class org.gradle.api.internal.classpath.GlobalCacheRootsProvider                      : loaded 2 times (x 70B)
Class org.objectweb.asm.ModuleWriter                                                  : loaded 2 times (x 82B)
Class com.google.common.cache.LocalCache$EntryFactory$3                               : loaded 2 times (x 83B)
Class com.google.common.base.Ticker$1                                                 : loaded 2 times (x 72B)
Class com.google.common.collect.ImmutableMapEntrySet$RegularEntrySet                  : loaded 2 times (x 151B)
Class com.google.common.collect.Maps$BiMapConverter                                   : loaded 2 times (x 90B)
Class org.gradle.tooling.model.BuildIdentifier                                        : loaded 2 times (x 70B)
Class kotlin.NoWhenBranchMatchedException                                             : loaded 2 times (x 82B)
Class com.google.common.cache.LocalCache$EntryFactory$4                               : loaded 2 times (x 83B)
Class com.google.common.collect.ImmutableSet$Builder                                  : loaded 2 times (x 85B)
Class com.google.common.base.CharMatcher$InRange                                      : loaded 2 times (x 111B)
Class com.google.common.cache.LocalCache$EntryFactory$5                               : loaded 2 times (x 83B)
Class com.google.common.base.PairwiseEquivalence                                      : loaded 2 times (x 83B)
Class com.google.common.cache.LocalCache$EntryFactory$6                               : loaded 2 times (x 83B)
Class org.gradle.internal.time.Timer                                                  : loaded 2 times (x 70B)
Class kotlin.jvm.internal.markers.KMappedMarker                                       : loaded 2 times (x 70B)
Class org.gradle.internal.installation.CurrentGradleInstallationLocator               : loaded 2 times (x 71B)
Class com.google.common.cache.LocalCache$EntryFactory$7                               : loaded 2 times (x 83B)
Class com.google.common.collect.ImmutableSet$EmptySetBuilderImpl                      : loaded 2 times (x 76B)
Class com.google.common.cache.CacheLoader$SupplierToCacheLoader                       : loaded 2 times (x 75B)
Class org.gradle.tooling.model.idea.IdeaProject                                       : loaded 2 times (x 70B)
Class org.gradle.tooling.model.DomainObjectSet                                        : loaded 2 times (x 70B)
Class org.gradle.internal.service.DefaultServiceLocator                               : loaded 2 times (x 83B)
Class com.google.common.cache.LocalCache$EntryFactory$8                               : loaded 2 times (x 83B)
Class com.google.common.collect.ImmutableSet$SetBuilderImpl                           : loaded 2 times (x 76B)
Class org.gradle.util.GradleVersion                                                   : loaded 2 times (x 81B)
Class org.gradle.internal.installation.CurrentGradleInstallation                      : loaded 2 times (x 73B)
Class com.google.common.cache.CacheLoader$1                                           : loaded 2 times (x 75B)
Class com.google.common.collect.ImmutableList$SubList                                 : loaded 2 times (x 208B)
Class org.gradle.util.internal.GUtil                                                  : loaded 2 times (x 71B)
Class com.google.common.util.concurrent.AbstractFuture$SetFuture                      : loaded 2 times (x 75B)
Class com.google.common.cache.AbstractCache$StatsCounter                              : loaded 2 times (x 70B)
Class com.google.common.base.Equivalence$Identity                                     : loaded 2 times (x 82B)
Class com.google.common.collect.RegularImmutableSet                                   : loaded 2 times (x 148B)
Class org.gradle.tooling.internal.adapter.ProtocolToModelAdapter$1                    : loaded 2 times (x 75B)
Class org.gradle.tooling.internal.adapter.ProtocolToModelAdapter$ViewDecoration       : loaded 2 times (x 70B)
Class org.gradle.internal.installation.GradleInstallation                             : loaded 2 times (x 75B)
Class com.google.common.collect.Iterables                                             : loaded 2 times (x 71B)
Class com.google.common.base.Splitter$Strategy                                        : loaded 2 times (x 70B)
Class org.gradle.tooling.internal.adapter.MethodInvoker                               : loaded 2 times (x 70B)

---------------  S Y S T E M  ---------------

OS:
 Windows 11 , 64 bit Build 26100 (10.0.26100.8328)
OS uptime: 0 days 0:43 hours

CPU: total 8 (initial active 8) (4 cores per cpu, 2 threads per core) family 6 model 126 stepping 5 microcode 0xa6, cx8, cmov, fxsr, ht, mmx, 3dnowpref, sse, sse2, sse3, ssse3, sse4.1, sse4.2, popcnt, lzcnt, tsc, tscinvbit, avx, avx2, aes, erms, clmul, bmi1, bmi2, adx, avx512f, avx512dq, avx512cd, avx512bw, avx512vl, sha, fma, vzeroupper, avx512_vpopcntdq, avx512_vpclmulqdq, avx512_vaes, avx512_vnni, clflush, clflushopt, avx512_vbmi2, avx512_vbmi, rdtscp, rdpid, fsrm, gfni, avx512_bitalg, f16c, pku, avx512_ifma
Processor Information for the first 8 processors :
  Max Mhz: 1190, Current Mhz: 991, Mhz Limit: 987

Memory: 4k page, system-wide physical 12092M (2123M free)
TotalPageFile size 22332M (AvailPageFile size 9456M)
current process WorkingSet (physical memory assigned to process): 458M, peak: 467M
current process commit charge ("private bytes"): 501M, peak: 502M

vm_info: OpenJDK 64-Bit Server VM (21.0.9+-14787801-b1163.94) for windows-amd64 JRE (21.0.9+-14787801-b1163.94), built on 2026-01-27T21:15:44Z by "builder" with MS VC++ 16.10 / 16.11 (VS2019)

END.
