#
# A fatal error has been detected by the Java Runtime Environment:
#
#  EXCEPTION_ACCESS_VIOLATION (0xc0000005) at pc=0x00007ffd61355c4b, pid=17700, tid=9760
#
# JRE version: OpenJDK Runtime Environment (21.0.9) (build 21.0.9+-14787801-b1163.94)
# Java VM: OpenJDK 64-Bit Server VM (21.0.9+-14787801-b1163.94, mixed mode, tiered, compressed oops, compressed class ptrs, g1 gc, windows-amd64)
# Problematic frame:
# V  [jvm.dll+0x2f5c4b]
#
# No core dump will be written. Minidumps are not enabled by default on client versions of Windows
#
# If you would like to submit a bug report, please visit:
#   https://youtrack.jetbrains.com/issues/JBR
#

---------------  S U M M A R Y ------------

Command Line: --add-opens=java.base/java.util=ALL-UNNAMED --add-opens=java.base/java.lang=ALL-UNNAMED --add-opens=java.base/java.lang.invoke=ALL-UNNAMED --add-opens=java.prefs/java.util.prefs=ALL-UNNAMED --add-exports=jdk.compiler/com.sun.tools.javac.api=ALL-UNNAMED --add-exports=jdk.compiler/com.sun.tools.javac.util=ALL-UNNAMED --add-opens=java.base/java.nio.charset=ALL-UNNAMED --add-opens=java.base/java.net=ALL-UNNAMED --add-opens=java.base/java.util.concurrent.atomic=ALL-UNNAMED -Xmx2048m -Dfile.encoding=UTF-8 -Duser.country=FR -Duser.language=fr -Duser.variant -javaagent:C:\Users\ibtis\.gradle\wrapper\dists\gradle-8.10.2-bin\a04bxjujx95o3nb99gddekhwo\gradle-8.10.2\lib\agents\gradle-instrumentation-agent-8.10.2.jar org.gradle.launcher.daemon.bootstrap.GradleDaemon 8.10.2

Host: Intel(R) Core(TM) i5-1035G1 CPU @ 1.00GHz, 8 cores, 11G,  Windows 11 , 64 bit Build 26100 (10.0.26100.8328)
Time: Thu Jun  4 16:57:49 2026 elapsed time: 456.472601 seconds (0d 0h 7m 36s)

---------------  T H R E A D  ---------------

Current thread (0x000002e6dc9e2340):  JavaThread "C2 CompilerThread2" daemon [_thread_in_native, id=9760, stack(0x000000eac4200000,0x000000eac4300000) (1024K)]


Current CompileTask:
C2:456472 19738       4       java.beans.Introspector::addMethod (241 bytes)

Stack: [0x000000eac4200000,0x000000eac4300000],  sp=0x000000eac42fbfd0,  free space=1007k
Native frames: (J=compiled Java code, j=interpreted, Vv=VM code, C=native code)
V  [jvm.dll+0x2f5c4b]
V  [jvm.dll+0x5ff9a9]
V  [jvm.dll+0x252572]
V  [jvm.dll+0x24ae1a]
V  [jvm.dll+0x24892e]
V  [jvm.dll+0x1c7344]
V  [jvm.dll+0x2581ae]
V  [jvm.dll+0x2566f6]
V  [jvm.dll+0x3f48a6]
V  [jvm.dll+0x80f118]
V  [jvm.dll+0x6d54ed]
C  [ucrtbase.dll+0x37b0]
C  [KERNEL32.DLL+0x2e957]
C  [ntdll.dll+0x427c]


siginfo: EXCEPTION_ACCESS_VIOLATION (0xc0000005), writing address 0x000022e6f000335c


Registers:
RAX=0x0000000000000001, RBX=0x000002e6f0003350, RCX=0x000002e6effd0090, RDX=0x000002e6f00033a0
RSP=0x000000eac42fbfd0, RBP=0x0000000000000003, RSI=0x000002e6effd0090, RDI=0x0000000000000001
R8 =0x000002e6f00033a0, R9 =0x000002e6f0003530, R10=0x0000000000000003, R11=0x000022e6f0003350
R12=0x000002e6f00033a0, R13=0x000000eac42fc3c0, R14=0x000002e6e9967cb0, R15=0x000002e6dcd80678
RIP=0x00007ffd61355c4b, EFLAGS=0x0000000000010206

XMM[0]=0x0000000000000000 0x0000000000000000
XMM[1]=0x0000000000000000 0x0000000000000000
XMM[2]=0x0000000000000000 0x0000000000000000
XMM[3]=0x0000000000000000 0x0000000000000000
XMM[4]=0x0000000000000000 0x0000000000000000
XMM[5]=0x0000000000000000 0x0000000000000000
XMM[6]=0x0000000000000000 0x0000000000000000
XMM[7]=0x0000000000000000 0x0000000000000000
XMM[8]=0x0000000000000000 0x0000000000000000
XMM[9]=0x0000000000000000 0x0000000000000000
XMM[10]=0x0000000000000000 0x0000000000000000
XMM[11]=0x0000000000000000 0x0000000000000000
XMM[12]=0x0000000000000000 0x0000000000000000
XMM[13]=0x0000000000000000 0x0000000000000000
XMM[14]=0x0000000000000000 0x0000000000000000
XMM[15]=0x0000000000000000 0x0000000000000000
  MXCSR=0x00001fa0


Register to memory mapping:

RAX=0x0000000000000001 is an unknown value
RBX=0x000002e6f0003350 points into unknown readable memory: 0x000002e6dcd80580 | 80 05 d8 dc e6 02 00 00
RCX=0x000002e6effd0090 points into unknown readable memory: 0x0000000000000000 | 00 00 00 00 00 00 00 00
RDX=0x000002e6f00033a0 points into unknown readable memory: 0x000002e6dcd80678 | 78 06 d8 dc e6 02 00 00
RSP=0x000000eac42fbfd0 is pointing into the stack for thread: 0x000002e6dc9e2340
RBP=0x0000000000000003 is an unknown value
RSI=0x000002e6effd0090 points into unknown readable memory: 0x0000000000000000 | 00 00 00 00 00 00 00 00
RDI=0x0000000000000001 is an unknown value
R8 =0x000002e6f00033a0 points into unknown readable memory: 0x000002e6dcd80678 | 78 06 d8 dc e6 02 00 00
R9 =0x000002e6f0003530 points into unknown readable memory: 0x000002e6db8714e0 | e0 14 87 db e6 02 00 00
R10=0x0000000000000003 is an unknown value
R11=0x000022e6f0003350 is an unknown value
R12=0x000002e6f00033a0 points into unknown readable memory: 0x000002e6dcd80678 | 78 06 d8 dc e6 02 00 00
R13=0x000000eac42fc3c0 is pointing into the stack for thread: 0x000002e6dc9e2340
R14=0x000002e6e9967cb0 points into unknown readable memory: 0xffffffff00000001 | 01 00 00 00 ff ff ff ff
R15=0x000002e6dcd80678 points into unknown readable memory: 0x00007ffd6191cc08 | 08 cc 91 61 fd 7f 00 00

Top of Stack: (sp=0x000000eac42fbfd0)
0x000000eac42fbfd0:   000002e6effd0090 000000eac42fc020
0x000000eac42fbfe0:   000000eac42fc3c0 000002e6e9967cb0
0x000000eac42fbff0:   000002e6effd0090 000002e6e9967cb0
0x000000eac42fc000:   000002e6e079e5e0 00000000000bee78
0x000000eac42fc010:   000002e6e07a9870 000002e6e07a9870
0x000000eac42fc020:   000002e600000200 000002e6e96287b8
0x000000eac42fc030:   0000000000000200 000002e6dfeed6c0
0x000000eac42fc040:   000000000000b280 000002e6bcd01a70
0x000000eac42fc050:   0000000000000000 000000eac42fc190
0x000000eac42fc060:   0000000000000000 0000000000000000
0x000000eac42fc070:   000000eac42fc3c0 0000000000000001
0x000000eac42fc080:   0000000000000000 00007ffd6165f9a9
0x000000eac42fc090:   000000eac42fc3c0 0000000000000f4f
0x000000eac42fc0a0:   0000000000000a3d 000002e6dfeed6c0
0x000000eac42fc0b0:   0000000000000000 00007ffd61349463
0x000000eac42fc0c0:   000002e6e5559228 00007ffd618818a2
0x000000eac42fc0d0:   000002e6d455e158 00007ffd6124f240
0x000000eac42fc0e0:   0000000000000002 000002e6ef30dd30
0x000000eac42fc0f0:   0000000000000002 000002e6dfeed6c0
0x000000eac42fc100:   000002e6dfab3780 00007ffd61881b9f
0x000000eac42fc110:   00000000000003ff 000002e6dce94ca8
0x000000eac42fc120:   000002e6dce94ca8 00007ffd61349463
0x000000eac42fc130:   0000000000000000 000002e6e9117f20
0x000000eac42fc140:   000002e6e5559228 00007ffd61881b9f
0x000000eac42fc150:   0000000000001002 0000000000000000
0x000000eac42fc160:   00000000fc0007fb 00007ffd618818a2
0x000000eac42fc170:   000002e6e92a6f68 00007ffd61881b9f
0x000000eac42fc180:   000002e6e92a6f68 000002e6e92a6f68
0x000000eac42fc190:   0000000000000000 00007ffd6188147b
0x000000eac42fc1a0:   000002e6e92a6f68 00007ffd61881b0a
0x000000eac42fc1b0:   000002e6e92a6f68 000002e6e92a6f68
0x000000eac42fc1c0:   000000eac42fc630 00007ffd6175f6d4 

Instructions: (pc=0x00007ffd61355c4b)
0x00007ffd61355b4b:   20 48 85 c9 75 06 48 8b 4b 18 eb 43 48 83 79 20
0x00007ffd61355b5b:   00 74 2a e8 1d fb ff ff 4c 8b 43 20 48 8b 53 18
0x00007ffd61355b6b:   49 8b 48 18 8b 42 08 39 41 08 73 07 48 89 4b 18
0x00007ffd61355b7b:   48 8b d1 49 8b 48 20 48 89 4b 20 eb 04 48 8b 53
0x00007ffd61355b8b:   18 48 8b 49 18 8b 42 08 39 41 08 48 0f 43 ca 8b
0x00007ffd61355b9b:   41 08 41 3b 44 24 08 73 05 41 89 44 24 08 ff c7
0x00007ffd61355bab:   41 3b 7f 18 0f 82 4b ff ff ff 41 8b 44 24 08 4d
0x00007ffd61355bbb:   8b c4 48 8d 0c 80 48 03 c9 48 8b 44 ce 38 49 89
0x00007ffd61355bcb:   44 24 38 4c 89 64 ce 38 49 8b 44 24 28 49 8b 54
0x00007ffd61355bdb:   24 18 4d 8b 5c 24 10 48 8b 48 18 8b 41 08 39 42
0x00007ffd61355beb:   08 73 54 66 90 4d 8b 48 28 45 8b 50 0c 49 8b 41
0x00007ffd61355bfb:   28 8b 50 0c 41 8b 41 0c 41 03 d2 03 c0 3b d0 72
0x00007ffd61355c0b:   12 4d 89 41 20 49 8b 40 28 48 8b 48 28 49 89 48
0x00007ffd61355c1b:   28 eb 0f 45 89 51 0c 49 8b 40 28 49 89 40 20 4c
0x00007ffd61355c2b:   8b c0 49 8b 40 28 49 8b 54 24 18 48 8b 48 18 8b
0x00007ffd61355c3b:   41 08 39 42 08 72 ae 49 89 50 18 41 8b 44 24 0c
0x00007ffd61355c4b:   41 01 43 0c 41 8b 44 24 0c 03 c0 41 39 43 0c 73
0x00007ffd61355c5b:   0b 49 8b c0 4d 8b 43 28 49 89 43 28 4c 3b c6 74
0x00007ffd61355c6b:   11 0f 1f 40 00 4d 89 58 20 4d 8b 40 28 4c 3b c6
0x00007ffd61355c7b:   75 f3 49 8b 44 24 10 48 8b 58 38 48 85 db 74 71
0x00007ffd61355c8b:   0f 1f 44 00 00 48 8b 4b 20 48 85 c9 75 06 48 8b
0x00007ffd61355c9b:   4b 18 eb 43 48 83 79 20 00 74 2a e8 d5 f9 ff ff
0x00007ffd61355cab:   4c 8b 43 20 48 8b 53 18 49 8b 48 18 8b 42 08 39
0x00007ffd61355cbb:   41 08 73 07 48 89 4b 18 48 8b d1 49 8b 48 20 48
0x00007ffd61355ccb:   89 4b 20 eb 04 48 8b 53 18 48 8b 49 18 8b 42 08
0x00007ffd61355cdb:   39 41 08 48 0f 43 ca 8b 43 08 39 41 08 72 05 49
0x00007ffd61355ceb:   8b 4c 24 10 48 89 4b 30 48 8b 5b 38 48 85 db 75
0x00007ffd61355cfb:   94 41 80 7d 60 00 0f 85 e3 00 00 00 41 8b 47 2c
0x00007ffd61355d0b:   24 3f 3c 20 0f 85 d5 00 00 00 bd 01 00 00 00 41
0x00007ffd61355d1b:   39 6f 18 0f 86 c6 00 00 00 0f 1f 40 00 0f 1f 84
0x00007ffd61355d2b:   00 00 00 00 00 49 8b 47 08 8b cd 48 8b 14 c8 48
0x00007ffd61355d3b:   85 d2 0f 84 e0 03 00 00 8b 42 28 41 3b 45 20 73 


Stack slot to memory mapping:

stack at sp + 0 slots: 0x000002e6effd0090 points into unknown readable memory: 0x0000000000000000 | 00 00 00 00 00 00 00 00
stack at sp + 1 slots: 0x000000eac42fc020 is pointing into the stack for thread: 0x000002e6dc9e2340
stack at sp + 2 slots: 0x000000eac42fc3c0 is pointing into the stack for thread: 0x000002e6dc9e2340
stack at sp + 3 slots: 0x000002e6e9967cb0 points into unknown readable memory: 0xffffffff00000001 | 01 00 00 00 ff ff ff ff
stack at sp + 4 slots: 0x000002e6effd0090 points into unknown readable memory: 0x0000000000000000 | 00 00 00 00 00 00 00 00
stack at sp + 5 slots: 0x000002e6e9967cb0 points into unknown readable memory: 0xffffffff00000001 | 01 00 00 00 ff ff ff ff
stack at sp + 6 slots: 0x000002e6e079e5e0 points into unknown readable memory: 0x000002e6effd0080 | 80 00 fd ef e6 02 00 00
stack at sp + 7 slots: 0x00000000000bee78 is an unknown value


---------------  P R O C E S S  ---------------

Threads class SMR info:
_java_thread_list=0x000002e6dbeb2720, length=74, elements={
0x000002e6ba8b7650, 0x000002e6d44fa950, 0x000002e6d450a9e0, 0x000002e6d44fd3c0,
0x000002e6d4550a60, 0x000002e6d45510d0, 0x000002e6d4551b30, 0x000002e6d45529a0,
0x000002e6d4530130, 0x000002e6d4532c00, 0x000002e6d480cda0, 0x000002e6d480c710,
0x000002e6d480b360, 0x000002e6d480d430, 0x000002e6db7bf970, 0x000002e6db7be5c0,
0x000002e6db7c0000, 0x000002e6db7c20d0, 0x000002e6db7c2760, 0x000002e6db7c2df0,
0x000002e6db7c41a0, 0x000002e6db7c3480, 0x000002e6db7c4830, 0x000002e6db7c4ec0,
0x000002e6db6e29a0, 0x000002e6db6e64b0, 0x000002e6db6e43e0, 0x000002e6db6e71d0,
0x000002e6dd577b90, 0x000002e6dd57a980, 0x000002e6dd57d0e0, 0x000002e6dd57b010,
0x000002e6df0585b0, 0x000002e6df057890, 0x000002e6df057f20, 0x000002e6df055130,
0x000002e6df056b70, 0x000002e6df057200, 0x000002e6df058c40, 0x000002e6df0557c0,
0x000002e6df059960, 0x000002e6df05a680, 0x000002e6df05ad10, 0x000002e6df05b3a0,
0x000002e6df05ba30, 0x000002e6db6e5e20, 0x000002e6db6e4a70, 0x000002e6db6e6b40,
0x000002e6db6e5100, 0x000002e6db6e5790, 0x000002e6db6e36c0, 0x000002e6db6e8c10,
0x000002e6db6e8580, 0x000002e6db6e7860, 0x000002e6db6e7ef0, 0x000002e6db6e92a0,
0x000002e6db6e9930, 0x000002e6db175bb0, 0x000002e6db1768d0, 0x000002e6db174e90,
0x000002e6db176240, 0x000002e6db176f60, 0x000002e6db173ae0, 0x000002e6db174170,
0x000002e6db7bd8a0, 0x000002e6db7bdf30, 0x000002e6db7c3b10, 0x000002e6d480dac0,
0x000002e6d480e150, 0x000002e6d480acd0, 0x000002e6df861700, 0x000002e6dfa3a800,
0x000002e6dc9e59c0, 0x000002e6dc9e2340
}

Java Threads: ( => current thread )
  0x000002e6ba8b7650 JavaThread "main"                              [_thread_blocked, id=17724, stack(0x000000eabee00000,0x000000eabef00000) (1024K)]
  0x000002e6d44fa950 JavaThread "Common-Cleaner"             daemon [_thread_blocked, id=17556, stack(0x000000eabf600000,0x000000eabf700000) (1024K)]
  0x000002e6d450a9e0 JavaThread "Reference Handler"          daemon [_thread_blocked, id=17540, stack(0x000000eabf700000,0x000000eabf800000) (1024K)]
  0x000002e6d44fd3c0 JavaThread "Finalizer"                  daemon [_thread_blocked, id=17776, stack(0x000000eabf800000,0x000000eabf900000) (1024K)]
  0x000002e6d4550a60 JavaThread "Signal Dispatcher"          daemon [_thread_blocked, id=16044, stack(0x000000eabf900000,0x000000eabfa00000) (1024K)]
  0x000002e6d45510d0 JavaThread "Attach Listener"            daemon [_thread_blocked, id=7180, stack(0x000000eabfa00000,0x000000eabfb00000) (1024K)]
  0x000002e6d4551b30 JavaThread "Service Thread"             daemon [_thread_blocked, id=16972, stack(0x000000eabfb00000,0x000000eabfc00000) (1024K)]
  0x000002e6d45529a0 JavaThread "Monitor Deflation Thread"   daemon [_thread_blocked, id=16968, stack(0x000000eabfc00000,0x000000eabfd00000) (1024K)]
  0x000002e6d4530130 JavaThread "C2 CompilerThread0"         daemon [_thread_in_native, id=6996, stack(0x000000eabfd00000,0x000000eabfe00000) (1024K)]
  0x000002e6d4532c00 JavaThread "C1 CompilerThread0"         daemon [_thread_in_native, id=16036, stack(0x000000eabfe00000,0x000000eabff00000) (1024K)]
  0x000002e6d480cda0 JavaThread "Notification Thread"        daemon [_thread_blocked, id=8076, stack(0x000000eabff00000,0x000000eac0000000) (1024K)]
  0x000002e6d480c710 JavaThread "Daemon health stats"               [_thread_blocked, id=14280, stack(0x000000eac0400000,0x000000eac0500000) (1024K)]
  0x000002e6d480b360 JavaThread "Incoming local TCP Connector on port 49826"        [_thread_in_native, id=17488, stack(0x000000eac0a00000,0x000000eac0b00000) (1024K)]
  0x000002e6d480d430 JavaThread "Daemon periodic checks"            [_thread_blocked, id=18348, stack(0x000000eac0b00000,0x000000eac0c00000) (1024K)]
  0x000002e6db7bf970 JavaThread "Cache worker for journal cache (C:\Users\ibtis\.gradle\caches\journal-1)"        [_thread_blocked, id=17508, stack(0x000000eac1400000,0x000000eac1500000) (1024K)]
  0x000002e6db7be5c0 JavaThread "File lock request listener"        [_thread_in_native, id=17496, stack(0x000000eac1500000,0x000000eac1600000) (1024K)]
  0x000002e6db7c0000 JavaThread "Cache worker for file hash cache (C:\Users\ibtis\.gradle\caches\8.10.2\fileHashes)"        [_thread_blocked, id=17492, stack(0x000000eac1600000,0x000000eac1700000) (1024K)]
  0x000002e6db7c20d0 JavaThread "File watcher server"        daemon [_thread_in_native, id=17520, stack(0x000000eac1900000,0x000000eac1a00000) (1024K)]
  0x000002e6db7c2760 JavaThread "File watcher consumer"      daemon [_thread_blocked, id=17476, stack(0x000000eac1a00000,0x000000eac1b00000) (1024K)]
  0x000002e6db7c2df0 JavaThread "jar transforms"                    [_thread_blocked, id=17548, stack(0x000000eac1b00000,0x000000eac1c00000) (1024K)]
  0x000002e6db7c41a0 JavaThread "jar transforms Thread 2"           [_thread_blocked, id=17544, stack(0x000000eac1c00000,0x000000eac1d00000) (1024K)]
  0x000002e6db7c3480 JavaThread "jar transforms Thread 3"           [_thread_blocked, id=17424, stack(0x000000eac1d00000,0x000000eac1e00000) (1024K)]
  0x000002e6db7c4830 JavaThread "jar transforms Thread 4"           [_thread_blocked, id=1696, stack(0x000000eac1e00000,0x000000eac1f00000) (1024K)]
  0x000002e6db7c4ec0 JavaThread "jar transforms Thread 5"           [_thread_blocked, id=14860, stack(0x000000eac1f00000,0x000000eac2000000) (1024K)]
  0x000002e6db6e29a0 JavaThread "Cache worker for file content cache (C:\Users\ibtis\.gradle\caches\8.10.2\fileContent)"        [_thread_blocked, id=17668, stack(0x000000eac2100000,0x000000eac2200000) (1024K)]
  0x000002e6db6e64b0 JavaThread "jar transforms Thread 6"           [_thread_blocked, id=17552, stack(0x000000eac2400000,0x000000eac2500000) (1024K)]
  0x000002e6db6e43e0 JavaThread "jar transforms Thread 7"           [_thread_blocked, id=8668, stack(0x000000eac2500000,0x000000eac2600000) (1024K)]
  0x000002e6db6e71d0 JavaThread "jar transforms Thread 8"           [_thread_blocked, id=9556, stack(0x000000eac2600000,0x000000eac2700000) (1024K)]
  0x000002e6dd577b90 JavaThread "Memory manager"                    [_thread_blocked, id=3256, stack(0x000000eac5500000,0x000000eac5600000) (1024K)]
  0x000002e6dd57a980 JavaThread "Daemon Thread 2"                   [_thread_blocked, id=2160, stack(0x000000eabeb00000,0x000000eabec00000) (1024K)]
  0x000002e6dd57d0e0 JavaThread "Handler for socket connection from /127.0.0.1:49826 to /127.0.0.1:53032"        [_thread_in_native, id=17924, stack(0x000000eabec00000,0x000000eabed00000) (1024K)]
  0x000002e6dd57b010 JavaThread "Cancel handler"                    [_thread_blocked, id=11760, stack(0x000000eabed00000,0x000000eabee00000) (1024K)]
  0x000002e6df0585b0 JavaThread "Daemon worker Thread 2"            [_thread_in_Java, id=8148, stack(0x000000eac0000000,0x000000eac0100000) (1024K)]
  0x000002e6df057890 JavaThread "Asynchronous log dispatcher for DefaultDaemonConnection: socket connection from /127.0.0.1:49826 to /127.0.0.1:53032"        [_thread_blocked, id=14872, stack(0x000000eac0900000,0x000000eac0a00000) (1024K)]
  0x000002e6df057f20 JavaThread "Stdin handler"                     [_thread_blocked, id=18160, stack(0x000000eac0c00000,0x000000eac0d00000) (1024K)]
  0x000002e6df055130 JavaThread "Daemon client event forwarder"        [_thread_blocked, id=18156, stack(0x000000eac0d00000,0x000000eac0e00000) (1024K)]
  0x000002e6df056b70 JavaThread "Cache worker for file hash cache (C:\Users\ibtis\Downloads\TP11_ibtissam\TP11_ibtissam\frontend\.gradle\8.10.2\fileHashes)"        [_thread_blocked, id=10088, stack(0x000000eac0f00000,0x000000eac1000000) (1024K)]
  0x000002e6df057200 JavaThread "Cache worker for Build Output Cleanup Cache (C:\Users\ibtis\Downloads\TP11_ibtissam\TP11_ibtissam\frontend\.gradle\buildOutputCleanup)"        [_thread_blocked, id=9748, stack(0x000000eac1000000,0x000000eac1100000) (1024K)]
  0x000002e6df058c40 JavaThread "Cache worker for checksums cache (C:\Users\ibtis\Downloads\TP11_ibtissam\TP11_ibtissam\frontend\.gradle\8.10.2\checksums)"        [_thread_blocked, id=17216, stack(0x000000eac1200000,0x000000eac1300000) (1024K)]
  0x000002e6df0557c0 JavaThread "Cache worker for cache directory md-rule (C:\Users\ibtis\.gradle\caches\8.10.2\md-rule)"        [_thread_blocked, id=13804, stack(0x000000eac1300000,0x000000eac1400000) (1024K)]
  0x000002e6df059960 JavaThread "Cache worker for cache directory md-supplier (C:\Users\ibtis\.gradle\caches\8.10.2\md-supplier)"        [_thread_blocked, id=17820, stack(0x000000eac1700000,0x000000eac1800000) (1024K)]
  0x000002e6df05a680 JavaThread "Unconstrained build operations"        [_thread_blocked, id=12144, stack(0x000000eac1800000,0x000000eac1900000) (1024K)]
  0x000002e6df05ad10 JavaThread "Unconstrained build operations Thread 2"        [_thread_blocked, id=8596, stack(0x000000eac2000000,0x000000eac2100000) (1024K)]
  0x000002e6df05b3a0 JavaThread "Unconstrained build operations Thread 3"        [_thread_blocked, id=18376, stack(0x000000eac2200000,0x000000eac2300000) (1024K)]
  0x000002e6df05ba30 JavaThread "Unconstrained build operations Thread 4"        [_thread_blocked, id=17296, stack(0x000000eac2300000,0x000000eac2400000) (1024K)]
  0x000002e6db6e5e20 JavaThread "Unconstrained build operations Thread 5"        [_thread_blocked, id=17844, stack(0x000000eac2700000,0x000000eac2800000) (1024K)]
  0x000002e6db6e4a70 JavaThread "Unconstrained build operations Thread 6"        [_thread_blocked, id=12368, stack(0x000000eac2800000,0x000000eac2900000) (1024K)]
  0x000002e6db6e6b40 JavaThread "Unconstrained build operations Thread 7"        [_thread_blocked, id=17836, stack(0x000000eac2900000,0x000000eac2a00000) (1024K)]
  0x000002e6db6e5100 JavaThread "Unconstrained build operations Thread 8"        [_thread_blocked, id=18268, stack(0x000000eac2a00000,0x000000eac2b00000) (1024K)]
  0x000002e6db6e5790 JavaThread "Unconstrained build operations Thread 9"        [_thread_blocked, id=16740, stack(0x000000eac2b00000,0x000000eac2c00000) (1024K)]
  0x000002e6db6e36c0 JavaThread "Unconstrained build operations Thread 10"        [_thread_blocked, id=2972, stack(0x000000eac2c00000,0x000000eac2d00000) (1024K)]
  0x000002e6db6e8c10 JavaThread "Unconstrained build operations Thread 11"        [_thread_blocked, id=18020, stack(0x000000eac2d00000,0x000000eac2e00000) (1024K)]
  0x000002e6db6e8580 JavaThread "Unconstrained build operations Thread 12"        [_thread_blocked, id=17828, stack(0x000000eac2e00000,0x000000eac2f00000) (1024K)]
  0x000002e6db6e7860 JavaThread "Unconstrained build operations Thread 13"        [_thread_blocked, id=10932, stack(0x000000eac2f00000,0x000000eac3000000) (1024K)]
  0x000002e6db6e7ef0 JavaThread "Unconstrained build operations Thread 14"        [_thread_blocked, id=13224, stack(0x000000eac3000000,0x000000eac3100000) (1024K)]
  0x000002e6db6e92a0 JavaThread "Unconstrained build operations Thread 15"        [_thread_blocked, id=18264, stack(0x000000eac3200000,0x000000eac3300000) (1024K)]
  0x000002e6db6e9930 JavaThread "Unconstrained build operations Thread 16"        [_thread_blocked, id=17864, stack(0x000000eac3300000,0x000000eac3400000) (1024K)]
  0x000002e6db175bb0 JavaThread "Unconstrained build operations Thread 17"        [_thread_blocked, id=4480, stack(0x000000eac3400000,0x000000eac3500000) (1024K)]
  0x000002e6db1768d0 JavaThread "Unconstrained build operations Thread 18"        [_thread_blocked, id=16684, stack(0x000000eac3500000,0x000000eac3600000) (1024K)]
  0x000002e6db174e90 JavaThread "Unconstrained build operations Thread 19"        [_thread_blocked, id=1580, stack(0x000000eac3600000,0x000000eac3700000) (1024K)]
  0x000002e6db176240 JavaThread "Unconstrained build operations Thread 20"        [_thread_blocked, id=9668, stack(0x000000eac3700000,0x000000eac3800000) (1024K)]
  0x000002e6db176f60 JavaThread "Unconstrained build operations Thread 21"        [_thread_blocked, id=13892, stack(0x000000eac3800000,0x000000eac3900000) (1024K)]
  0x000002e6db173ae0 JavaThread "Unconstrained build operations Thread 22"        [_thread_blocked, id=17452, stack(0x000000eac3900000,0x000000eac3a00000) (1024K)]
  0x000002e6db174170 JavaThread "Unconstrained build operations Thread 23"        [_thread_blocked, id=17636, stack(0x000000eac3a00000,0x000000eac3b00000) (1024K)]
  0x000002e6db7bd8a0 JavaThread "Unconstrained build operations Thread 24"        [_thread_blocked, id=6684, stack(0x000000eac3b00000,0x000000eac3c00000) (1024K)]
  0x000002e6db7bdf30 JavaThread "Unconstrained build operations Thread 25"        [_thread_blocked, id=16756, stack(0x000000eac3c00000,0x000000eac3d00000) (1024K)]
  0x000002e6db7c3b10 JavaThread "Unconstrained build operations Thread 26"        [_thread_blocked, id=18228, stack(0x000000eac3d00000,0x000000eac3e00000) (1024K)]
  0x000002e6d480dac0 JavaThread "Unconstrained build operations Thread 27"        [_thread_blocked, id=12412, stack(0x000000eac3e00000,0x000000eac3f00000) (1024K)]
  0x000002e6d480e150 JavaThread "Unconstrained build operations Thread 28"        [_thread_blocked, id=18004, stack(0x000000eac3f00000,0x000000eac4000000) (1024K)]
  0x000002e6d480acd0 JavaThread "Unconstrained build operations Thread 29"        [_thread_blocked, id=8392, stack(0x000000eac4000000,0x000000eac4100000) (1024K)]
  0x000002e6df861700 JavaThread "Unconstrained build operations Thread 30"        [_thread_blocked, id=11544, stack(0x000000eac4100000,0x000000eac4200000) (1024K)]
  0x000002e6dfa3a800 JavaThread "build event listener"              [_thread_blocked, id=10296, stack(0x000000eac3100000,0x000000eac3200000) (1024K)]
  0x000002e6dc9e59c0 JavaThread "C2 CompilerThread1"         daemon [_thread_in_native, id=18408, stack(0x000000eac1100000,0x000000eac1200000) (1024K)]
=>0x000002e6dc9e2340 JavaThread "C2 CompilerThread2"         daemon [_thread_in_native, id=9760, stack(0x000000eac4200000,0x000000eac4300000) (1024K)]
Total: 74

Other Threads:
  0x000002e6d43f12c0 VMThread "VM Thread"                           [id=17560, stack(0x000000eabf500000,0x000000eabf600000) (1024K)]
  0x000002e6d4490da0 WatcherThread "VM Periodic Task Thread"        [id=17564, stack(0x000000eabf400000,0x000000eabf500000) (1024K)]
  0x000002e6ba97e030 WorkerThread "GC Thread#0"                     [id=17772, stack(0x000000eabef00000,0x000000eabf000000) (1024K)]
  0x000002e6d9037760 WorkerThread "GC Thread#1"                     [id=11512, stack(0x000000eac0100000,0x000000eac0200000) (1024K)]
  0x000002e6d9037f10 WorkerThread "GC Thread#2"                     [id=5108, stack(0x000000eac0200000,0x000000eac0300000) (1024K)]
  0x000002e6d90382b0 WorkerThread "GC Thread#3"                     [id=3104, stack(0x000000eac0300000,0x000000eac0400000) (1024K)]
  0x000002e6d96ff270 WorkerThread "GC Thread#4"                     [id=13000, stack(0x000000eac0500000,0x000000eac0600000) (1024K)]
  0x000002e6db1916b0 WorkerThread "GC Thread#5"                     [id=17224, stack(0x000000eac0600000,0x000000eac0700000) (1024K)]
  0x000002e6da7e3e50 WorkerThread "GC Thread#6"                     [id=10092, stack(0x000000eac0700000,0x000000eac0800000) (1024K)]
  0x000002e6da7e2fd0 WorkerThread "GC Thread#7"                     [id=3520, stack(0x000000eac0800000,0x000000eac0900000) (1024K)]
  0x000002e6bcd64e80 ConcurrentGCThread "G1 Main Marker"            [id=17600, stack(0x000000eabf000000,0x000000eabf100000) (1024K)]
  0x000002e6bcd65890 WorkerThread "G1 Conc#0"                       [id=17596, stack(0x000000eabf100000,0x000000eabf200000) (1024K)]
  0x000002e6da7e3ab0 WorkerThread "G1 Conc#1"                       [id=17644, stack(0x000000eac0e00000,0x000000eac0f00000) (1024K)]
  0x000002e6d42cb0a0 ConcurrentGCThread "G1 Refine#0"               [id=17592, stack(0x000000eabf200000,0x000000eabf300000) (1024K)]
  0x000002e6d42cbb20 ConcurrentGCThread "G1 Service"                [id=17536, stack(0x000000eabf300000,0x000000eabf400000) (1024K)]
Total: 15

Threads with active compile tasks:
C2 CompilerThread0  456564 19790       4       java.lang.reflect.Method::getGenericInfo (28 bytes)
C1 CompilerThread0  456564 19814       3       org.gradle.internal.properties.bean.DefaultPropertyWalker$CachedPropertyValue::lambda$new$0 (15 bytes)
C2 CompilerThread1  456564 19789       4       com.sun.beans.TypeResolver::resolve (37 bytes)
C2 CompilerThread2  456564 19738       4       java.beans.Introspector::addMethod (241 bytes)
Total: 4

VM state: not at safepoint (normal execution)

VM Mutex/Monitor currently owned by a thread: None

Heap address: 0x0000000080000000, size: 2048 MB, Compressed Oops mode: 32-bit

CDS archive(s) not mapped
Compressed class space mapped at: 0x0000000100000000-0x0000000140000000, reserved size: 1073741824
Narrow klass base: 0x0000000000000000, Narrow klass shift: 3, Narrow klass range: 0x140000000

GC Precious Log:
 CardTable entry size: 512
 Card Set container configuration: InlinePtr #cards 5 size 8 Array Of Cards #cards 12 size 40 Howl #buckets 4 coarsen threshold 1843 Howl Bitmap #cards 512 size 80 coarsen threshold 460 Card regions per heap region 1 cards per card region 2048
 CPUs: 8 total, 8 available
 Memory: 12092M
 Large Page Support: Disabled
 NUMA Support: Disabled
 Compressed Oops: Enabled (32-bit)
 Heap Region Size: 1M
 Heap Min Capacity: 8M
 Heap Initial Capacity: 190M
 Heap Max Capacity: 2G
 Pre-touch: Disabled
 Parallel Workers: 8
 Concurrent Workers: 2
 Concurrent Refinement Workers: 8
 Periodic GC: Disabled

Heap:
 garbage-first heap   total 280576K, used 176334K [0x0000000080000000, 0x0000000100000000)
  region size 1024K, 16 young (16384K), 12 survivors (12288K)
 Metaspace       used 174106K, committed 176704K, reserved 1245184K
  class space    used 23291K, committed 24512K, reserved 1048576K

Heap Regions: E=young(eden), S=young(survivor), O=old, HS=humongous(starts), HC=humongous(continues), CS=collection set, F=free, TAMS=top-at-mark-start, PB=parsable bottom
|   0|0x0000000080000000, 0x0000000080100000, 0x0000000080100000|100%|HS|  |TAMS 0x0000000080000000| PB 0x0000000080000000| Complete 
|   1|0x0000000080100000, 0x0000000080200000, 0x0000000080200000|100%|HC|  |TAMS 0x0000000080100000| PB 0x0000000080100000| Complete 
|   2|0x0000000080200000, 0x0000000080300000, 0x0000000080300000|100%|HC|  |TAMS 0x0000000080200000| PB 0x0000000080200000| Complete 
|   3|0x0000000080300000, 0x0000000080400000, 0x0000000080400000|100%|HC|  |TAMS 0x0000000080300000| PB 0x0000000080300000| Complete 
|   4|0x0000000080400000, 0x0000000080500000, 0x0000000080500000|100%| O|  |TAMS 0x0000000080400000| PB 0x0000000080400000| Untracked 
|   5|0x0000000080500000, 0x0000000080600000, 0x0000000080600000|100%| O|  |TAMS 0x0000000080500000| PB 0x0000000080500000| Untracked 
|   6|0x0000000080600000, 0x0000000080700000, 0x0000000080700000|100%|HS|  |TAMS 0x0000000080600000| PB 0x0000000080600000| Complete 
|   7|0x0000000080700000, 0x0000000080800000, 0x0000000080800000|100%| O|  |TAMS 0x0000000080700000| PB 0x0000000080700000| Untracked 
|   8|0x0000000080800000, 0x0000000080900000, 0x0000000080900000|100%| O|  |TAMS 0x0000000080800000| PB 0x0000000080800000| Untracked 
|   9|0x0000000080900000, 0x0000000080a00000, 0x0000000080a00000|100%| O|  |TAMS 0x0000000080900000| PB 0x0000000080900000| Untracked 
|  10|0x0000000080a00000, 0x0000000080b00000, 0x0000000080b00000|100%| O|  |TAMS 0x0000000080a00000| PB 0x0000000080a00000| Untracked 
|  11|0x0000000080b00000, 0x0000000080c00000, 0x0000000080c00000|100%| O|  |TAMS 0x0000000080b00000| PB 0x0000000080b00000| Untracked 
|  12|0x0000000080c00000, 0x0000000080d00000, 0x0000000080d00000|100%| O|  |TAMS 0x0000000080c00000| PB 0x0000000080c00000| Untracked 
|  13|0x0000000080d00000, 0x0000000080e00000, 0x0000000080e00000|100%| O|  |TAMS 0x0000000080d00000| PB 0x0000000080d00000| Untracked 
|  14|0x0000000080e00000, 0x0000000080f00000, 0x0000000080f00000|100%|HS|  |TAMS 0x0000000080e00000| PB 0x0000000080e00000| Complete 
|  15|0x0000000080f00000, 0x0000000081000000, 0x0000000081000000|100%|HC|  |TAMS 0x0000000080f00000| PB 0x0000000080f00000| Complete 
|  16|0x0000000081000000, 0x0000000081100000, 0x0000000081100000|100%|HC|  |TAMS 0x0000000081000000| PB 0x0000000081000000| Complete 
|  17|0x0000000081100000, 0x0000000081200000, 0x0000000081200000|100%|HC|  |TAMS 0x0000000081100000| PB 0x0000000081100000| Complete 
|  18|0x0000000081200000, 0x0000000081300000, 0x0000000081300000|100%|HC|  |TAMS 0x0000000081200000| PB 0x0000000081200000| Complete 
|  19|0x0000000081300000, 0x0000000081400000, 0x0000000081400000|100%|HC|  |TAMS 0x0000000081300000| PB 0x0000000081300000| Complete 
|  20|0x0000000081400000, 0x0000000081500000, 0x0000000081500000|100%|HS|  |TAMS 0x0000000081400000| PB 0x0000000081400000| Complete 
|  21|0x0000000081500000, 0x0000000081600000, 0x0000000081600000|100%|HC|  |TAMS 0x0000000081500000| PB 0x0000000081500000| Complete 
|  22|0x0000000081600000, 0x0000000081700000, 0x0000000081700000|100%| O|  |TAMS 0x0000000081600000| PB 0x0000000081600000| Untracked 
|  23|0x0000000081700000, 0x0000000081800000, 0x0000000081800000|100%| O|  |TAMS 0x0000000081700000| PB 0x0000000081700000| Untracked 
|  24|0x0000000081800000, 0x0000000081900000, 0x0000000081900000|100%| O|  |TAMS 0x0000000081800000| PB 0x0000000081800000| Untracked 
|  25|0x0000000081900000, 0x0000000081a00000, 0x0000000081a00000|100%| O|  |TAMS 0x0000000081900000| PB 0x0000000081900000| Untracked 
|  26|0x0000000081a00000, 0x0000000081b00000, 0x0000000081b00000|100%| O|  |TAMS 0x0000000081a00000| PB 0x0000000081a00000| Untracked 
|  27|0x0000000081b00000, 0x0000000081c00000, 0x0000000081c00000|100%| O|  |TAMS 0x0000000081b00000| PB 0x0000000081b00000| Untracked 
|  28|0x0000000081c00000, 0x0000000081d00000, 0x0000000081d00000|100%| O|  |TAMS 0x0000000081c00000| PB 0x0000000081c00000| Untracked 
|  29|0x0000000081d00000, 0x0000000081e00000, 0x0000000081e00000|100%| O|  |TAMS 0x0000000081d00000| PB 0x0000000081d00000| Untracked 
|  30|0x0000000081e00000, 0x0000000081f00000, 0x0000000081f00000|100%| O|  |TAMS 0x0000000081e00000| PB 0x0000000081e00000| Untracked 
|  31|0x0000000081f00000, 0x0000000082000000, 0x0000000082000000|100%| O|  |TAMS 0x0000000081f00000| PB 0x0000000081f00000| Untracked 
|  32|0x0000000082000000, 0x0000000082000000, 0x0000000082100000|  0%| F|  |TAMS 0x0000000082000000| PB 0x0000000082000000| Untracked 
|  33|0x0000000082100000, 0x0000000082200000, 0x0000000082200000|100%| O|  |TAMS 0x0000000082100000| PB 0x0000000082100000| Untracked 
|  34|0x0000000082200000, 0x0000000082300000, 0x0000000082300000|100%|HS|  |TAMS 0x0000000082200000| PB 0x0000000082200000| Complete 
|  35|0x0000000082300000, 0x0000000082400000, 0x0000000082400000|100%|HC|  |TAMS 0x0000000082300000| PB 0x0000000082300000| Complete 
|  36|0x0000000082400000, 0x0000000082500000, 0x0000000082500000|100%| O|  |TAMS 0x0000000082400000| PB 0x0000000082400000| Untracked 
|  37|0x0000000082500000, 0x0000000082600000, 0x0000000082600000|100%| O|  |TAMS 0x0000000082500000| PB 0x0000000082500000| Untracked 
|  38|0x0000000082600000, 0x0000000082700000, 0x0000000082700000|100%| O|  |TAMS 0x0000000082600000| PB 0x0000000082600000| Untracked 
|  39|0x0000000082700000, 0x0000000082800000, 0x0000000082800000|100%| O|  |TAMS 0x0000000082700000| PB 0x0000000082700000| Untracked 
|  40|0x0000000082800000, 0x0000000082900000, 0x0000000082900000|100%| O|  |TAMS 0x0000000082800000| PB 0x0000000082800000| Untracked 
|  41|0x0000000082900000, 0x0000000082a00000, 0x0000000082a00000|100%| O|  |TAMS 0x0000000082900000| PB 0x0000000082900000| Untracked 
|  42|0x0000000082a00000, 0x0000000082b00000, 0x0000000082b00000|100%| O|  |TAMS 0x0000000082a00000| PB 0x0000000082a00000| Untracked 
|  43|0x0000000082b00000, 0x0000000082c00000, 0x0000000082c00000|100%| O|  |TAMS 0x0000000082b00000| PB 0x0000000082b00000| Untracked 
|  44|0x0000000082c00000, 0x0000000082d00000, 0x0000000082d00000|100%| O|  |TAMS 0x0000000082c00000| PB 0x0000000082c00000| Untracked 
|  45|0x0000000082d00000, 0x0000000082e00000, 0x0000000082e00000|100%| O|  |TAMS 0x0000000082d00000| PB 0x0000000082d00000| Untracked 
|  46|0x0000000082e00000, 0x0000000082f00000, 0x0000000082f00000|100%| O|  |TAMS 0x0000000082e00000| PB 0x0000000082e00000| Untracked 
|  47|0x0000000082f00000, 0x0000000083000000, 0x0000000083000000|100%| O|  |TAMS 0x0000000082f00000| PB 0x0000000082f00000| Untracked 
|  48|0x0000000083000000, 0x0000000083100000, 0x0000000083100000|100%|HS|  |TAMS 0x0000000083000000| PB 0x0000000083000000| Complete 
|  49|0x0000000083100000, 0x0000000083200000, 0x0000000083200000|100%|HS|  |TAMS 0x0000000083100000| PB 0x0000000083100000| Complete 
|  50|0x0000000083200000, 0x0000000083300000, 0x0000000083300000|100%|HS|  |TAMS 0x0000000083200000| PB 0x0000000083200000| Complete 
|  51|0x0000000083300000, 0x0000000083400000, 0x0000000083400000|100%|HS|  |TAMS 0x0000000083300000| PB 0x0000000083300000| Complete 
|  52|0x0000000083400000, 0x0000000083500000, 0x0000000083500000|100%| O|  |TAMS 0x0000000083400000| PB 0x0000000083400000| Untracked 
|  53|0x0000000083500000, 0x0000000083600000, 0x0000000083600000|100%| O|  |TAMS 0x0000000083500000| PB 0x0000000083500000| Untracked 
|  54|0x0000000083600000, 0x0000000083700000, 0x0000000083700000|100%| O|  |TAMS 0x0000000083600000| PB 0x0000000083600000| Untracked 
|  55|0x0000000083700000, 0x0000000083800000, 0x0000000083800000|100%|HS|  |TAMS 0x0000000083700000| PB 0x0000000083700000| Complete 
|  56|0x0000000083800000, 0x0000000083900000, 0x0000000083900000|100%|HS|  |TAMS 0x0000000083800000| PB 0x0000000083800000| Complete 
|  57|0x0000000083900000, 0x0000000083900000, 0x0000000083a00000|  0%| F|  |TAMS 0x0000000083900000| PB 0x0000000083900000| Untracked 
|  58|0x0000000083a00000, 0x0000000083b00000, 0x0000000083b00000|100%| O|  |TAMS 0x0000000083a00000| PB 0x0000000083a00000| Untracked 
|  59|0x0000000083b00000, 0x0000000083c00000, 0x0000000083c00000|100%| O|  |TAMS 0x0000000083b00000| PB 0x0000000083b00000| Untracked 
|  60|0x0000000083c00000, 0x0000000083d00000, 0x0000000083d00000|100%| O|  |TAMS 0x0000000083c00000| PB 0x0000000083c00000| Untracked 
|  61|0x0000000083d00000, 0x0000000083e00000, 0x0000000083e00000|100%| O|  |TAMS 0x0000000083d00000| PB 0x0000000083d00000| Untracked 
|  62|0x0000000083e00000, 0x0000000083f00000, 0x0000000083f00000|100%| O|  |TAMS 0x0000000083e00000| PB 0x0000000083e00000| Untracked 
|  63|0x0000000083f00000, 0x0000000084000000, 0x0000000084000000|100%| O|  |TAMS 0x0000000083f00000| PB 0x0000000083f00000| Untracked 
|  64|0x0000000084000000, 0x0000000084100000, 0x0000000084100000|100%| O|  |TAMS 0x0000000084000000| PB 0x0000000084000000| Untracked 
|  65|0x0000000084100000, 0x0000000084200000, 0x0000000084200000|100%| O|  |TAMS 0x0000000084100000| PB 0x0000000084100000| Untracked 
|  66|0x0000000084200000, 0x0000000084300000, 0x0000000084300000|100%|HS|  |TAMS 0x0000000084200000| PB 0x0000000084200000| Complete 
|  67|0x0000000084300000, 0x0000000084400000, 0x0000000084400000|100%| O|  |TAMS 0x0000000084300000| PB 0x0000000084300000| Untracked 
|  68|0x0000000084400000, 0x0000000084400000, 0x0000000084500000|  0%| F|  |TAMS 0x0000000084400000| PB 0x0000000084400000| Untracked 
|  69|0x0000000084500000, 0x0000000084600000, 0x0000000084600000|100%| O|  |TAMS 0x0000000084500000| PB 0x0000000084500000| Untracked 
|  70|0x0000000084600000, 0x0000000084700000, 0x0000000084700000|100%| O|  |TAMS 0x0000000084600000| PB 0x0000000084600000| Untracked 
|  71|0x0000000084700000, 0x0000000084800000, 0x0000000084800000|100%| O|  |TAMS 0x0000000084700000| PB 0x0000000084700000| Untracked 
|  72|0x0000000084800000, 0x0000000084900000, 0x0000000084900000|100%| O|  |TAMS 0x0000000084800000| PB 0x0000000084800000| Untracked 
|  73|0x0000000084900000, 0x0000000084a00000, 0x0000000084a00000|100%| O|  |TAMS 0x0000000084900000| PB 0x0000000084900000| Untracked 
|  74|0x0000000084a00000, 0x0000000084b00000, 0x0000000084b00000|100%| O|  |TAMS 0x0000000084a00000| PB 0x0000000084a00000| Untracked 
|  75|0x0000000084b00000, 0x0000000084c00000, 0x0000000084c00000|100%| O|  |TAMS 0x0000000084b00000| PB 0x0000000084b00000| Untracked 
|  76|0x0000000084c00000, 0x0000000084d00000, 0x0000000084d00000|100%| O|  |TAMS 0x0000000084c00000| PB 0x0000000084c00000| Untracked 
|  77|0x0000000084d00000, 0x0000000084e00000, 0x0000000084e00000|100%| O|  |TAMS 0x0000000084d00000| PB 0x0000000084d00000| Untracked 
|  78|0x0000000084e00000, 0x0000000084f00000, 0x0000000084f00000|100%| O|  |TAMS 0x0000000084e00000| PB 0x0000000084e00000| Untracked 
|  79|0x0000000084f00000, 0x0000000085000000, 0x0000000085000000|100%| O|  |TAMS 0x0000000084f00000| PB 0x0000000084f00000| Untracked 
|  80|0x0000000085000000, 0x0000000085100000, 0x0000000085100000|100%| O|  |TAMS 0x0000000085000000| PB 0x0000000085000000| Untracked 
|  81|0x0000000085100000, 0x0000000085200000, 0x0000000085200000|100%| O|  |TAMS 0x0000000085100000| PB 0x0000000085100000| Untracked 
|  82|0x0000000085200000, 0x0000000085300000, 0x0000000085300000|100%| O|  |TAMS 0x0000000085200000| PB 0x0000000085200000| Untracked 
|  83|0x0000000085300000, 0x0000000085400000, 0x0000000085400000|100%| O|  |TAMS 0x0000000085300000| PB 0x0000000085300000| Untracked 
|  84|0x0000000085400000, 0x0000000085500000, 0x0000000085500000|100%| O|  |TAMS 0x0000000085400000| PB 0x0000000085400000| Untracked 
|  85|0x0000000085500000, 0x0000000085600000, 0x0000000085600000|100%| O|  |TAMS 0x0000000085500000| PB 0x0000000085500000| Untracked 
|  86|0x0000000085600000, 0x0000000085700000, 0x0000000085700000|100%| O|  |TAMS 0x0000000085600000| PB 0x0000000085600000| Untracked 
|  87|0x0000000085700000, 0x0000000085700000, 0x0000000085800000|  0%| F|  |TAMS 0x0000000085700000| PB 0x0000000085700000| Untracked 
|  88|0x0000000085800000, 0x0000000085900000, 0x0000000085900000|100%| O|  |TAMS 0x0000000085800000| PB 0x0000000085800000| Untracked 
|  89|0x0000000085900000, 0x0000000085a00000, 0x0000000085a00000|100%| O|  |TAMS 0x0000000085900000| PB 0x0000000085900000| Untracked 
|  90|0x0000000085a00000, 0x0000000085b00000, 0x0000000085b00000|100%| O|  |TAMS 0x0000000085a00000| PB 0x0000000085a00000| Untracked 
|  91|0x0000000085b00000, 0x0000000085c00000, 0x0000000085c00000|100%| O|  |TAMS 0x0000000085b00000| PB 0x0000000085b00000| Untracked 
|  92|0x0000000085c00000, 0x0000000085d00000, 0x0000000085d00000|100%| O|  |TAMS 0x0000000085c00000| PB 0x0000000085c00000| Untracked 
|  93|0x0000000085d00000, 0x0000000085e00000, 0x0000000085e00000|100%| O|  |TAMS 0x0000000085d00000| PB 0x0000000085d00000| Untracked 
|  94|0x0000000085e00000, 0x0000000085f00000, 0x0000000085f00000|100%| O|  |TAMS 0x0000000085e00000| PB 0x0000000085e00000| Untracked 
|  95|0x0000000085f00000, 0x0000000086000000, 0x0000000086000000|100%| O|  |TAMS 0x0000000085f00000| PB 0x0000000085f00000| Untracked 
|  96|0x0000000086000000, 0x0000000086100000, 0x0000000086100000|100%| O|  |TAMS 0x0000000086000000| PB 0x0000000086000000| Untracked 
|  97|0x0000000086100000, 0x0000000086200000, 0x0000000086200000|100%| O|  |TAMS 0x0000000086100000| PB 0x0000000086100000| Untracked 
|  98|0x0000000086200000, 0x0000000086300000, 0x0000000086300000|100%| O|  |TAMS 0x0000000086200000| PB 0x0000000086200000| Untracked 
|  99|0x0000000086300000, 0x0000000086400000, 0x0000000086400000|100%| O|  |TAMS 0x0000000086300000| PB 0x0000000086300000| Untracked 
| 100|0x0000000086400000, 0x0000000086500000, 0x0000000086500000|100%| O|  |TAMS 0x0000000086400000| PB 0x0000000086400000| Untracked 
| 101|0x0000000086500000, 0x0000000086600000, 0x0000000086600000|100%| O|  |TAMS 0x0000000086500000| PB 0x0000000086500000| Untracked 
| 102|0x0000000086600000, 0x0000000086700000, 0x0000000086700000|100%| O|  |TAMS 0x0000000086600000| PB 0x0000000086600000| Untracked 
| 103|0x0000000086700000, 0x0000000086800000, 0x0000000086800000|100%| O|  |TAMS 0x0000000086700000| PB 0x0000000086700000| Untracked 
| 104|0x0000000086800000, 0x0000000086900000, 0x0000000086900000|100%| O|  |TAMS 0x0000000086800000| PB 0x0000000086800000| Untracked 
| 105|0x0000000086900000, 0x0000000086a00000, 0x0000000086a00000|100%| O|  |TAMS 0x0000000086900000| PB 0x0000000086900000| Untracked 
| 106|0x0000000086a00000, 0x0000000086b00000, 0x0000000086b00000|100%| O|  |TAMS 0x0000000086a00000| PB 0x0000000086a00000| Untracked 
| 107|0x0000000086b00000, 0x0000000086c00000, 0x0000000086c00000|100%| O|  |TAMS 0x0000000086b00000| PB 0x0000000086b00000| Untracked 
| 108|0x0000000086c00000, 0x0000000086d00000, 0x0000000086d00000|100%| O|  |TAMS 0x0000000086c00000| PB 0x0000000086c00000| Untracked 
| 109|0x0000000086d00000, 0x0000000086d33800, 0x0000000086e00000| 20%| O|  |TAMS 0x0000000086d00000| PB 0x0000000086d00000| Untracked 
| 110|0x0000000086e00000, 0x0000000086f00000, 0x0000000086f00000|100%| O|  |TAMS 0x0000000086e00000| PB 0x0000000086e00000| Untracked 
| 111|0x0000000086f00000, 0x0000000087000000, 0x0000000087000000|100%| O|  |TAMS 0x0000000086f00000| PB 0x0000000086f00000| Untracked 
| 112|0x0000000087000000, 0x0000000087100000, 0x0000000087100000|100%| O|  |TAMS 0x0000000087000000| PB 0x0000000087000000| Untracked 
| 113|0x0000000087100000, 0x0000000087200000, 0x0000000087200000|100%| O|  |TAMS 0x0000000087100000| PB 0x0000000087100000| Untracked 
| 114|0x0000000087200000, 0x0000000087300000, 0x0000000087300000|100%| O|  |TAMS 0x0000000087200000| PB 0x0000000087200000| Untracked 
| 115|0x0000000087300000, 0x0000000087400000, 0x0000000087400000|100%| O|  |TAMS 0x0000000087300000| PB 0x0000000087300000| Untracked 
| 116|0x0000000087400000, 0x0000000087500000, 0x0000000087500000|100%| O|  |TAMS 0x0000000087400000| PB 0x0000000087400000| Untracked 
| 117|0x0000000087500000, 0x0000000087600000, 0x0000000087600000|100%| O|  |TAMS 0x0000000087500000| PB 0x0000000087500000| Untracked 
| 118|0x0000000087600000, 0x0000000087700000, 0x0000000087700000|100%| O|  |TAMS 0x0000000087600000| PB 0x0000000087600000| Untracked 
| 119|0x0000000087700000, 0x0000000087800000, 0x0000000087800000|100%| O|  |TAMS 0x0000000087700000| PB 0x0000000087700000| Untracked 
| 120|0x0000000087800000, 0x0000000087900000, 0x0000000087900000|100%| O|  |TAMS 0x0000000087800000| PB 0x0000000087800000| Untracked 
| 121|0x0000000087900000, 0x0000000087a00000, 0x0000000087a00000|100%| O|  |TAMS 0x0000000087900000| PB 0x0000000087900000| Untracked 
| 122|0x0000000087a00000, 0x0000000087b00000, 0x0000000087b00000|100%| O|  |TAMS 0x0000000087a00000| PB 0x0000000087a00000| Untracked 
| 123|0x0000000087b00000, 0x0000000087c00000, 0x0000000087c00000|100%| O|  |TAMS 0x0000000087b00000| PB 0x0000000087b00000| Untracked 
| 124|0x0000000087c00000, 0x0000000087d00000, 0x0000000087d00000|100%| O|  |TAMS 0x0000000087c00000| PB 0x0000000087c00000| Untracked 
| 125|0x0000000087d00000, 0x0000000087e00000, 0x0000000087e00000|100%| O|  |TAMS 0x0000000087d00000| PB 0x0000000087d00000| Untracked 
| 126|0x0000000087e00000, 0x0000000087e00000, 0x0000000087f00000|  0%| F|  |TAMS 0x0000000087e00000| PB 0x0000000087e00000| Untracked 
| 127|0x0000000087f00000, 0x0000000088000000, 0x0000000088000000|100%| O|  |TAMS 0x0000000087f00000| PB 0x0000000087f00000| Untracked 
| 128|0x0000000088000000, 0x0000000088100000, 0x0000000088100000|100%| O|  |TAMS 0x0000000088000000| PB 0x0000000088000000| Untracked 
| 129|0x0000000088100000, 0x0000000088200000, 0x0000000088200000|100%| O|  |TAMS 0x0000000088100000| PB 0x0000000088100000| Untracked 
| 130|0x0000000088200000, 0x0000000088300000, 0x0000000088300000|100%| O|  |TAMS 0x0000000088200000| PB 0x0000000088200000| Untracked 
| 131|0x0000000088300000, 0x0000000088400000, 0x0000000088400000|100%| O|  |TAMS 0x0000000088300000| PB 0x0000000088300000| Untracked 
| 132|0x0000000088400000, 0x0000000088500000, 0x0000000088500000|100%| O|  |TAMS 0x0000000088400000| PB 0x0000000088400000| Untracked 
| 133|0x0000000088500000, 0x0000000088600000, 0x0000000088600000|100%| O|  |TAMS 0x0000000088500000| PB 0x0000000088500000| Untracked 
| 134|0x0000000088600000, 0x0000000088700000, 0x0000000088700000|100%| O|  |TAMS 0x0000000088600000| PB 0x0000000088600000| Untracked 
| 135|0x0000000088700000, 0x0000000088800000, 0x0000000088800000|100%| O|  |TAMS 0x0000000088700000| PB 0x0000000088700000| Untracked 
| 136|0x0000000088800000, 0x0000000088900000, 0x0000000088900000|100%| O|  |TAMS 0x0000000088800000| PB 0x0000000088800000| Untracked 
| 137|0x0000000088900000, 0x0000000088a00000, 0x0000000088a00000|100%| O|  |TAMS 0x0000000088900000| PB 0x0000000088900000| Untracked 
| 138|0x0000000088a00000, 0x0000000088b00000, 0x0000000088b00000|100%| O|  |TAMS 0x0000000088a00000| PB 0x0000000088a00000| Untracked 
| 139|0x0000000088b00000, 0x0000000088c00000, 0x0000000088c00000|100%| O|  |TAMS 0x0000000088b00000| PB 0x0000000088b00000| Untracked 
| 140|0x0000000088c00000, 0x0000000088c00000, 0x0000000088d00000|  0%| F|  |TAMS 0x0000000088c00000| PB 0x0000000088c00000| Untracked 
| 141|0x0000000088d00000, 0x0000000088d00000, 0x0000000088e00000|  0%| F|  |TAMS 0x0000000088d00000| PB 0x0000000088d00000| Untracked 
| 142|0x0000000088e00000, 0x0000000088e00000, 0x0000000088f00000|  0%| F|  |TAMS 0x0000000088e00000| PB 0x0000000088e00000| Untracked 
| 143|0x0000000088f00000, 0x0000000089000000, 0x0000000089000000|100%| S|CS|TAMS 0x0000000088f00000| PB 0x0000000088f00000| Complete 
| 144|0x0000000089000000, 0x0000000089100000, 0x0000000089100000|100%| S|CS|TAMS 0x0000000089000000| PB 0x0000000089000000| Complete 
| 145|0x0000000089100000, 0x0000000089200000, 0x0000000089200000|100%| S|CS|TAMS 0x0000000089100000| PB 0x0000000089100000| Complete 
| 146|0x0000000089200000, 0x0000000089300000, 0x0000000089300000|100%| S|CS|TAMS 0x0000000089200000| PB 0x0000000089200000| Complete 
| 147|0x0000000089300000, 0x0000000089400000, 0x0000000089400000|100%| S|CS|TAMS 0x0000000089300000| PB 0x0000000089300000| Complete 
| 148|0x0000000089400000, 0x0000000089500000, 0x0000000089500000|100%| S|CS|TAMS 0x0000000089400000| PB 0x0000000089400000| Complete 
| 149|0x0000000089500000, 0x0000000089600000, 0x0000000089600000|100%| S|CS|TAMS 0x0000000089500000| PB 0x0000000089500000| Complete 
| 150|0x0000000089600000, 0x0000000089700000, 0x0000000089700000|100%| O|  |TAMS 0x0000000089600000| PB 0x0000000089600000| Untracked 
| 151|0x0000000089700000, 0x0000000089800000, 0x0000000089800000|100%| O|  |TAMS 0x0000000089700000| PB 0x0000000089700000| Untracked 
| 152|0x0000000089800000, 0x0000000089900000, 0x0000000089900000|100%| O|  |TAMS 0x0000000089800000| PB 0x0000000089800000| Untracked 
| 153|0x0000000089900000, 0x0000000089a00000, 0x0000000089a00000|100%| S|CS|TAMS 0x0000000089900000| PB 0x0000000089900000| Complete 
| 154|0x0000000089a00000, 0x0000000089b00000, 0x0000000089b00000|100%| S|CS|TAMS 0x0000000089a00000| PB 0x0000000089a00000| Complete 
| 155|0x0000000089b00000, 0x0000000089c00000, 0x0000000089c00000|100%| S|CS|TAMS 0x0000000089b00000| PB 0x0000000089b00000| Complete 
| 156|0x0000000089c00000, 0x0000000089d00000, 0x0000000089d00000|100%| S|CS|TAMS 0x0000000089c00000| PB 0x0000000089c00000| Complete 
| 157|0x0000000089d00000, 0x0000000089e00000, 0x0000000089e00000|100%| S|CS|TAMS 0x0000000089d00000| PB 0x0000000089d00000| Complete 
| 158|0x0000000089e00000, 0x0000000089e00000, 0x0000000089f00000|  0%| F|  |TAMS 0x0000000089e00000| PB 0x0000000089e00000| Untracked 
| 159|0x0000000089f00000, 0x0000000089f00000, 0x000000008a000000|  0%| F|  |TAMS 0x0000000089f00000| PB 0x0000000089f00000| Untracked 
| 160|0x000000008a000000, 0x000000008a000000, 0x000000008a100000|  0%| F|  |TAMS 0x000000008a000000| PB 0x000000008a000000| Untracked 
| 161|0x000000008a100000, 0x000000008a100000, 0x000000008a200000|  0%| F|  |TAMS 0x000000008a100000| PB 0x000000008a100000| Untracked 
| 162|0x000000008a200000, 0x000000008a200000, 0x000000008a300000|  0%| F|  |TAMS 0x000000008a200000| PB 0x000000008a200000| Untracked 
| 163|0x000000008a300000, 0x000000008a300000, 0x000000008a400000|  0%| F|  |TAMS 0x000000008a300000| PB 0x000000008a300000| Untracked 
| 164|0x000000008a400000, 0x000000008a400000, 0x000000008a500000|  0%| F|  |TAMS 0x000000008a400000| PB 0x000000008a400000| Untracked 
| 165|0x000000008a500000, 0x000000008a500000, 0x000000008a600000|  0%| F|  |TAMS 0x000000008a500000| PB 0x000000008a500000| Untracked 
| 166|0x000000008a600000, 0x000000008a600000, 0x000000008a700000|  0%| F|  |TAMS 0x000000008a600000| PB 0x000000008a600000| Untracked 
| 167|0x000000008a700000, 0x000000008a700000, 0x000000008a800000|  0%| F|  |TAMS 0x000000008a700000| PB 0x000000008a700000| Untracked 
| 168|0x000000008a800000, 0x000000008a800000, 0x000000008a900000|  0%| F|  |TAMS 0x000000008a800000| PB 0x000000008a800000| Untracked 
| 169|0x000000008a900000, 0x000000008a900000, 0x000000008aa00000|  0%| F|  |TAMS 0x000000008a900000| PB 0x000000008a900000| Untracked 
| 170|0x000000008aa00000, 0x000000008aa00000, 0x000000008ab00000|  0%| F|  |TAMS 0x000000008aa00000| PB 0x000000008aa00000| Untracked 
| 171|0x000000008ab00000, 0x000000008ab00000, 0x000000008ac00000|  0%| F|  |TAMS 0x000000008ab00000| PB 0x000000008ab00000| Untracked 
| 172|0x000000008ac00000, 0x000000008ac00000, 0x000000008ad00000|  0%| F|  |TAMS 0x000000008ac00000| PB 0x000000008ac00000| Untracked 
| 173|0x000000008ad00000, 0x000000008ad00000, 0x000000008ae00000|  0%| F|  |TAMS 0x000000008ad00000| PB 0x000000008ad00000| Untracked 
| 174|0x000000008ae00000, 0x000000008ae00000, 0x000000008af00000|  0%| F|  |TAMS 0x000000008ae00000| PB 0x000000008ae00000| Untracked 
| 175|0x000000008af00000, 0x000000008af00000, 0x000000008b000000|  0%| F|  |TAMS 0x000000008af00000| PB 0x000000008af00000| Untracked 
| 176|0x000000008b000000, 0x000000008b000000, 0x000000008b100000|  0%| F|  |TAMS 0x000000008b000000| PB 0x000000008b000000| Untracked 
| 177|0x000000008b100000, 0x000000008b100000, 0x000000008b200000|  0%| F|  |TAMS 0x000000008b100000| PB 0x000000008b100000| Untracked 
| 178|0x000000008b200000, 0x000000008b200000, 0x000000008b300000|  0%| F|  |TAMS 0x000000008b200000| PB 0x000000008b200000| Untracked 
| 179|0x000000008b300000, 0x000000008b300000, 0x000000008b400000|  0%| F|  |TAMS 0x000000008b300000| PB 0x000000008b300000| Untracked 
| 180|0x000000008b400000, 0x000000008b400000, 0x000000008b500000|  0%| F|  |TAMS 0x000000008b400000| PB 0x000000008b400000| Untracked 
| 181|0x000000008b500000, 0x000000008b500000, 0x000000008b600000|  0%| F|  |TAMS 0x000000008b500000| PB 0x000000008b500000| Untracked 
| 182|0x000000008b600000, 0x000000008b600000, 0x000000008b700000|  0%| F|  |TAMS 0x000000008b600000| PB 0x000000008b600000| Untracked 
| 183|0x000000008b700000, 0x000000008b700000, 0x000000008b800000|  0%| F|  |TAMS 0x000000008b700000| PB 0x000000008b700000| Untracked 
| 184|0x000000008b800000, 0x000000008b800000, 0x000000008b900000|  0%| F|  |TAMS 0x000000008b800000| PB 0x000000008b800000| Untracked 
| 185|0x000000008b900000, 0x000000008b900000, 0x000000008ba00000|  0%| F|  |TAMS 0x000000008b900000| PB 0x000000008b900000| Untracked 
| 186|0x000000008ba00000, 0x000000008ba00000, 0x000000008bb00000|  0%| F|  |TAMS 0x000000008ba00000| PB 0x000000008ba00000| Untracked 
| 187|0x000000008bb00000, 0x000000008bb00000, 0x000000008bc00000|  0%| F|  |TAMS 0x000000008bb00000| PB 0x000000008bb00000| Untracked 
| 188|0x000000008bc00000, 0x000000008bc00000, 0x000000008bd00000|  0%| F|  |TAMS 0x000000008bc00000| PB 0x000000008bc00000| Untracked 
| 189|0x000000008bd00000, 0x000000008bd00000, 0x000000008be00000|  0%| F|  |TAMS 0x000000008bd00000| PB 0x000000008bd00000| Untracked 
| 190|0x000000008be00000, 0x000000008be00000, 0x000000008bf00000|  0%| F|  |TAMS 0x000000008be00000| PB 0x000000008be00000| Untracked 
| 191|0x000000008bf00000, 0x000000008bf00000, 0x000000008c000000|  0%| F|  |TAMS 0x000000008bf00000| PB 0x000000008bf00000| Untracked 
| 192|0x000000008c000000, 0x000000008c000000, 0x000000008c100000|  0%| F|  |TAMS 0x000000008c000000| PB 0x000000008c000000| Untracked 
| 193|0x000000008c100000, 0x000000008c100000, 0x000000008c200000|  0%| F|  |TAMS 0x000000008c100000| PB 0x000000008c100000| Untracked 
| 194|0x000000008c200000, 0x000000008c200000, 0x000000008c300000|  0%| F|  |TAMS 0x000000008c200000| PB 0x000000008c200000| Untracked 
| 195|0x000000008c300000, 0x000000008c300000, 0x000000008c400000|  0%| F|  |TAMS 0x000000008c300000| PB 0x000000008c300000| Untracked 
| 196|0x000000008c400000, 0x000000008c400000, 0x000000008c500000|  0%| F|  |TAMS 0x000000008c400000| PB 0x000000008c400000| Untracked 
| 197|0x000000008c500000, 0x000000008c500000, 0x000000008c600000|  0%| F|  |TAMS 0x000000008c500000| PB 0x000000008c500000| Untracked 
| 198|0x000000008c600000, 0x000000008c600000, 0x000000008c700000|  0%| F|  |TAMS 0x000000008c600000| PB 0x000000008c600000| Untracked 
| 199|0x000000008c700000, 0x000000008c700000, 0x000000008c800000|  0%| F|  |TAMS 0x000000008c700000| PB 0x000000008c700000| Untracked 
| 200|0x000000008c800000, 0x000000008c800000, 0x000000008c900000|  0%| F|  |TAMS 0x000000008c800000| PB 0x000000008c800000| Untracked 
| 201|0x000000008c900000, 0x000000008c900000, 0x000000008ca00000|  0%| F|  |TAMS 0x000000008c900000| PB 0x000000008c900000| Untracked 
| 202|0x000000008ca00000, 0x000000008ca00000, 0x000000008cb00000|  0%| F|  |TAMS 0x000000008ca00000| PB 0x000000008ca00000| Untracked 
| 203|0x000000008cb00000, 0x000000008cb00000, 0x000000008cc00000|  0%| F|  |TAMS 0x000000008cb00000| PB 0x000000008cb00000| Untracked 
| 204|0x000000008cc00000, 0x000000008cc00000, 0x000000008cd00000|  0%| F|  |TAMS 0x000000008cc00000| PB 0x000000008cc00000| Untracked 
| 205|0x000000008cd00000, 0x000000008cd00000, 0x000000008ce00000|  0%| F|  |TAMS 0x000000008cd00000| PB 0x000000008cd00000| Untracked 
| 206|0x000000008ce00000, 0x000000008ce00000, 0x000000008cf00000|  0%| F|  |TAMS 0x000000008ce00000| PB 0x000000008ce00000| Untracked 
| 207|0x000000008cf00000, 0x000000008cf00000, 0x000000008d000000|  0%| F|  |TAMS 0x000000008cf00000| PB 0x000000008cf00000| Untracked 
| 208|0x000000008d000000, 0x000000008d000000, 0x000000008d100000|  0%| F|  |TAMS 0x000000008d000000| PB 0x000000008d000000| Untracked 
| 209|0x000000008d100000, 0x000000008d100000, 0x000000008d200000|  0%| F|  |TAMS 0x000000008d100000| PB 0x000000008d100000| Untracked 
| 210|0x000000008d200000, 0x000000008d200000, 0x000000008d300000|  0%| F|  |TAMS 0x000000008d200000| PB 0x000000008d200000| Untracked 
| 211|0x000000008d300000, 0x000000008d300000, 0x000000008d400000|  0%| F|  |TAMS 0x000000008d300000| PB 0x000000008d300000| Untracked 
| 212|0x000000008d400000, 0x000000008d400000, 0x000000008d500000|  0%| F|  |TAMS 0x000000008d400000| PB 0x000000008d400000| Untracked 
| 213|0x000000008d500000, 0x000000008d500000, 0x000000008d600000|  0%| F|  |TAMS 0x000000008d500000| PB 0x000000008d500000| Untracked 
| 214|0x000000008d600000, 0x000000008d600000, 0x000000008d700000|  0%| F|  |TAMS 0x000000008d600000| PB 0x000000008d600000| Untracked 
| 215|0x000000008d700000, 0x000000008d700000, 0x000000008d800000|  0%| F|  |TAMS 0x000000008d700000| PB 0x000000008d700000| Untracked 
| 216|0x000000008d800000, 0x000000008d800000, 0x000000008d900000|  0%| F|  |TAMS 0x000000008d800000| PB 0x000000008d800000| Untracked 
| 217|0x000000008d900000, 0x000000008d900000, 0x000000008da00000|  0%| F|  |TAMS 0x000000008d900000| PB 0x000000008d900000| Untracked 
| 218|0x000000008da00000, 0x000000008da00000, 0x000000008db00000|  0%| F|  |TAMS 0x000000008da00000| PB 0x000000008da00000| Untracked 
| 219|0x000000008db00000, 0x000000008db00000, 0x000000008dc00000|  0%| F|  |TAMS 0x000000008db00000| PB 0x000000008db00000| Untracked 
| 220|0x000000008dc00000, 0x000000008dc00000, 0x000000008dd00000|  0%| F|  |TAMS 0x000000008dc00000| PB 0x000000008dc00000| Untracked 
| 221|0x000000008dd00000, 0x000000008dd00000, 0x000000008de00000|  0%| F|  |TAMS 0x000000008dd00000| PB 0x000000008dd00000| Untracked 
| 222|0x000000008de00000, 0x000000008de00000, 0x000000008df00000|  0%| F|  |TAMS 0x000000008de00000| PB 0x000000008de00000| Untracked 
| 223|0x000000008df00000, 0x000000008df00000, 0x000000008e000000|  0%| F|  |TAMS 0x000000008df00000| PB 0x000000008df00000| Untracked 
| 224|0x000000008e000000, 0x000000008e000000, 0x000000008e100000|  0%| F|  |TAMS 0x000000008e000000| PB 0x000000008e000000| Untracked 
| 225|0x000000008e100000, 0x000000008e100000, 0x000000008e200000|  0%| F|  |TAMS 0x000000008e100000| PB 0x000000008e100000| Untracked 
| 226|0x000000008e200000, 0x000000008e200000, 0x000000008e300000|  0%| F|  |TAMS 0x000000008e200000| PB 0x000000008e200000| Untracked 
| 227|0x000000008e300000, 0x000000008e300000, 0x000000008e400000|  0%| F|  |TAMS 0x000000008e300000| PB 0x000000008e300000| Untracked 
| 228|0x000000008e400000, 0x000000008e400000, 0x000000008e500000|  0%| F|  |TAMS 0x000000008e400000| PB 0x000000008e400000| Untracked 
| 229|0x000000008e500000, 0x000000008e500000, 0x000000008e600000|  0%| F|  |TAMS 0x000000008e500000| PB 0x000000008e500000| Untracked 
| 230|0x000000008e600000, 0x000000008e600000, 0x000000008e700000|  0%| F|  |TAMS 0x000000008e600000| PB 0x000000008e600000| Untracked 
| 231|0x000000008e700000, 0x000000008e700000, 0x000000008e800000|  0%| F|  |TAMS 0x000000008e700000| PB 0x000000008e700000| Untracked 
| 232|0x000000008e800000, 0x000000008e800000, 0x000000008e900000|  0%| F|  |TAMS 0x000000008e800000| PB 0x000000008e800000| Untracked 
| 233|0x000000008e900000, 0x000000008e900000, 0x000000008ea00000|  0%| F|  |TAMS 0x000000008e900000| PB 0x000000008e900000| Untracked 
| 234|0x000000008ea00000, 0x000000008ea00000, 0x000000008eb00000|  0%| F|  |TAMS 0x000000008ea00000| PB 0x000000008ea00000| Untracked 
| 235|0x000000008eb00000, 0x000000008eb00000, 0x000000008ec00000|  0%| F|  |TAMS 0x000000008eb00000| PB 0x000000008eb00000| Untracked 
| 236|0x000000008ec00000, 0x000000008ec00000, 0x000000008ed00000|  0%| F|  |TAMS 0x000000008ec00000| PB 0x000000008ec00000| Untracked 
| 237|0x000000008ed00000, 0x000000008ed00000, 0x000000008ee00000|  0%| F|  |TAMS 0x000000008ed00000| PB 0x000000008ed00000| Untracked 
| 238|0x000000008ee00000, 0x000000008ee00000, 0x000000008ef00000|  0%| F|  |TAMS 0x000000008ee00000| PB 0x000000008ee00000| Untracked 
| 239|0x000000008ef00000, 0x000000008ef00000, 0x000000008f000000|  0%| F|  |TAMS 0x000000008ef00000| PB 0x000000008ef00000| Untracked 
| 240|0x000000008f000000, 0x000000008f000000, 0x000000008f100000|  0%| F|  |TAMS 0x000000008f000000| PB 0x000000008f000000| Untracked 
| 241|0x000000008f100000, 0x000000008f100000, 0x000000008f200000|  0%| F|  |TAMS 0x000000008f100000| PB 0x000000008f100000| Untracked 
| 242|0x000000008f200000, 0x000000008f200000, 0x000000008f300000|  0%| F|  |TAMS 0x000000008f200000| PB 0x000000008f200000| Untracked 
| 243|0x000000008f300000, 0x000000008f300000, 0x000000008f400000|  0%| F|  |TAMS 0x000000008f300000| PB 0x000000008f300000| Untracked 
| 244|0x000000008f400000, 0x000000008f400000, 0x000000008f500000|  0%| F|  |TAMS 0x000000008f400000| PB 0x000000008f400000| Untracked 
| 245|0x000000008f500000, 0x000000008f500000, 0x000000008f600000|  0%| F|  |TAMS 0x000000008f500000| PB 0x000000008f500000| Untracked 
| 246|0x000000008f600000, 0x000000008f600000, 0x000000008f700000|  0%| F|  |TAMS 0x000000008f600000| PB 0x000000008f600000| Untracked 
| 247|0x000000008f700000, 0x000000008f700000, 0x000000008f800000|  0%| F|  |TAMS 0x000000008f700000| PB 0x000000008f700000| Untracked 
| 248|0x000000008f800000, 0x000000008f800000, 0x000000008f900000|  0%| F|  |TAMS 0x000000008f800000| PB 0x000000008f800000| Untracked 
| 266|0x0000000090a00000, 0x0000000090a00000, 0x0000000090b00000|  0%| F|  |TAMS 0x0000000090a00000| PB 0x0000000090a00000| Untracked 
| 267|0x0000000090b00000, 0x0000000090c00000, 0x0000000090c00000|100%| E|  |TAMS 0x0000000090b00000| PB 0x0000000090b00000| Complete 
|2025|0x00000000fe900000, 0x00000000fea00000, 0x00000000fea00000|100%| O|  |TAMS 0x00000000fe900000| PB 0x00000000fe900000| Untracked 
|2026|0x00000000fea00000, 0x00000000feb00000, 0x00000000feb00000|100%| E|CS|TAMS 0x00000000fea00000| PB 0x00000000fea00000| Complete 
|2027|0x00000000feb00000, 0x00000000fec00000, 0x00000000fec00000|100%| E|CS|TAMS 0x00000000feb00000| PB 0x00000000feb00000| Complete 
|2028|0x00000000fec00000, 0x00000000fed00000, 0x00000000fed00000|100%| O|  |TAMS 0x00000000fec00000| PB 0x00000000fec00000| Untracked 
|2029|0x00000000fed00000, 0x00000000fee00000, 0x00000000fee00000|100%| O|  |TAMS 0x00000000fed00000| PB 0x00000000fed00000| Untracked 
|2030|0x00000000fee00000, 0x00000000fef00000, 0x00000000fef00000|100%| O|  |TAMS 0x00000000fee00000| PB 0x00000000fee00000| Untracked 
|2031|0x00000000fef00000, 0x00000000ff000000, 0x00000000ff000000|100%| O|  |TAMS 0x00000000fef00000| PB 0x00000000fef00000| Untracked 
|2032|0x00000000ff000000, 0x00000000ff100000, 0x00000000ff100000|100%| O|  |TAMS 0x00000000ff000000| PB 0x00000000ff000000| Untracked 
|2033|0x00000000ff100000, 0x00000000ff200000, 0x00000000ff200000|100%| O|  |TAMS 0x00000000ff100000| PB 0x00000000ff100000| Untracked 
|2034|0x00000000ff200000, 0x00000000ff300000, 0x00000000ff300000|100%| O|  |TAMS 0x00000000ff200000| PB 0x00000000ff200000| Untracked 
|2035|0x00000000ff300000, 0x00000000ff400000, 0x00000000ff400000|100%| O|  |TAMS 0x00000000ff300000| PB 0x00000000ff300000| Untracked 
|2036|0x00000000ff400000, 0x00000000ff500000, 0x00000000ff500000|100%| O|  |TAMS 0x00000000ff400000| PB 0x00000000ff400000| Untracked 
|2037|0x00000000ff500000, 0x00000000ff600000, 0x00000000ff600000|100%| O|  |TAMS 0x00000000ff500000| PB 0x00000000ff500000| Untracked 
|2038|0x00000000ff600000, 0x00000000ff700000, 0x00000000ff700000|100%| O|  |TAMS 0x00000000ff600000| PB 0x00000000ff600000| Untracked 
|2039|0x00000000ff700000, 0x00000000ff800000, 0x00000000ff800000|100%| O|  |TAMS 0x00000000ff700000| PB 0x00000000ff700000| Untracked 
|2040|0x00000000ff800000, 0x00000000ff900000, 0x00000000ff900000|100%| E|CS|TAMS 0x00000000ff800000| PB 0x00000000ff800000| Complete 
|2041|0x00000000ff900000, 0x00000000ffa00000, 0x00000000ffa00000|100%| O|  |TAMS 0x00000000ff900000| PB 0x00000000ff900000| Untracked 
|2042|0x00000000ffa00000, 0x00000000ffb00000, 0x00000000ffb00000|100%| O|  |TAMS 0x00000000ffa00000| PB 0x00000000ffa00000| Untracked 
|2043|0x00000000ffb00000, 0x00000000ffc00000, 0x00000000ffc00000|100%| O|  |TAMS 0x00000000ffb00000| PB 0x00000000ffb00000| Untracked 
|2044|0x00000000ffc00000, 0x00000000ffd00000, 0x00000000ffd00000|100%| O|  |TAMS 0x00000000ffc00000| PB 0x00000000ffc00000| Untracked 
|2045|0x00000000ffd00000, 0x00000000ffe00000, 0x00000000ffe00000|100%| O|  |TAMS 0x00000000ffd00000| PB 0x00000000ffd00000| Untracked 
|2046|0x00000000ffe00000, 0x00000000fff00000, 0x00000000fff00000|100%| O|  |TAMS 0x00000000ffe00000| PB 0x00000000ffe00000| Untracked 
|2047|0x00000000fff00000, 0x0000000100000000, 0x0000000100000000|100%| O|  |TAMS 0x00000000fff00000| PB 0x00000000fff00000| Untracked 

Card table byte_map: [0x000002e6cf590000,0x000002e6cf990000] _byte_map_base: 0x000002e6cf190000

Marking Bits: (CMBitMap*) 0x000002e6ba97e640
 Bits: [0x000002e6cf990000, 0x000002e6d1990000)

Polling page: 0x000002e6bab10000

Metaspace:

Usage:
  Non-class:    147.31 MB used.
      Class:     22.75 MB used.
       Both:    170.06 MB used.

Virtual space:
  Non-class space:      192.00 MB reserved,     148.62 MB ( 77%) committed,  3 nodes.
      Class space:        1.00 GB reserved,      23.94 MB (  2%) committed,  1 nodes.
             Both:        1.19 GB reserved,     172.56 MB ( 14%) committed. 

Chunk freelists:
   Non-Class:  11.27 MB
       Class:  8.02 MB
        Both:  19.28 MB

MaxMetaspaceSize: unlimited
CompressedClassSpaceSize: 1.00 GB
Initial GC threshold: 21.00 MB
Current GC threshold: 274.62 MB
CDS: off
 - commit_granule_bytes: 65536.
 - commit_granule_words: 8192.
 - virtual_space_node_default_size: 8388608.
 - enlarge_chunks_in_place: 1.
 - use_allocation_guard: 0.


Internal statistics:

num_allocs_failed_limit: 9.
num_arena_births: 4948.
num_arena_deaths: 0.
num_vsnodes_births: 4.
num_vsnodes_deaths: 0.
num_space_committed: 2759.
num_space_uncommitted: 0.
num_chunks_returned_to_freelist: 9.
num_chunks_taken_from_freelist: 11775.
num_chunk_merges: 6.
num_chunk_splits: 8258.
num_chunks_enlarged: 5761.
num_inconsistent_stats: 0.

CodeHeap 'non-profiled nmethods': size=120000Kb used=9079Kb max_used=9200Kb free=110920Kb
 bounds [0x000002e6c7930000, 0x000002e6c8270000, 0x000002e6cee60000]
CodeHeap 'profiled nmethods': size=120000Kb used=27347Kb max_used=28686Kb free=92652Kb
 bounds [0x000002e6bfe60000, 0x000002e6c1a70000, 0x000002e6c7390000]
CodeHeap 'non-nmethods': size=5760Kb used=3266Kb max_used=3332Kb free=2493Kb
 bounds [0x000002e6c7390000, 0x000002e6c76e0000, 0x000002e6c7930000]
CodeCache: size=245760Kb, used=39692Kb, max_used=41218Kb, free=206065Kb
 total_blobs=13908, nmethods=12688, adapters=1122, full_count=0
Compilation: enabled, stopped_count=0, restarted_count=0

Compilation events (20 events):
Event: 456.424 Thread 0x000002e6d4532c00 19781       3       org.gradle.api.internal.provider.DefaultValueSourceProviderFactory$$Lambda/0x0000000100b942e0::registerServices (17 bytes)
Event: 456.424 Thread 0x000002e6d4532c00 nmethod 19781 0x000002e6c01f6710 code [0x000002e6c01f68c0, 0x000002e6c01f6a18]
Event: 456.424 Thread 0x000002e6d4532c00 19782       3       org.gradle.api.internal.provider.DefaultValueSourceProviderFactory::lambda$instantiateValueSource$0 (37 bytes)
Event: 456.424 Thread 0x000002e6d4532c00 nmethod 19782 0x000002e6c0de3a90 code [0x000002e6c0de3cc0, 0x000002e6c0de42f8]
Event: 456.425 Thread 0x000002e6d4532c00 19783       3       org.codehaus.groovy.runtime.callsite.PogoGetPropertySite::acceptGetProperty (23 bytes)
Event: 456.425 Thread 0x000002e6d4532c00 nmethod 19783 0x000002e6c0de3610 code [0x000002e6c0de37c0, 0x000002e6c0de39b0]
Event: 456.426 Thread 0x000002e6d4532c00 19784       3       org.codehaus.groovy.runtime.callsite.AbstractCallSite::<init> (35 bytes)
Event: 456.426 Thread 0x000002e6d4532c00 nmethod 19784 0x000002e6c0de2e90 code [0x000002e6c0de3040, 0x000002e6c0de34b0]
Event: 456.433 Thread 0x000002e6d4532c00 19785       3       jdk.proxy1.$Proxy32::<init> (6 bytes)
Event: 456.433 Thread 0x000002e6d4532c00 nmethod 19785 0x000002e6c0de2810 code [0x000002e6c0de29e0, 0x000002e6c0de2d50]
Event: 456.436 Thread 0x000002e6d4530130 nmethod 19743 0x000002e6c7b98390 code [0x000002e6c7b986e0, 0x000002e6c7b9ac78]
Event: 456.437 Thread 0x000002e6d4530130 19757       4       java.lang.String::lastIndexOf (12 bytes)
Event: 456.439 Thread 0x000002e6d4530130 nmethod 19757 0x000002e6c7f9ff90 code [0x000002e6c7fa0120, 0x000002e6c7fa0290]
Event: 456.439 Thread 0x000002e6d4530130 19747       4       java.util.Hashtable$Enumerator::hasMoreElements (53 bytes)
Event: 456.441 Thread 0x000002e6d4532c00 19787       1       org.codehaus.groovy.runtime.metaclass.NewStaticMetaMethod::getModifiers (3 bytes)
Event: 456.441 Thread 0x000002e6d4532c00 nmethod 19787 0x000002e6c7ec8f90 code [0x000002e6c7ec9120, 0x000002e6c7ec91e8]
Event: 456.444 Thread 0x000002e6d4530130 nmethod 19747 0x000002e6c7ec8a10 code [0x000002e6c7ec8ba0, 0x000002e6c7ec8e60]
Event: 456.444 Thread 0x000002e6d4530130 19746       4       org.codehaus.groovy.reflection.CachedMethod$MyComparator::compare (43 bytes)
Event: 456.445 Thread 0x000002e6d4530130 nmethod 19746 0x000002e6c7ec8690 code [0x000002e6c7ec8820, 0x000002e6c7ec8918]
Event: 456.445 Thread 0x000002e6d4530130 19744       4       groovy.lang.MetaClassImpl::makeReplacementMetaProperty (241 bytes)

GC Heap History (20 events):
Event: 442.882 GC heap before
{Heap before GC invocations=32 (full 0):
 garbage-first heap   total 218112K, used 199115K [0x0000000080000000, 0x0000000100000000)
  region size 1024K, 102 young (104448K), 10 survivors (10240K)
 Metaspace       used 117843K, committed 119936K, reserved 1179648K
  class space    used 16849K, committed 17856K, reserved 1048576K
}
Event: 442.892 GC heap after
{Heap after GC invocations=33 (full 0):
 garbage-first heap   total 218112K, used 108068K [0x0000000080000000, 0x0000000100000000)
  region size 1024K, 9 young (9216K), 9 survivors (9216K)
 Metaspace       used 117843K, committed 119936K, reserved 1179648K
  class space    used 16849K, committed 17856K, reserved 1048576K
}
Event: 443.783 GC heap before
{Heap before GC invocations=33 (full 0):
 garbage-first heap   total 218112K, used 209444K [0x0000000080000000, 0x0000000100000000)
  region size 1024K, 101 young (103424K), 9 survivors (9216K)
 Metaspace       used 121234K, committed 123328K, reserved 1179648K
  class space    used 17251K, committed 18240K, reserved 1048576K
}
Event: 443.812 GC heap after
{Heap after GC invocations=34 (full 0):
 garbage-first heap   total 242688K, used 127118K [0x0000000080000000, 0x0000000100000000)
  region size 1024K, 13 young (13312K), 13 survivors (13312K)
 Metaspace       used 121234K, committed 123328K, reserved 1179648K
  class space    used 17251K, committed 18240K, reserved 1048576K
}
Event: 444.077 GC heap before
{Heap before GC invocations=34 (full 0):
 garbage-first heap   total 242688K, used 141454K [0x0000000080000000, 0x0000000100000000)
  region size 1024K, 28 young (28672K), 13 survivors (13312K)
 Metaspace       used 123356K, committed 125504K, reserved 1179648K
  class space    used 17490K, committed 18496K, reserved 1048576K
}
Event: 444.090 GC heap after
{Heap after GC invocations=35 (full 0):
 garbage-first heap   total 242688K, used 131116K [0x0000000080000000, 0x0000000100000000)
  region size 1024K, 3 young (3072K), 3 survivors (3072K)
 Metaspace       used 123356K, committed 125504K, reserved 1179648K
  class space    used 17490K, committed 18496K, reserved 1048576K
}
Event: 445.695 GC heap before
{Heap before GC invocations=36 (full 0):
 garbage-first heap   total 242688K, used 224300K [0x0000000080000000, 0x0000000100000000)
  region size 1024K, 87 young (89088K), 3 survivors (3072K)
 Metaspace       used 133241K, committed 135680K, reserved 1179648K
  class space    used 18637K, committed 19840K, reserved 1048576K
}
Event: 445.701 GC heap after
{Heap after GC invocations=37 (full 0):
 garbage-first heap   total 242688K, used 142602K [0x0000000080000000, 0x0000000100000000)
  region size 1024K, 7 young (7168K), 7 survivors (7168K)
 Metaspace       used 133241K, committed 135680K, reserved 1179648K
  class space    used 18637K, committed 19840K, reserved 1048576K
}
Event: 446.939 GC heap before
{Heap before GC invocations=37 (full 0):
 garbage-first heap   total 242688K, used 222474K [0x0000000080000000, 0x0000000100000000)
  region size 1024K, 84 young (86016K), 7 survivors (7168K)
 Metaspace       used 141179K, committed 143616K, reserved 1179648K
  class space    used 19602K, committed 20800K, reserved 1048576K
}
Event: 446.950 GC heap after
{Heap after GC invocations=38 (full 0):
 garbage-first heap   total 242688K, used 143844K [0x0000000080000000, 0x0000000100000000)
  region size 1024K, 10 young (10240K), 10 survivors (10240K)
 Metaspace       used 141179K, committed 143616K, reserved 1179648K
  class space    used 19602K, committed 20800K, reserved 1048576K
}
Event: 448.308 GC heap before
{Heap before GC invocations=38 (full 0):
 garbage-first heap   total 242688K, used 222692K [0x0000000080000000, 0x0000000100000000)
  region size 1024K, 87 young (89088K), 10 survivors (10240K)
 Metaspace       used 147966K, committed 150400K, reserved 1179648K
  class space    used 20319K, committed 21504K, reserved 1048576K
}
Event: 448.319 GC heap after
{Heap after GC invocations=39 (full 0):
 garbage-first heap   total 242688K, used 150149K [0x0000000080000000, 0x0000000100000000)
  region size 1024K, 11 young (11264K), 11 survivors (11264K)
 Metaspace       used 147966K, committed 150400K, reserved 1179648K
  class space    used 20319K, committed 21504K, reserved 1048576K
}
Event: 449.869 GC heap before
{Heap before GC invocations=40 (full 0):
 garbage-first heap   total 250880K, used 224901K [0x0000000080000000, 0x0000000100000000)
  region size 1024K, 84 young (86016K), 11 survivors (11264K)
 Metaspace       used 159727K, committed 162176K, reserved 1245184K
  class space    used 21599K, committed 22784K, reserved 1048576K
}
Event: 449.878 GC heap after
{Heap after GC invocations=41 (full 0):
 garbage-first heap   total 250880K, used 152266K [0x0000000080000000, 0x0000000100000000)
  region size 1024K, 8 young (8192K), 8 survivors (8192K)
 Metaspace       used 159727K, committed 162176K, reserved 1245184K
  class space    used 21599K, committed 22784K, reserved 1048576K
}
Event: 451.055 GC heap before
{Heap before GC invocations=41 (full 0):
 garbage-first heap   total 250880K, used 235210K [0x0000000080000000, 0x0000000100000000)
  region size 1024K, 88 young (90112K), 8 survivors (8192K)
 Metaspace       used 162700K, committed 165120K, reserved 1245184K
  class space    used 21891K, committed 23040K, reserved 1048576K
}
Event: 451.071 GC heap after
{Heap after GC invocations=42 (full 0):
 garbage-first heap   total 256000K, used 158496K [0x0000000080000000, 0x0000000100000000)
  region size 1024K, 11 young (11264K), 11 survivors (11264K)
 Metaspace       used 162700K, committed 165120K, reserved 1245184K
  class space    used 21891K, committed 23040K, reserved 1048576K
}
Event: 452.864 GC heap before
{Heap before GC invocations=42 (full 0):
 garbage-first heap   total 256000K, used 235296K [0x0000000080000000, 0x0000000100000000)
  region size 1024K, 86 young (88064K), 11 survivors (11264K)
 Metaspace       used 165945K, committed 168384K, reserved 1245184K
  class space    used 22099K, committed 23296K, reserved 1048576K
}
Event: 452.877 GC heap after
{Heap after GC invocations=43 (full 0):
 garbage-first heap   total 256000K, used 167811K [0x0000000080000000, 0x0000000100000000)
  region size 1024K, 10 young (10240K), 10 survivors (10240K)
 Metaspace       used 165945K, committed 168384K, reserved 1245184K
  class space    used 22099K, committed 23296K, reserved 1048576K
}
Event: 454.766 GC heap before
{Heap before GC invocations=44 (full 0):
 garbage-first heap   total 280576K, used 235395K [0x0000000080000000, 0x0000000100000000)
  region size 1024K, 76 young (77824K), 10 survivors (10240K)
 Metaspace       used 170046K, committed 172544K, reserved 1245184K
  class space    used 22762K, committed 23936K, reserved 1048576K
}
Event: 454.776 GC heap after
{Heap after GC invocations=45 (full 0):
 garbage-first heap   total 280576K, used 164148K [0x0000000080000000, 0x0000000100000000)
  region size 1024K, 5 young (5120K), 5 survivors (5120K)
 Metaspace       used 170046K, committed 172544K, reserved 1245184K
  class space    used 22762K, committed 23936K, reserved 1048576K
}

Dll operation events (3 events):
Event: 0.017 Loaded shared library C:\Program Files\Android\Android Studio\jbr\bin\java.dll
Event: 0.023 Loaded shared library C:\Program Files\Android\Android Studio\jbr\bin\zip.dll
Event: 0.613 Loaded shared library C:\Program Files\Android\Android Studio\jbr\bin\verify.dll

Deoptimization events (20 events):
Event: 455.882 Thread 0x000002e6df0585b0 Uncommon trap: trap_request=0xffffff45 fr.pc=0x000002e6c7f21880 relative=0x00000000000000c0
Event: 455.882 Thread 0x000002e6df0585b0 Uncommon trap: reason=unstable_if action=reinterpret pc=0x000002e6c7f21880 method=java.lang.reflect.Method.isCallerSensitive()Z @ 29 c2
Event: 455.882 Thread 0x000002e6df0585b0 DEOPT PACKING pc=0x000002e6c7f21880 sp=0x000000eac00f9440
Event: 455.882 Thread 0x000002e6df0585b0 DEOPT UNPACKING pc=0x000002e6c73e7aa2 sp=0x000000eac00f93d0 mode 2
Event: 455.883 Thread 0x000002e6df0585b0 Uncommon trap: trap_request=0xffffff45 fr.pc=0x000002e6c7dc9f9c relative=0x000000000000007c
Event: 455.883 Thread 0x000002e6df0585b0 Uncommon trap: reason=unstable_if action=reinterpret pc=0x000002e6c7dc9f9c method=java.lang.invoke.MemberName.isResolved()Z @ 4 c2
Event: 455.883 Thread 0x000002e6df0585b0 DEOPT PACKING pc=0x000002e6c7dc9f9c sp=0x000000eac00f9080
Event: 455.883 Thread 0x000002e6df0585b0 DEOPT UNPACKING pc=0x000002e6c73e7aa2 sp=0x000000eac00f8f80 mode 2
Event: 455.900 Thread 0x000002e6df0585b0 Uncommon trap: trap_request=0x00000055 fr.pc=0x000002e6c7e9e27c relative=0x000000000000227c
Event: 455.900 Thread 0x000002e6df0585b0 Uncommon trap: reason=unloaded action=reinterpret pc=0x000002e6c7e9e27c method=sun.reflect.generics.factory.CoreReflectionFactory.makeNamedType(Ljava/lang/String;)Ljava/lang/reflect/Type; @ 11 c2
Event: 455.900 Thread 0x000002e6df0585b0 DEOPT PACKING pc=0x000002e6c7e9e27c sp=0x000000eac00f8850
Event: 455.900 Thread 0x000002e6df0585b0 DEOPT UNPACKING pc=0x000002e6c73e7aa2 sp=0x000000eac00f87b8 mode 2
Event: 455.902 Thread 0x000002e6df0585b0 Uncommon trap: trap_request=0xffffff45 fr.pc=0x000002e6c7cea12c relative=0x0000000000000fec
Event: 455.902 Thread 0x000002e6df0585b0 Uncommon trap: reason=unstable_if action=reinterpret pc=0x000002e6c7cea12c method=java.lang.ClassLoader.checkCerts(Ljava/lang/String;Ljava/security/CodeSource;)V @ 30 c2
Event: 455.902 Thread 0x000002e6df0585b0 DEOPT PACKING pc=0x000002e6c7cea12c sp=0x000000eac00f8fb0
Event: 455.902 Thread 0x000002e6df0585b0 DEOPT UNPACKING pc=0x000002e6c73e7aa2 sp=0x000000eac00f8f88 mode 2
Event: 455.902 Thread 0x000002e6df0585b0 Uncommon trap: trap_request=0xffffff45 fr.pc=0x000002e6c808bf7c relative=0x00000000000054fc
Event: 455.902 Thread 0x000002e6df0585b0 Uncommon trap: reason=unstable_if action=reinterpret pc=0x000002e6c808bf7c method=java.lang.ClassLoader.loadClass(Ljava/lang/String;Z)Ljava/lang/Class; @ 29 c2
Event: 455.902 Thread 0x000002e6df0585b0 DEOPT PACKING pc=0x000002e6c808bf7c sp=0x000000eac00f4f80
Event: 455.902 Thread 0x000002e6df0585b0 DEOPT UNPACKING pc=0x000002e6c73e7aa2 sp=0x000000eac00f4ff8 mode 2

Classes loaded (20 events):
Event: 455.896 Loading class java/security/SecureClassLoaderBeanInfo
Event: 455.896 Loading class java/security/SecureClassLoaderBeanInfo done
Event: 455.896 Loading class java/lang/ClassLoaderBeanInfo
Event: 455.896 Loading class java/lang/ClassLoaderBeanInfo done
Event: 455.896 Loading class java/lang/ClassLoaderBeanInfo
Event: 455.896 Loading class java/lang/ClassLoaderBeanInfo done
Event: 455.896 Loading class java/lang/ClassLoaderCustomizer
Event: 455.896 Loading class java/lang/ClassLoaderCustomizer done
Event: 455.896 Loading class java/lang/ClassLoaderCustomizer
Event: 455.896 Loading class java/lang/ClassLoaderCustomizer done
Event: 455.897 Loading class java/security/SecureClassLoaderCustomizer
Event: 455.897 Loading class java/security/SecureClassLoaderCustomizer done
Event: 455.898 Loading class java/security/SecureClassLoaderCustomizer
Event: 455.898 Loading class java/security/SecureClassLoaderCustomizer done
Event: 455.898 Loading class java/net/URLClassLoaderCustomizer
Event: 455.898 Loading class java/net/URLClassLoaderCustomizer done
Event: 455.898 Loading class java/net/URLClassLoaderCustomizer
Event: 455.898 Loading class java/net/URLClassLoaderCustomizer done
Event: 456.369 Loading class java/io/FilterReader
Event: 456.370 Loading class java/io/FilterReader done

Classes unloaded (0 events):
No events

Classes redefined (0 events):
No events

Internal exceptions (20 events):
Event: 456.413 Thread 0x000002e6df0585b0 Exception <a 'sun/nio/fs/WindowsException'{0x000000008a36d9d0}> (0x000000008a36d9d0) 
thrown [s\src\hotspot\share\prims\jni.cpp, line 537]
Event: 456.414 Thread 0x000002e6df0585b0 Exception <a 'java/lang/ClassNotFoundException'{0x000000008a375c00}: com/android/build/gradle/internal/tasks/DexMergingTaskCustomizer> (0x000000008a375c00) 
thrown [s\src\hotspot\share\classfile\systemDictionary.cpp, line 312]
Event: 456.416 Thread 0x000002e6df0585b0 Exception <a 'sun/nio/fs/WindowsException'{0x000000008a39a088}> (0x000000008a39a088) 
thrown [s\src\hotspot\share\prims\jni.cpp, line 537]
Event: 456.416 Thread 0x000002e6df0585b0 Exception <a 'java/lang/ClassNotFoundException'{0x000000008a3a23c8}: com/android/build/gradle/internal/tasks/DexMergingTask_DecoratedCustomizer> (0x000000008a3a23c8) 
thrown [s\src\hotspot\share\classfile\systemDictionary.cpp, line 312]
Event: 456.429 Thread 0x000002e6df0585b0 Exception <a 'sun/nio/fs/WindowsException'{0x000000008a24a8f8}> (0x000000008a24a8f8) 
thrown [s\src\hotspot\share\prims\jni.cpp, line 537]
Event: 456.430 Thread 0x000002e6df0585b0 Exception <a 'java/lang/ClassNotFoundException'{0x000000008a252c50}: com/android/build/gradle/internal/tasks/MergeNativeLibsTask_DecoratedBeanInfo> (0x000000008a252c50) 
thrown [s\src\hotspot\share\classfile\systemDictionary.cpp, line 312]
Event: 456.431 Thread 0x000002e6df0585b0 Exception <a 'sun/nio/fs/WindowsException'{0x000000008a259d88}> (0x000000008a259d88) 
thrown [s\src\hotspot\share\prims\jni.cpp, line 537]
Event: 456.431 Thread 0x000002e6df0585b0 Exception <a 'java/lang/ClassNotFoundException'{0x000000008a261ff8}: com/android/build/gradle/internal/tasks/MergeNativeLibsTaskBeanInfo> (0x000000008a261ff8) 
thrown [s\src\hotspot\share\classfile\systemDictionary.cpp, line 312]
Event: 456.432 Thread 0x000002e6df0585b0 Exception <a 'sun/nio/fs/WindowsException'{0x000000008a269108}> (0x000000008a269108) 
thrown [s\src\hotspot\share\prims\jni.cpp, line 537]
Event: 456.432 Thread 0x000002e6df0585b0 Exception <a 'java/lang/ClassNotFoundException'{0x000000008a271378}: com/android/build/gradle/internal/tasks/MergeNativeLibsTaskCustomizer> (0x000000008a271378) 
thrown [s\src\hotspot\share\classfile\systemDictionary.cpp, line 312]
Event: 456.434 Thread 0x000002e6df0585b0 Exception <a 'sun/nio/fs/WindowsException'{0x000000008a29aea8}> (0x000000008a29aea8) 
thrown [s\src\hotspot\share\prims\jni.cpp, line 537]
Event: 456.434 Thread 0x000002e6df0585b0 Exception <a 'java/lang/ClassNotFoundException'{0x000000008a2a32a8}: com/android/build/gradle/internal/tasks/MergeNativeLibsTask_DecoratedCustomizer> (0x000000008a2a32a8) 
thrown [s\src\hotspot\share\classfile\systemDictionary.cpp, line 312]
Event: 456.442 Thread 0x000002e6df0585b0 Exception <a 'sun/nio/fs/WindowsException'{0x000000008a13f1d0}> (0x000000008a13f1d0) 
thrown [s\src\hotspot\share\prims\jni.cpp, line 537]
Event: 456.443 Thread 0x000002e6df0585b0 Exception <a 'java/lang/ClassNotFoundException'{0x000000008a1475d0}: com/android/build/gradle/internal/tasks/StripDebugSymbolsTask_DecoratedBeanInfo> (0x000000008a1475d0) 
thrown [s\src\hotspot\share\classfile\systemDictionary.cpp, line 312]
Event: 456.444 Thread 0x000002e6df0585b0 Exception <a 'sun/nio/fs/WindowsException'{0x000000008a14e718}> (0x000000008a14e718) 
thrown [s\src\hotspot\share\prims\jni.cpp, line 537]
Event: 456.444 Thread 0x000002e6df0585b0 Exception <a 'java/lang/ClassNotFoundException'{0x000000008a156988}: com/android/build/gradle/internal/tasks/StripDebugSymbolsTaskBeanInfo> (0x000000008a156988) 
thrown [s\src\hotspot\share\classfile\systemDictionary.cpp, line 312]
Event: 456.445 Thread 0x000002e6df0585b0 Exception <a 'sun/nio/fs/WindowsException'{0x000000008a15dad0}> (0x000000008a15dad0) 
thrown [s\src\hotspot\share\prims\jni.cpp, line 537]
Event: 456.445 Thread 0x000002e6df0585b0 Exception <a 'java/lang/ClassNotFoundException'{0x000000008a165de8}: com/android/build/gradle/internal/tasks/StripDebugSymbolsTaskCustomizer> (0x000000008a165de8) 
thrown [s\src\hotspot\share\classfile\systemDictionary.cpp, line 312]
Event: 456.447 Thread 0x000002e6df0585b0 Exception <a 'sun/nio/fs/WindowsException'{0x000000008a1846e0}> (0x000000008a1846e0) 
thrown [s\src\hotspot\share\prims\jni.cpp, line 537]
Event: 456.448 Thread 0x000002e6df0585b0 Exception <a 'java/lang/ClassNotFoundException'{0x000000008a18cb08}: com/android/build/gradle/internal/tasks/StripDebugSymbolsTask_DecoratedCustomizer> (0x000000008a18cb08) 
thrown [s\src\hotspot\share\classfile\systemDictionary.cpp, line 312]

ZGC Phase Switch (0 events):
No events

VM Operations (20 events):
Event: 452.864 Executing VM operation: G1CollectForAllocation (G1 Evacuation Pause)
Event: 452.877 Executing VM operation: G1CollectForAllocation (G1 Evacuation Pause) done
Event: 453.009 Executing VM operation: G1PauseRemark
Event: 453.019 Executing VM operation: G1PauseRemark done
Event: 453.085 Executing VM operation: G1PauseCleanup
Event: 453.085 Executing VM operation: G1PauseCleanup done
Event: 453.315 Executing VM operation: ICBufferFull
Event: 453.315 Executing VM operation: ICBufferFull done
Event: 453.642 Executing VM operation: HandshakeAllThreads (Deoptimize)
Event: 453.642 Executing VM operation: HandshakeAllThreads (Deoptimize) done
Event: 454.194 Executing VM operation: ICBufferFull
Event: 454.195 Executing VM operation: ICBufferFull done
Event: 454.765 Executing VM operation: G1CollectForAllocation (G1 Evacuation Pause)
Event: 454.776 Executing VM operation: G1CollectForAllocation (G1 Evacuation Pause) done
Event: 455.056 Executing VM operation: HandshakeAllThreads (Deoptimize)
Event: 455.057 Executing VM operation: HandshakeAllThreads (Deoptimize) done
Event: 455.511 Executing VM operation: ICBufferFull
Event: 455.511 Executing VM operation: ICBufferFull done
Event: 455.814 Executing VM operation: ICBufferFull
Event: 455.815 Executing VM operation: ICBufferFull done

Memory protections (0 events):
No events

Nmethod flushes (20 events):
Event: 453.017 Thread 0x000002e6d43f12c0 flushing  nmethod 0x000002e6c10bc390
Event: 453.017 Thread 0x000002e6d43f12c0 flushing  nmethod 0x000002e6c10bdc10
Event: 453.017 Thread 0x000002e6d43f12c0 flushing  nmethod 0x000002e6c111e790
Event: 453.017 Thread 0x000002e6d43f12c0 flushing  nmethod 0x000002e6c1122610
Event: 453.017 Thread 0x000002e6d43f12c0 flushing  nmethod 0x000002e6c117eb10
Event: 453.017 Thread 0x000002e6d43f12c0 flushing  nmethod 0x000002e6c117f310
Event: 453.017 Thread 0x000002e6d43f12c0 flushing  nmethod 0x000002e6c1182290
Event: 453.017 Thread 0x000002e6d43f12c0 flushing  nmethod 0x000002e6c1186c10
Event: 453.017 Thread 0x000002e6d43f12c0 flushing  nmethod 0x000002e6c1187090
Event: 453.017 Thread 0x000002e6d43f12c0 flushing  nmethod 0x000002e6c11baa10
Event: 453.017 Thread 0x000002e6d43f12c0 flushing  nmethod 0x000002e6c11bef90
Event: 453.017 Thread 0x000002e6d43f12c0 flushing  nmethod 0x000002e6c11c1f10
Event: 453.017 Thread 0x000002e6d43f12c0 flushing  nmethod 0x000002e6c11c2490
Event: 453.017 Thread 0x000002e6d43f12c0 flushing  nmethod 0x000002e6c11c2910
Event: 453.017 Thread 0x000002e6d43f12c0 flushing  nmethod 0x000002e6c11f4c90
Event: 453.017 Thread 0x000002e6d43f12c0 flushing  nmethod 0x000002e6c11f6090
Event: 453.017 Thread 0x000002e6d43f12c0 flushing  nmethod 0x000002e6c11f6a10
Event: 453.017 Thread 0x000002e6d43f12c0 flushing  nmethod 0x000002e6c11ffd10
Event: 453.017 Thread 0x000002e6d43f12c0 flushing  nmethod 0x000002e6c124a490
Event: 453.017 Thread 0x000002e6d43f12c0 flushing  nmethod 0x000002e6c124cb90

Events (20 events):
Event: 444.327 Thread 0x000002e6e0609eb0 Thread exited: 0x000002e6e0609eb0
Event: 445.186 Thread 0x000002e6d4532c00 Thread added: 0x000002e6df043a60
Event: 446.180 Thread 0x000002e6df043a60 Thread exited: 0x000002e6df043a60
Event: 446.842 Thread 0x000002e6d4530130 Thread added: 0x000002e6e019ef10
Event: 446.904 Thread 0x000002e6d4532c00 Thread added: 0x000002e6dbb9e940
Event: 447.423 Thread 0x000002e6dbb9e940 Thread exited: 0x000002e6dbb9e940
Event: 447.423 Thread 0x000002e6e019ef10 Thread exited: 0x000002e6e019ef10
Event: 447.879 Thread 0x000002e6d4532c00 Thread added: 0x000002e6e534a3b0
Event: 448.006 Thread 0x000002e6d4532c00 Thread added: 0x000002e6e5349ce0
Event: 448.329 Thread 0x000002e6e5349ce0 Thread exited: 0x000002e6e5349ce0
Event: 448.375 Thread 0x000002e6e534a3b0 Thread exited: 0x000002e6e534a3b0
Event: 449.060 Thread 0x000002e6d4532c00 Thread added: 0x000002e6e534a3b0
Event: 449.690 Thread 0x000002e6e534a3b0 Thread exited: 0x000002e6e534a3b0
Event: 450.342 Thread 0x000002e6d4532c00 Thread added: 0x000002e6e534da30
Event: 450.349 Thread 0x000002e6df0585b0 Thread added: 0x000002e6dfa3a800
Event: 450.625 Thread 0x000002e6d4532c00 Thread added: 0x000002e6e534f570
Event: 452.880 Thread 0x000002e6e534f570 Thread exited: 0x000002e6e534f570
Event: 452.910 Thread 0x000002e6e534da30 Thread exited: 0x000002e6e534da30
Event: 453.143 Thread 0x000002e6d4530130 Thread added: 0x000002e6dc9e59c0
Event: 453.272 Thread 0x000002e6d4532c00 Thread added: 0x000002e6dc9e2340


Dynamic libraries:
0x00007ff748060000 - 0x00007ff74806a000 	C:\Program Files\Android\Android Studio\jbr\bin\java.exe
0x00007ffdd54a0000 - 0x00007ffdd5707000 	C:\WINDOWS\SYSTEM32\ntdll.dll
0x00007ffdd4380000 - 0x00007ffdd4449000 	C:\WINDOWS\System32\KERNEL32.DLL
0x00007ffdd2d90000 - 0x00007ffdd3187000 	C:\WINDOWS\System32\KERNELBASE.dll
0x00007ffdd2240000 - 0x00007ffdd238b000 	C:\WINDOWS\System32\ucrtbase.dll
0x00007ffdcbcd0000 - 0x00007ffdcbceb000 	C:\Program Files\Android\Android Studio\jbr\bin\VCRUNTIME140.dll
0x00007ffdc15a0000 - 0x00007ffdc15b8000 	C:\Program Files\Android\Android Studio\jbr\bin\jli.dll
0x00007ffdd3310000 - 0x00007ffdd34d6000 	C:\WINDOWS\System32\USER32.dll
0x00007ffdd2390000 - 0x00007ffdd23b7000 	C:\WINDOWS\System32\win32u.dll
0x00007ffdd0fd0000 - 0x00007ffdd1262000 	C:\WINDOWS\WinSxS\amd64_microsoft.windows.common-controls_6595b64144ccf1df_6.0.26100.8457_none_3e0b2faee331e92d\COMCTL32.dll
0x00007ffdd3b30000 - 0x00007ffdd3b5b000 	C:\WINDOWS\System32\GDI32.dll
0x00007ffdd35f0000 - 0x00007ffdd3699000 	C:\WINDOWS\System32\msvcrt.dll
0x00007ffdd1ed0000 - 0x00007ffdd1ffc000 	C:\WINDOWS\System32\gdi32full.dll
0x00007ffdd2ce0000 - 0x00007ffdd2d83000 	C:\WINDOWS\System32\msvcp_win.dll
0x00007ffdd3be0000 - 0x00007ffdd3c12000 	C:\WINDOWS\System32\IMM32.DLL
0x00007ffdc1600000 - 0x00007ffdc160c000 	C:\Program Files\Android\Android Studio\jbr\bin\vcruntime140_1.dll
0x00007ffda4790000 - 0x00007ffda481d000 	C:\Program Files\Android\Android Studio\jbr\bin\msvcp140.dll
0x00007ffd61060000 - 0x00007ffd61cf6000 	C:\Program Files\Android\Android Studio\jbr\bin\server\jvm.dll
0x00007ffdd42c0000 - 0x00007ffdd4376000 	C:\WINDOWS\System32\ADVAPI32.dll
0x00007ffdd4a30000 - 0x00007ffdd4ad7000 	C:\WINDOWS\System32\sechost.dll
0x00007ffdd5260000 - 0x00007ffdd5378000 	C:\WINDOWS\System32\RPCRT4.dll
0x00007ffdd3220000 - 0x00007ffdd32a0000 	C:\WINDOWS\System32\WS2_32.dll
0x00007ffdd1d30000 - 0x00007ffdd1d8e000 	C:\WINDOWS\SYSTEM32\POWRPROF.dll
0x00007ffdc88d0000 - 0x00007ffdc88db000 	C:\WINDOWS\SYSTEM32\VERSION.dll
0x00007ffdc21a0000 - 0x00007ffdc21d6000 	C:\WINDOWS\SYSTEM32\WINMM.dll
0x00007ffdd1d10000 - 0x00007ffdd1d24000 	C:\WINDOWS\SYSTEM32\UMPDC.dll
0x00007ffdd03a0000 - 0x00007ffdd03bb000 	C:\WINDOWS\SYSTEM32\kernel.appcore.dll
0x00007ffdc15f0000 - 0x00007ffdc15fa000 	C:\Program Files\Android\Android Studio\jbr\bin\jimage.dll
0x00007ffdd17a0000 - 0x00007ffdd19e2000 	C:\WINDOWS\SYSTEM32\DBGHELP.DLL
0x00007ffdd3c20000 - 0x00007ffdd3fa3000 	C:\WINDOWS\System32\combase.dll
0x00007ffdd4730000 - 0x00007ffdd4809000 	C:\WINDOWS\System32\OLEAUT32.dll
0x00007ffdd1570000 - 0x00007ffdd15ab000 	C:\WINDOWS\SYSTEM32\dbgcore.DLL
0x00007ffdd2c30000 - 0x00007ffdd2cd8000 	C:\WINDOWS\System32\bcryptPrimitives.dll
0x00007ffdcc710000 - 0x00007ffdcc71e000 	C:\Program Files\Android\Android Studio\jbr\bin\instrument.dll
0x00007ffdc15d0000 - 0x00007ffdc15f0000 	C:\Program Files\Android\Android Studio\jbr\bin\java.dll
0x00007ffdc1580000 - 0x00007ffdc1598000 	C:\Program Files\Android\Android Studio\jbr\bin\zip.dll
0x00007ffdd4ae0000 - 0x00007ffdd524e000 	C:\WINDOWS\System32\SHELL32.dll
0x00007ffdd23c0000 - 0x00007ffdd2c2c000 	C:\WINDOWS\System32\windows.storage.dll
0x00007ffdd41c0000 - 0x00007ffdd42b6000 	C:\WINDOWS\System32\SHCORE.dll
0x00007ffdd3fb0000 - 0x00007ffdd4016000 	C:\WINDOWS\System32\shlwapi.dll
0x00007ffdd1df0000 - 0x00007ffdd1e19000 	C:\WINDOWS\SYSTEM32\profapi.dll
0x00007ffdc15c0000 - 0x00007ffdc15d0000 	C:\Program Files\Android\Android Studio\jbr\bin\net.dll
0x00007ffdca4c0000 - 0x00007ffdca5e9000 	C:\WINDOWS\SYSTEM32\WINHTTP.dll
0x00007ffdd0a70000 - 0x00007ffdd0adc000 	C:\WINDOWS\system32\mswsock.dll
0x00007ffdc1310000 - 0x00007ffdc1326000 	C:\Program Files\Android\Android Studio\jbr\bin\nio.dll
0x00007ffdc0fc0000 - 0x00007ffdc0fd0000 	C:\Program Files\Android\Android Studio\jbr\bin\verify.dll
0x00007ffda7f40000 - 0x00007ffda7f67000 	C:\Users\ibtis\.gradle\native\c067742578af261105cb4f569cf0c3c89f3d7b1fecec35dd04571415982c5e48\windows-amd64\native-platform.dll
0x00007ffd1da50000 - 0x00007ffd1db94000 	C:\Users\ibtis\.gradle\native\100fb08df4bc3b14c8652ba06237920a3bd2aa13389f12d3474272988ae205f9\windows-amd64\native-platform-file-events.dll
0x00007ffdc1300000 - 0x00007ffdc1309000 	C:\Program Files\Android\Android Studio\jbr\bin\management.dll
0x00007ffdc12c0000 - 0x00007ffdc12cb000 	C:\Program Files\Android\Android Studio\jbr\bin\management_ext.dll
0x00007ffdd4450000 - 0x00007ffdd4458000 	C:\WINDOWS\System32\PSAPI.DLL
0x00007ffdd19f0000 - 0x00007ffdd1a0b000 	C:\WINDOWS\SYSTEM32\CRYPTSP.dll
0x00007ffdd0300000 - 0x00007ffdd0339000 	C:\WINDOWS\system32\rsaenh.dll
0x00007ffdd0b20000 - 0x00007ffdd0b53000 	C:\WINDOWS\SYSTEM32\USERENV.dll
0x00007ffdd1dc0000 - 0x00007ffdd1dea000 	C:\WINDOWS\SYSTEM32\bcrypt.dll
0x00007ffdd0e80000 - 0x00007ffdd0e8c000 	C:\WINDOWS\SYSTEM32\CRYPTBASE.dll
0x00007ffdcfd80000 - 0x00007ffdcfdb2000 	C:\WINDOWS\SYSTEM32\IPHLPAPI.DLL
0x00007ffdd48c0000 - 0x00007ffdd48ca000 	C:\WINDOWS\System32\NSI.dll
0x00007ffdc1550000 - 0x00007ffdc1559000 	C:\Program Files\Android\Android Studio\jbr\bin\extnet.dll
0x00007ffdc0570000 - 0x00007ffdc0578000 	C:\WINDOWS\system32\wshunix.dll
0x00007ffdcfdc0000 - 0x00007ffdcfef2000 	C:\WINDOWS\SYSTEM32\DNSAPI.dll
0x00007ffdc5170000 - 0x00007ffdc517b000 	C:\Windows\System32\rasadhlp.dll
0x00007ffdc8800000 - 0x00007ffdc8886000 	C:\WINDOWS\System32\fwpuclnt.dll

JVMTI agents:
C:\Users\ibtis\.gradle\wrapper\dists\gradle-8.10.2-bin\a04bxjujx95o3nb99gddekhwo\gradle-8.10.2\lib\agents\gradle-instrumentation-agent-8.10.2.jar path:C:\Program Files\Android\Android Studio\jbr\bin\instrument.dll, loaded, initialized, instrumentlib options:none

dbghelp: loaded successfully - version: 4.0.5 - missing functions: none
symbol engine: initialized successfully - sym options: 0x614 - pdb path: .;C:\Program Files\Android\Android Studio\jbr\bin;C:\WINDOWS\SYSTEM32;C:\WINDOWS\WinSxS\amd64_microsoft.windows.common-controls_6595b64144ccf1df_6.0.26100.8457_none_3e0b2faee331e92d;C:\Program Files\Android\Android Studio\jbr\bin\server;C:\Users\ibtis\.gradle\native\c067742578af261105cb4f569cf0c3c89f3d7b1fecec35dd04571415982c5e48\windows-amd64;C:\Users\ibtis\.gradle\native\100fb08df4bc3b14c8652ba06237920a3bd2aa13389f12d3474272988ae205f9\windows-amd64

VM Arguments:
jvm_args: --add-opens=java.base/java.util=ALL-UNNAMED --add-opens=java.base/java.lang=ALL-UNNAMED --add-opens=java.base/java.lang.invoke=ALL-UNNAMED --add-opens=java.prefs/java.util.prefs=ALL-UNNAMED --add-exports=jdk.compiler/com.sun.tools.javac.api=ALL-UNNAMED --add-exports=jdk.compiler/com.sun.tools.javac.util=ALL-UNNAMED --add-opens=java.base/java.nio.charset=ALL-UNNAMED --add-opens=java.base/java.net=ALL-UNNAMED --add-opens=java.base/java.util.concurrent.atomic=ALL-UNNAMED -Xmx2048m -Dfile.encoding=UTF-8 -Duser.country=FR -Duser.language=fr -Duser.variant -javaagent:C:\Users\ibtis\.gradle\wrapper\dists\gradle-8.10.2-bin\a04bxjujx95o3nb99gddekhwo\gradle-8.10.2\lib\agents\gradle-instrumentation-agent-8.10.2.jar 
java_command: org.gradle.launcher.daemon.bootstrap.GradleDaemon 8.10.2
java_class_path (initial): C:\Users\ibtis\.gradle\wrapper\dists\gradle-8.10.2-bin\a04bxjujx95o3nb99gddekhwo\gradle-8.10.2\lib\gradle-daemon-main-8.10.2.jar
Launcher Type: SUN_STANDARD

[Global flags]
     intx CICompilerCount                          = 4                                         {product} {ergonomic}
     uint ConcGCThreads                            = 2                                         {product} {ergonomic}
     uint G1ConcRefinementThreads                  = 8                                         {product} {ergonomic}
   size_t G1HeapRegionSize                         = 1048576                                   {product} {ergonomic}
    uintx GCDrainStackTargetSize                   = 64                                        {product} {ergonomic}
   size_t InitialHeapSize                          = 199229440                                 {product} {ergonomic}
   size_t MarkStackSize                            = 4194304                                   {product} {ergonomic}
   size_t MaxHeapSize                              = 2147483648                                {product} {command line}
   size_t MaxNewSize                               = 1287651328                                {product} {ergonomic}
   size_t MinHeapDeltaBytes                        = 1048576                                   {product} {ergonomic}
   size_t MinHeapSize                              = 8388608                                   {product} {ergonomic}
    uintx NonNMethodCodeHeapSize                   = 5839372                                {pd product} {ergonomic}
    uintx NonProfiledCodeHeapSize                  = 122909434                              {pd product} {ergonomic}
    uintx ProfiledCodeHeapSize                     = 122909434                              {pd product} {ergonomic}
    uintx ReservedCodeCacheSize                    = 251658240                              {pd product} {ergonomic}
     bool SegmentedCodeCache                       = true                                      {product} {ergonomic}
   size_t SoftMaxHeapSize                          = 2147483648                             {manageable} {ergonomic}
     bool UseCompressedOops                        = true                           {product lp64_product} {ergonomic}
     bool UseG1GC                                  = true                                      {product} {ergonomic}
     bool UseLargePagesIndividualAllocation        = false                                  {pd product} {ergonomic}

Logging:
Log output configuration:
 #0: stdout all=warning uptime,level,tags foldmultilines=false
 #1: stderr all=off uptime,level,tags foldmultilines=false

Release file:
JAVA_VERSION="21.0.9" 
MODULES="java.base java.compiler java.datatransfer java.xml java.prefs java.desktop java.instrument java.logging java.management java.security.sasl java.naming java.rmi java.management.rmi java.net.http java.scripting java.security.jgss java.transaction.xa java.sql java.sql.rowset java.xml.crypto java.se java.smartcardio jdk.accessibility jdk.internal.jvmstat jdk.attach jdk.charsets jdk.internal.opt jdk.zipfs jdk.compiler jdk.crypto.ec jdk.crypto.cryptoki jdk.dynalink jdk.hotspot.agent jdk.httpserver jdk.internal.ed jdk.internal.le jdk.internal.vm.ci jdk.jartool jdk.javadoc jdk.jcmd jdk.jdeps jdk.jdwp.agent jdk.jdi jdk.jfr jdk.jlink jdk.jsobject jdk.localedata jdk.management jdk.management.agent jdk.management.jfr jdk.naming.dns jdk.naming.rmi jdk.net jdk.sctp jdk.security.auth jdk.security.jgss jdk.unsupported jdk.unsupported.desktop jdk.xml.dom" 
IMPLEMENTOR="JetBrains s.r.o." 
JAVA_RUNTIME_VERSION="21.0.9+-14787801-b1163.94" 
LIBC="default" 
OS_ARCH="x86_64" 
OS_NAME="Windows" 
SOURCE=".:git:0c757ddc9f2f" 

Environment Variables:
PATH=C:\Program Files\Common Files\Oracle\Java\javapath;C:\Program Files (x86)\VMware\VMware Workstation\bin\;C:\WINDOWS\system32;C:\WINDOWS;C:\WINDOWS\System32\Wbem;C:\WINDOWS\System32\WindowsPowerShell\v1.0\;C:\WINDOWS\System32\OpenSSH\;C:\Program Files\dotnet\;C:\php;C:\Program Files\Git\cmd;C:\Program Files\Maven\apache-maven-3.9.15\bin;C:\Program Files\nodejs\;C:\Program Files\Docker\Docker\resources\bin;C:\Program Files\MySQL\MySQL Shell 8.0\bin\;C:\Users\ibtis\AppData\Local\Programs\Python\Python312\Scripts\;C:\Users\ibtis\AppData\Local\Programs\Python\Python312\;C:\Users\ibtis\AppData\Local\Programs\Python\Launcher\;C:\Users\ibtis\AppData\Local\Microsoft\WindowsApps;C:\Users\ibtis\AppData\Local\Programs\Microsoft VS Code\bin;C:\Program Files\Java\jdk-25.0.2;C:\Users\ibtis\AppData\Roaming\npm;C:\platform-tools;C:\Users\ibtis\AppData\Local\Programs\Antigravity IDE\bin
USERNAME=ibtis
OS=Windows_NT
PROCESSOR_IDENTIFIER=Intel64 Family 6 Model 126 Stepping 5, GenuineIntel
TMP=C:\Users\ibtis\AppData\Local\Temp
TEMP=C:\Users\ibtis\AppData\Local\Temp




Periodic native trim disabled

JNI global refs:
JNI global refs: 28, weak refs: 4

JNI global refs memory usage: 835, weak refs: 833

Process memory usage:
Resident Set Size: 706984K (5% of 12383228K total physical memory with 2002084K free physical memory)

OOME stack traces (most recent first):
Classloader memory used:
Loader org.gradle.internal.classloader.VisitableURLClassLoader                         : 101983K
Loader bootstrap                                                                       : 33164K
Loader org.gradle.internal.classloader.VisitableURLClassLoader$InstrumentingVisitableURLClassLoader: 22405K
Loader org.gradle.initialization.MixInLegacyTypesClassLoader                           : 14298K
Loader jdk.internal.loader.ClassLoaders$PlatformClassLoader                            : 837K
Loader org.gradle.internal.classloader.VisitableURLClassLoader                         : 364K
Loader jdk.internal.jrtfs.JrtFileSystemProvider$JrtFsLoader                            : 340K
Loader jdk.internal.reflect.DelegatingClassLoader                                      : 338K
Loader jdk.internal.loader.ClassLoaders$AppClassLoader                                 : 236K
Loader org.gradle.groovy.scripts.internal.DefaultScriptCompilationHandler$ScriptClassLoader: 176K
Loader org.codehaus.groovy.runtime.callsite.CallSiteClassLoader                        : 40968B

Classes loaded by more than one classloader:
Class Program                                                                         : loaded 7 times (x 72B)
Class Build_gradle$1                                                                  : loaded 5 times (x 74B)
Class Build_gradle                                                                    : loaded 5 times (x 130B)
Class com.google.common.base.Preconditions                                            : loaded 3 times (x 71B)
Class com.google.common.collect.ImmutableSet$RegularSetBuilderImpl                    : loaded 3 times (x 77B)
Class com.google.common.collect.ImmutableSet                                          : loaded 3 times (x 145B)
Class com.google.common.collect.ImmutableList                                         : loaded 3 times (x 206B)
Class com.google.common.collect.ImmutableAsList                                       : loaded 3 times (x 209B)
Class com.google.common.collect.ImmutableSet$SetBuilderImpl                           : loaded 3 times (x 76B)
Class com.google.common.collect.ImmutableSet$CachingAsList                            : loaded 3 times (x 147B)
Class com.google.common.collect.ImmutableCollection                                   : loaded 3 times (x 125B)
Class com.google.common.collect.SingletonImmutableSet                                 : loaded 3 times (x 146B)
Class com.google.common.collect.RegularImmutableSet                                   : loaded 3 times (x 148B)
Class org.gradle.kotlin.dsl.VersionCatalogAccessorsKt                                 : loaded 3 times (x 71B)
Class com.google.common.collect.RegularImmutableAsList                                : loaded 3 times (x 216B)
Class jdk.internal.jimage.decompressor.StringSharingDecompressorFactory               : loaded 2 times (x 74B)
Class [Lorg.objectweb.asm.Symbol;                                                     : loaded 2 times (x 69B)
Class org.objectweb.asm.ClassVisitor                                                  : loaded 2 times (x 88B)
Class com.google.common.collect.UnmodifiableListIterator                              : loaded 2 times (x 95B)
Class org.objectweb.asm.MethodTooLargeException                                       : loaded 2 times (x 83B)
Class [Lcom.google.common.cache.CacheBuilder$OneWeigher;                              : loaded 2 times (x 69B)
Class com.google.common.base.Suppliers                                                : loaded 2 times (x 71B)
Class com.google.common.base.Platform$JdkPatternCompiler                              : loaded 2 times (x 75B)
Class org.gradle.internal.classloader.DefaultClassLoaderFactory                       : loaded 2 times (x 82B)
Class com.google.common.base.CharMatcher$None                                         : loaded 2 times (x 112B)
Class org.gradle.internal.classloader.ClassLoaderVisitor                              : loaded 2 times (x 76B)
Class [Lcom.google.common.collect.ImmutableMapEntry;                                  : loaded 2 times (x 69B)
Class org.gradle.api.internal.classpath.EffectiveClassPath                            : loaded 2 times (x 90B)
Class com.google.common.collect.ImmutableEnumMap                                      : loaded 2 times (x 125B)
Class com.google.common.collect.ListMultimap                                          : loaded 2 times (x 70B)
Class com.google.common.collect.Sets$1                                                : loaded 2 times (x 139B)
Class org.objectweb.asm.AnnotationVisitor                                             : loaded 2 times (x 78B)
Class com.google.common.base.Splitter                                                 : loaded 2 times (x 72B)
Class org.gradle.api.internal.DefaultClassPathProvider                                : loaded 2 times (x 76B)
Class com.google.common.collect.Sets$2                                                : loaded 2 times (x 139B)
Class [Lorg.gradle.api.internal.ClassPathProvider;                                    : loaded 2 times (x 69B)
Class org.gradle.api.internal.ClassPathProvider                                       : loaded 2 times (x 70B)
Class jdk.internal.jrtfs.SystemImage                                                  : loaded 2 times (x 74B)
Class [Lorg.objectweb.asm.AnnotationVisitor;                                          : loaded 2 times (x 69B)
Class com.google.common.collect.Sets$3                                                : loaded 2 times (x 139B)
Class com.google.common.util.concurrent.AbstractFuture$SafeAtomicHelper               : loaded 2 times (x 79B)
Class com.google.common.cache.LocalCache$LocalLoadingCache                            : loaded 2 times (x 134B)
Class com.google.common.base.AbstractIterator$State                                   : loaded 2 times (x 79B)
Class org.gradle.internal.service.UnknownServiceException                             : loaded 2 times (x 83B)
Class com.google.common.collect.Sets$4                                                : loaded 2 times (x 139B)
Class org.objectweb.asm.ModuleVisitor                                                 : loaded 2 times (x 81B)
Class com.google.common.cache.LocalCache$Strength$1                                   : loaded 2 times (x 81B)
Class com.google.common.util.concurrent.SettableFuture                                : loaded 2 times (x 114B)
Class com.google.common.cache.LocalCache$Strength$2                                   : loaded 2 times (x 81B)
Class com.google.common.cache.LocalCache$Strength$3                                   : loaded 2 times (x 81B)
Class com.google.common.collect.MapDifference                                         : loaded 2 times (x 70B)
Class com.google.common.base.Splitter$1                                               : loaded 2 times (x 77B)
Class org.objectweb.asm.FieldWriter                                                   : loaded 2 times (x 78B)
Class com.google.common.cache.CacheBuilder$NullListener                               : loaded 2 times (x 82B)
Class org.gradle.internal.classpath.TransformedClassPath                              : loaded 2 times (x 96B)
Class org.gradle.internal.classloader.InstrumentingClassLoader                        : loaded 2 times (x 70B)
Class jdk.internal.jrtfs.SystemImage$1                                                : loaded 2 times (x 78B)
Class com.google.common.cache.CacheLoader$FunctionToCacheLoader                       : loaded 2 times (x 75B)
Class com.google.common.collect.Iterators$ArrayItr                                    : loaded 2 times (x 97B)
Class com.google.common.collect.ImmutableCollection$Builder                           : loaded 2 times (x 76B)
Class jdk.internal.jrtfs.SystemImage$2                                                : loaded 2 times (x 76B)
Class com.google.common.base.Joiner                                                   : loaded 2 times (x 79B)
Class com.google.common.base.MoreObjects                                              : loaded 2 times (x 71B)
Class [Lorg.objectweb.asm.Type;                                                       : loaded 2 times (x 69B)
Class com.google.common.collect.Platform                                              : loaded 2 times (x 71B)
Class com.google.common.collect.UnmodifiableIterator                                  : loaded 2 times (x 80B)
Class org.gradle.internal.service.ServiceLocator                                      : loaded 2 times (x 70B)
Class jdk.internal.jrtfs.JrtFileSystemProvider                                        : loaded 2 times (x 101B)
Class com.google.common.base.Ascii                                                    : loaded 2 times (x 71B)
Class com.google.common.collect.SingletonImmutableBiMap                               : loaded 2 times (x 143B)
Class com.google.common.cache.LocalCache$1                                            : loaded 2 times (x 89B)
Class com.google.common.collect.AbstractMapEntry                                      : loaded 2 times (x 81B)
Class com.google.common.collect.Sets$ImprovedAbstractSet                              : loaded 2 times (x 135B)
Class com.google.common.collect.ImmutableList$Builder                                 : loaded 2 times (x 77B)
Class com.google.common.cache.LocalCache$2                                            : loaded 2 times (x 142B)
Class com.google.common.collect.AbstractMultimap                                      : loaded 2 times (x 123B)
Class com.google.common.util.concurrent.AbstractFuture$UnsafeAtomicHelper$1           : loaded 2 times (x 76B)
Class ijKotlinCoroutineJvmDebugInit1_8b08n2xkeizd1exry5iy3l9ps$_run_closure1$_closure2: loaded 2 times (x 139B)
Class com.google.common.util.concurrent.AbstractFuture$Trusted                        : loaded 2 times (x 70B)
Class com.google.common.collect.Iterators                                             : loaded 2 times (x 71B)
Class com.google.common.base.CharMatcher$RangesMatcher                                : loaded 2 times (x 112B)
Class com.google.common.collect.ImmutableMap$MapViewOfValuesAsSingletonSets           : loaded 2 times (x 125B)
Class jdk.internal.jimage.ImageLocation                                               : loaded 2 times (x 90B)
Class jdk.internal.jrtfs.JrtDirectoryStream$1                                         : loaded 2 times (x 83B)
Class com.google.common.util.concurrent.UncheckedExecutionException                   : loaded 2 times (x 82B)
Class com.google.common.collect.Lists$StringAsImmutableList                           : loaded 2 times (x 207B)
Class com.google.common.base.CharMatcher$JavaLetterOrDigit                            : loaded 2 times (x 111B)
Class org.gradle.internal.InternalTransformer                                         : loaded 2 times (x 70B)
Class jdk.internal.jimage.ImageBufferCache$1                                          : loaded 2 times (x 83B)
Class com.google.common.collect.AbstractMapBasedMultimap$KeySet$1                     : loaded 2 times (x 82B)
Class org.objectweb.asm.ClassWriter                                                   : loaded 2 times (x 106B)
Class com.google.common.cache.CacheLoader$UnsupportedLoadingOperationException        : loaded 2 times (x 82B)
Class com.google.common.base.CharMatcher$And                                          : loaded 2 times (x 112B)
Class org.gradle.internal.classloader.ClasspathUtil$1                                 : loaded 2 times (x 76B)
Class jdk.internal.jimage.ImageBufferCache$2                                          : loaded 2 times (x 91B)
Class com.google.common.base.Objects                                                  : loaded 2 times (x 71B)
Class org.objectweb.asm.FieldVisitor                                                  : loaded 2 times (x 77B)
Class com.google.common.collect.IndexedImmutableSet                                   : loaded 2 times (x 150B)
Class com.google.common.collect.ImmutableMap$1                                        : loaded 2 times (x 81B)
Class com.google.common.collect.BiMap                                                 : loaded 2 times (x 70B)
Class org.gradle.api.internal.classpath.DefaultModuleRegistry$DefaultModule           : loaded 2 times (x 86B)
Class com.google.common.primitives.Ints                                               : loaded 2 times (x 71B)
Class com.google.common.collect.AbstractIterator                                      : loaded 2 times (x 82B)
Class com.google.common.math.MathPreconditions                                        : loaded 2 times (x 71B)
Class com.google.common.collect.Multiset                                              : loaded 2 times (x 70B)
Class com.google.common.collect.ArrayListMultimapGwtSerializationDependencies         : loaded 2 times (x 172B)
Class com.google.common.collect.ObjectArrays                                          : loaded 2 times (x 71B)
Class com.google.common.collect.AbstractIndexedListIterator                           : loaded 2 times (x 96B)
Class com.google.common.collect.ImmutableMapEntrySet                                  : loaded 2 times (x 151B)
Class org.gradle.api.internal.classpath.Module                                        : loaded 2 times (x 70B)
Class com.google.common.cache.Weigher                                                 : loaded 2 times (x 70B)
Class org.gradle.api.internal.classpath.UnknownModuleException                        : loaded 2 times (x 82B)
Class jdk.internal.jimage.ImageHeader                                                 : loaded 2 times (x 71B)
Class com.google.common.base.Stopwatch                                                : loaded 2 times (x 72B)
Class com.google.common.cache.LocalCache$Strength                                     : loaded 2 times (x 81B)
Class com.google.common.cache.Cache                                                   : loaded 2 times (x 70B)
Class com.google.common.util.concurrent.AbstractFuture$Cancellation                   : loaded 2 times (x 72B)
Class com.google.common.collect.ImmutableMap$Builder                                  : loaded 2 times (x 82B)
Class com.google.common.base.NullnessCasts                                            : loaded 2 times (x 71B)
Class com.google.common.cache.RemovalListener                                         : loaded 2 times (x 70B)
Class org.gradle.api.internal.DefaultClassPathRegistry                                : loaded 2 times (x 76B)
Class com.google.common.primitives.IntsMethodsForWeb                                  : loaded 2 times (x 71B)
Class com.google.common.collect.Multimap                                              : loaded 2 times (x 70B)
Class org.gradle.api.internal.ClassPathRegistry                                       : loaded 2 times (x 70B)
Class org.gradle.internal.classpath.DefaultClassPath$ImmutableUniqueList              : loaded 2 times (x 199B)
Class jdk.internal.jimage.decompressor.ResourceDecompressor                           : loaded 2 times (x 70B)
Class com.google.common.base.ExtraObjectsMethodsForWeb                                : loaded 2 times (x 71B)
Class ijJvmDebugger1_9laiob171rioarc3zsik11dk4                                        : loaded 2 times (x 179B)
Class com.google.common.collect.RegularImmutableMap                                   : loaded 2 times (x 121B)
Class com.google.common.cache.CacheBuilder                                            : loaded 2 times (x 72B)
Class com.google.common.collect.SingletonImmutableList                                : loaded 2 times (x 207B)
Class Settings_gradle$1                                                               : loaded 2 times (x 74B)
Class org.gradle.internal.classpath.ClassPath                                         : loaded 2 times (x 70B)
Class org.gradle.api.UncheckedIOException                                             : loaded 2 times (x 82B)
Class com.google.common.collect.ImmutableList$ReverseImmutableList                    : loaded 2 times (x 208B)
Class com.google.common.base.JdkPattern                                               : loaded 2 times (x 75B)
Class org.objectweb.asm.SymbolTable$Entry                                             : loaded 2 times (x 74B)
Class com.google.common.util.concurrent.AbstractFuture$AtomicHelper                   : loaded 2 times (x 78B)
Class org.gradle.internal.Factory                                                     : loaded 2 times (x 70B)
Class jdk.internal.jimage.ImageStringsReader                                          : loaded 2 times (x 80B)
Class org.objectweb.asm.Edge                                                          : loaded 2 times (x 72B)
Class com.google.common.base.Suppliers$SupplierOfInstance                             : loaded 2 times (x 79B)
Class com.google.common.collect.Iterators$1                                           : loaded 2 times (x 81B)
Class com.google.common.cache.LocalCache$ComputingValueReference                      : loaded 2 times (x 96B)
Class org.gradle.api.internal.classpath.ManifestUtil                                  : loaded 2 times (x 71B)
Class com.google.common.collect.ImmutableMap$IteratorBasedImmutableMap                : loaded 2 times (x 125B)
Class jdk.internal.jimage.ImageReader                                                 : loaded 2 times (x 75B)
Class com.google.common.cache.LocalCache$Segment                                      : loaded 2 times (x 154B)
Class jdk.internal.jimage.ImageReader$SharedImageReader                               : loaded 2 times (x 95B)
Class [Lorg.objectweb.asm.SymbolTable$Entry;                                          : loaded 2 times (x 69B)
Class com.google.common.cache.CacheLoader                                             : loaded 2 times (x 74B)
Class com.google.common.collect.Iterators$4                                           : loaded 2 times (x 82B)
Class com.google.common.collect.ImmutableBiMap                                        : loaded 2 times (x 143B)
Class com.google.common.collect.AbstractListMultimap                                  : loaded 2 times (x 172B)
Class org.gradle.internal.installation.GradleInstallation$1                           : loaded 2 times (x 75B)
Class org.gradle.api.internal.classpath.ModuleRegistry                                : loaded 2 times (x 70B)
Class jdk.internal.jimage.decompressor.ResourceDecompressorFactory                    : loaded 2 times (x 74B)
Class com.google.common.util.concurrent.internal.InternalFutureFailureAccess          : loaded 2 times (x 72B)
Class com.google.common.collect.Iterators$5                                           : loaded 2 times (x 82B)
Class com.google.common.collect.ImmutableSet$JdkBackedSetBuilderImpl                  : loaded 2 times (x 76B)
Class com.google.common.base.Splitter$SplittingIterator                               : loaded 2 times (x 84B)
Class Build_gradle$1$2$1                                                              : loaded 2 times (x 79B)
Class com.google.common.util.concurrent.AbstractFuture$UnsafeAtomicHelper             : loaded 2 times (x 78B)
Class com.google.common.cache.LocalCache$LocalManualCache$1                           : loaded 2 times (x 75B)
Class com.google.common.base.CharMatcher$ForPredicate                                 : loaded 2 times (x 112B)
Class jdk.internal.jimage.ImageReader$Node                                            : loaded 2 times (x 84B)
Class com.google.common.collect.ImmutableList$1                                       : loaded 2 times (x 97B)
Class com.google.common.base.CharMatcher$AnyOf                                        : loaded 2 times (x 112B)
Class org.gradle.api.internal.classpath.DefaultModuleRegistry                         : loaded 2 times (x 86B)
Class jdk.internal.jimage.BasicImageReader$1                                          : loaded 2 times (x 77B)
Class com.google.common.util.concurrent.ListenableFuture                              : loaded 2 times (x 70B)
Class com.google.common.cache.ReferenceEntry                                          : loaded 2 times (x 70B)
Class com.google.common.util.concurrent.ExecutionError                                : loaded 2 times (x 82B)
Class com.google.common.base.Converter                                                : loaded 2 times (x 90B)
Class com.google.common.collect.Lists                                                 : loaded 2 times (x 71B)
Class com.google.common.base.CharMatcher$Any                                          : loaded 2 times (x 112B)
Class com.google.common.util.concurrent.AbstractFuture                                : loaded 2 times (x 106B)
Class com.google.common.base.FunctionalEquivalence                                    : loaded 2 times (x 83B)
Class com.google.common.collect.ImmutableEnumSet                                      : loaded 2 times (x 146B)
Class com.google.common.collect.AbstractMapBasedMultimap                              : loaded 2 times (x 139B)
Class org.gradle.internal.classloader.ClassLoaderHierarchy                            : loaded 2 times (x 70B)
Class org.objectweb.asm.RecordComponentVisitor                                        : loaded 2 times (x 77B)
Class com.google.common.cache.CacheLoader$SupplierToCacheLoader                       : loaded 2 times (x 75B)
Class jdk.internal.jimage.decompressor.Decompressor                                   : loaded 2 times (x 72B)
Class jdk.internal.jimage.ImageReader$Resource                                        : loaded 2 times (x 84B)
Class com.google.common.collect.Maps$EntryTransformer                                 : loaded 2 times (x 70B)
Class org.gradle.internal.service.ServiceLookupException                              : loaded 2 times (x 82B)
Class jdk.internal.jrtfs.JrtFileAttributes                                            : loaded 2 times (x 83B)
Class [Lcom.google.common.cache.LocalCache$EntryFactory;                              : loaded 2 times (x 69B)
Class com.google.common.base.CharMatcher$JavaLetter                                   : loaded 2 times (x 111B)
Class org.gradle.internal.classloader.ClassLoaderFactory                              : loaded 2 times (x 70B)
Class com.google.common.cache.LocalCache$LocalManualCache                             : loaded 2 times (x 99B)
Class com.google.common.base.CharMatcher$IsNot                                        : loaded 2 times (x 111B)
Class com.google.common.base.CommonPattern                                            : loaded 2 times (x 74B)
Class org.gradle.internal.service.CachingServiceLocator                               : loaded 2 times (x 82B)
Class com.google.common.collect.AbstractMapBasedMultimap$KeySet                       : loaded 2 times (x 137B)
Class com.google.common.math.IntMath                                                  : loaded 2 times (x 71B)
Class com.google.common.collect.Iterators$10                                          : loaded 2 times (x 81B)
Class com.google.common.collect.ImmutableMapEntry                                     : loaded 2 times (x 85B)
Class com.google.common.base.CharMatcher$JavaDigit                                    : loaded 2 times (x 111B)
Class ijKotlinCoroutineJvmDebugInit1_8b08n2xkeizd1exry5iy3l9ps$_run_closure1          : loaded 2 times (x 139B)
Class com.google.common.base.Equivalence                                              : loaded 2 times (x 82B)
Class com.google.common.collect.ImmutableMapEntry$NonTerminalImmutableMapEntry        : loaded 2 times (x 85B)
Class com.google.common.base.Function                                                 : loaded 2 times (x 70B)
Class org.gradle.kotlin.dsl.Accessors377twfxlhpj2n65rquy9ybeqsKt                      : loaded 2 times (x 71B)
Class com.google.common.cache.CacheBuilder$OneWeigher                                 : loaded 2 times (x 82B)
Class com.google.common.collect.RegularImmutableList                                  : loaded 2 times (x 212B)
Class org.gradle.kotlin.dsl.TestImplementationConfigurationAccessorsKt                : loaded 2 times (x 71B)
Class jdk.internal.jimage.ImageBufferCache                                            : loaded 2 times (x 71B)
Class jdk.internal.jrtfs.JrtPath                                                      : loaded 2 times (x 118B)
Class com.google.common.collect.ImmutableBiMapFauxverideShim                          : loaded 2 times (x 120B)
Class org.gradle.internal.classloader.ClasspathUtil                                   : loaded 2 times (x 71B)
Class com.google.common.base.Charsets                                                 : loaded 2 times (x 71B)
Class com.google.common.util.concurrent.Uninterruptibles                              : loaded 2 times (x 71B)
Class com.google.common.collect.Maps                                                  : loaded 2 times (x 71B)
Class com.google.common.base.CharMatcher$JavaUpperCase                                : loaded 2 times (x 111B)
Class ijJvmDebugger1_9laiob171rioarc3zsik11dk4$_run_closure1$_closure2                : loaded 2 times (x 140B)
Class org.gradle.api.specs.Spec                                                       : loaded 2 times (x 70B)
Class jdk.internal.jimage.ImageReader$SharedImageReader$LocationVisitor               : loaded 2 times (x 70B)
Class [Lcom.google.common.collect.ImmutableEntry;                                     : loaded 2 times (x 69B)
Class com.google.common.cache.LocalCache$LoadingValueReference                        : loaded 2 times (x 96B)
Class com.google.common.base.CharMatcher$IsEither                                     : loaded 2 times (x 111B)
Class jdk.internal.jimage.decompressor.ResourceDecompressorRepository                 : loaded 2 times (x 71B)
Class com.google.common.base.Platform                                                 : loaded 2 times (x 71B)
Class Build_gradle$2                                                                  : loaded 2 times (x 79B)
Class jdk.internal.jimage.ImageReader$Directory                                       : loaded 2 times (x 84B)
Class [Lorg.objectweb.asm.AnnotationWriter;                                           : loaded 2 times (x 69B)
Class com.google.common.primitives.Ints$IntConverter                                  : loaded 2 times (x 90B)
Class com.google.common.collect.Maps$8                                                : loaded 2 times (x 82B)
Class com.google.common.collect.Sets$SetView                                          : loaded 2 times (x 138B)
Class com.google.common.cache.LocalCache$StrongValueReference                         : loaded 2 times (x 90B)
Class com.google.common.util.concurrent.AbstractFuture$SynchronizedHelper             : loaded 2 times (x 78B)
Class com.google.common.base.CharMatcher$Invisible                                    : loaded 2 times (x 112B)
Class org.objectweb.asm.Type                                                          : loaded 2 times (x 72B)
Class org.gradle.internal.classloader.VisitableURLClassLoader$InstrumentingVisitableURLClassLoader: loaded 2 times (x 123B)
Class org.gradle.kotlin.dsl.AndroidTestImplementationConfigurationAccessorsKt         : loaded 2 times (x 71B)
Class org.objectweb.asm.ByteVector                                                    : loaded 2 times (x 79B)
Class [Lcom.google.common.cache.CacheBuilder$NullListener;                            : loaded 2 times (x 69B)
Class com.google.common.math.IntMath$1                                                : loaded 2 times (x 71B)
Class org.gradle.internal.classloader.VisitableURLClassLoader$Spec                    : loaded 2 times (x 74B)
Class org.gradle.internal.classpath.DefaultClassPath                                  : loaded 2 times (x 90B)
Class jdk.internal.jimage.decompressor.ZipDecompressorFactory                         : loaded 2 times (x 74B)
Class org.objectweb.asm.Symbol                                                        : loaded 2 times (x 73B)
Class com.google.common.base.AbstractIterator                                         : loaded 2 times (x 80B)
Class com.google.common.collect.RegularImmutableMap$Values                            : loaded 2 times (x 207B)
Class [Lcom.google.common.base.AbstractIterator$State;                                : loaded 2 times (x 69B)
Class com.google.common.base.CharMatcher$BitSetMatcher                                : loaded 2 times (x 112B)
Class com.google.common.base.CharMatcher$Ascii                                        : loaded 2 times (x 112B)
Class org.gradle.internal.classloader.ClassLoaderSpec                                 : loaded 2 times (x 71B)
Class org.objectweb.asm.AnnotationWriter                                              : loaded 2 times (x 79B)
Class com.google.common.cache.CacheStats                                              : loaded 2 times (x 71B)
Class org.objectweb.asm.RecordComponentWriter                                         : loaded 2 times (x 78B)
Class com.google.common.util.concurrent.AbstractFuture$Listener                       : loaded 2 times (x 72B)
Class com.google.common.base.CharMatcher$Or                                           : loaded 2 times (x 112B)
Class Settings_gradle$1$1                                                             : loaded 2 times (x 74B)
Class org.objectweb.asm.Attribute                                                     : loaded 2 times (x 77B)
Class com.google.common.base.Supplier                                                 : loaded 2 times (x 70B)
Class org.gradle.internal.classloader.VisitableURLClassLoader                         : loaded 2 times (x 117B)
Class com.google.common.util.concurrent.AbstractFuture$Waiter                         : loaded 2 times (x 72B)
Class Settings_gradle                                                                 : loaded 2 times (x 128B)
Class org.gradle.internal.Cast                                                        : loaded 2 times (x 71B)
Class org.gradle.api.Action                                                           : loaded 2 times (x 70B)
Class jdk.internal.jimage.decompressor.ZipDecompressor                                : loaded 2 times (x 75B)
Class com.google.common.collect.Sets                                                  : loaded 2 times (x 71B)
Class org.objectweb.asm.Handler                                                       : loaded 2 times (x 72B)
Class com.google.common.base.Ticker                                                   : loaded 2 times (x 72B)
Class com.google.common.base.Strings                                                  : loaded 2 times (x 71B)
Class com.google.common.base.CharMatcher$FastMatcher                                  : loaded 2 times (x 111B)
Class [Lcom.google.common.cache.LocalCache$Segment;                                   : loaded 2 times (x 69B)
Class [Lcom.google.common.cache.LocalCache$Strength;                                  : loaded 2 times (x 69B)
Class com.google.common.cache.CacheBuilder$1                                          : loaded 2 times (x 85B)
Class com.google.common.collect.ImmutableMap                                          : loaded 2 times (x 120B)
Class com.google.common.base.Predicate                                                : loaded 2 times (x 70B)
Class org.gradle.internal.classpath.DefaultClassPath$ImmutableUniqueList$Builder      : loaded 2 times (x 75B)
Class com.google.common.cache.LocalCache                                              : loaded 2 times (x 187B)
Class com.google.common.cache.CacheBuilder$2                                          : loaded 2 times (x 72B)
Class com.google.common.base.CharMatcher$NegatedFastMatcher                           : loaded 2 times (x 113B)
Class [Lcom.google.common.collect.AbstractMapEntry;                                   : loaded 2 times (x 69B)
Class com.google.common.collect.ImmutableEntry                                        : loaded 2 times (x 82B)
Class com.google.common.collect.ArrayListMultimap                                     : loaded 2 times (x 172B)
Class com.google.common.base.AbstractIterator$1                                       : loaded 2 times (x 71B)
Class com.google.common.base.CharMatcher$Digit                                        : loaded 2 times (x 112B)
Class org.gradle.api.GradleException                                                  : loaded 2 times (x 82B)
Class jdk.internal.jimage.ImageStrings                                                : loaded 2 times (x 70B)
Class com.google.common.collect.CollectPreconditions                                  : loaded 2 times (x 71B)
Class com.google.common.base.CharMatcher$JavaIsoControl                               : loaded 2 times (x 112B)
Class com.google.common.collect.SortedMapDifference                                   : loaded 2 times (x 70B)
Class com.google.common.base.CharMatcher$JavaLowerCase                                : loaded 2 times (x 111B)
Class Build_gradle$1$1                                                                : loaded 2 times (x 78B)
Class com.google.common.cache.LocalCache$EntryFactory                                 : loaded 2 times (x 83B)
Class Build_gradle$1$2                                                                : loaded 2 times (x 79B)
Class com.google.common.cache.LocalCache$AbstractReferenceEntry                       : loaded 2 times (x 107B)
Class com.google.common.base.Splitter$1$1                                             : loaded 2 times (x 86B)
Class com.google.common.base.CharMatcher$Whitespace                                   : loaded 2 times (x 112B)
Class org.gradle.internal.IoActions                                                   : loaded 2 times (x 71B)
Class Build_gradle$1$3                                                                : loaded 2 times (x 78B)
Class org.objectweb.asm.SymbolTable                                                   : loaded 2 times (x 72B)
Class com.google.common.cache.CacheLoader$InvalidCacheLoadException                   : loaded 2 times (x 82B)
Class jdk.internal.jimage.BasicImageReader                                            : loaded 2 times (x 95B)
Class com.google.common.base.CharMatcher$SingleWidth                                  : loaded 2 times (x 112B)
Class org.gradle.internal.classloader.SystemClassLoaderSpec                           : loaded 2 times (x 71B)
Class com.google.common.cache.LocalCache$StrongEntry                                  : loaded 2 times (x 108B)
Class com.google.common.util.concurrent.AbstractFuture$TrustedFuture                  : loaded 2 times (x 114B)
Class com.google.common.cache.LoadingCache                                            : loaded 2 times (x 70B)
Class org.gradle.kotlin.dsl.ImplementationConfigurationAccessorsKt                    : loaded 2 times (x 71B)
Class jdk.internal.jrtfs.JrtFileSystem                                                : loaded 2 times (x 102B)
Class org.objectweb.asm.MethodWriter                                                  : loaded 2 times (x 106B)
Class [Lcom.google.common.cache.Weigher;                                              : loaded 2 times (x 69B)
Class com.google.common.collect.RegularImmutableMap$BucketOverflowException           : loaded 2 times (x 82B)
Class jdk.internal.jimage.decompressor.CompressedResourceHeader                       : loaded 2 times (x 71B)
Class com.google.common.collect.RegularImmutableBiMap                                 : loaded 2 times (x 148B)
Class com.google.common.cache.LocalCache$ValueReference                               : loaded 2 times (x 70B)
Class com.google.common.base.CharMatcher$Negated                                      : loaded 2 times (x 113B)
Class com.google.common.base.CharMatcher$Is                                           : loaded 2 times (x 111B)
Class com.google.common.util.concurrent.AbstractFuture$Failure                        : loaded 2 times (x 72B)
Class com.google.common.base.Equivalence$Equals                                       : loaded 2 times (x 82B)
Class com.google.common.collect.Hashing                                               : loaded 2 times (x 71B)
Class com.google.common.base.PatternCompiler                                          : loaded 2 times (x 70B)
Class org.gradle.internal.classloader.FilteringClassLoader                            : loaded 2 times (x 105B)
Class com.google.common.base.Joiner$1                                                 : loaded 2 times (x 80B)
Class org.objectweb.asm.Label                                                         : loaded 2 times (x 73B)
Class org.objectweb.asm.CurrentFrame                                                  : loaded 2 times (x 73B)
Class org.objectweb.asm.ClassTooLargeException                                        : loaded 2 times (x 83B)
Class com.google.common.collect.PeekingIterator                                       : loaded 2 times (x 70B)
Class com.google.common.base.CharMatcher                                              : loaded 2 times (x 111B)
Class com.google.common.base.Joiner$2                                                 : loaded 2 times (x 79B)
Class org.objectweb.asm.Frame                                                         : loaded 2 times (x 73B)
Class org.objectweb.asm.MethodVisitor                                                 : loaded 2 times (x 105B)
Class com.google.common.cache.LocalCache$EntryFactory$1                               : loaded 2 times (x 83B)
Class [Lcom.google.common.cache.RemovalListener;                                      : loaded 2 times (x 69B)
Class com.google.common.base.CharMatcher$1                                            : loaded 2 times (x 113B)
Class com.google.common.base.CharMatcher$NamedFastMatcher                             : loaded 2 times (x 112B)
Class com.google.common.cache.LocalCache$EntryFactory$2                               : loaded 2 times (x 83B)
Class ijJvmDebugger1_9laiob171rioarc3zsik11dk4$_run_closure1                          : loaded 2 times (x 139B)
Class org.gradle.api.internal.classpath.GlobalCacheRootsProvider                      : loaded 2 times (x 70B)
Class org.objectweb.asm.ModuleWriter                                                  : loaded 2 times (x 82B)
Class com.google.common.cache.LocalCache$EntryFactory$3                               : loaded 2 times (x 83B)
Class com.google.common.base.Ticker$1                                                 : loaded 2 times (x 72B)
Class com.google.common.collect.ImmutableMapEntrySet$RegularEntrySet                  : loaded 2 times (x 151B)
Class com.google.common.collect.Maps$BiMapConverter                                   : loaded 2 times (x 90B)
Class com.google.common.cache.LocalCache$EntryFactory$4                               : loaded 2 times (x 83B)
Class com.google.common.collect.ImmutableSet$Builder                                  : loaded 2 times (x 85B)
Class com.google.common.base.CharMatcher$InRange                                      : loaded 2 times (x 111B)
Class com.google.common.cache.LocalCache$EntryFactory$5                               : loaded 2 times (x 83B)
Class com.google.common.collect.RegularImmutableMap$KeySet                            : loaded 2 times (x 150B)
Class com.google.common.cache.LocalCache$EntryFactory$6                               : loaded 2 times (x 83B)
Class ijKotlinCoroutineJvmDebugInit1_8b08n2xkeizd1exry5iy3l9ps                        : loaded 2 times (x 179B)
Class org.gradle.internal.installation.CurrentGradleInstallationLocator               : loaded 2 times (x 71B)
Class com.google.common.collect.Maps$KeySet                                           : loaded 2 times (x 137B)
Class com.google.common.cache.LocalCache$EntryFactory$7                               : loaded 2 times (x 83B)
Class com.google.common.collect.ImmutableSet$EmptySetBuilderImpl                      : loaded 2 times (x 76B)
Class com.google.common.base.Equivalence$Identity                                     : loaded 2 times (x 82B)
Class org.gradle.internal.service.DefaultServiceLocator                               : loaded 2 times (x 83B)
Class jdk.internal.jrtfs.JrtDirectoryStream                                           : loaded 2 times (x 89B)
Class com.google.common.cache.LocalCache$EntryFactory$8                               : loaded 2 times (x 83B)
Class com.google.common.collect.Iterators$9                                           : loaded 2 times (x 81B)
Class org.gradle.util.GradleVersion                                                   : loaded 2 times (x 81B)
Class org.gradle.internal.installation.CurrentGradleInstallation                      : loaded 2 times (x 73B)
Class com.google.common.cache.CacheLoader$1                                           : loaded 2 times (x 75B)
Class com.google.common.collect.ImmutableList$SubList                                 : loaded 2 times (x 208B)
Class org.gradle.util.internal.GUtil                                                  : loaded 2 times (x 71B)
Class com.google.common.util.concurrent.AbstractFuture$SetFuture                      : loaded 2 times (x 75B)
Class com.google.common.cache.AbstractCache$StatsCounter                              : loaded 2 times (x 70B)
Class com.google.common.collect.Iterators$MergingIterator                             : loaded 2 times (x 81B)
Class com.google.common.base.PairwiseEquivalence                                      : loaded 2 times (x 83B)
Class org.gradle.internal.installation.GradleInstallation                             : loaded 2 times (x 75B)
Class jdk.internal.jimage.decompressor.ResourceDecompressor$StringsProvider           : loaded 2 times (x 70B)
Class com.google.common.collect.Iterables                                             : loaded 2 times (x 71B)
Class com.google.common.base.Splitter$Strategy                                        : loaded 2 times (x 70B)

---------------  S Y S T E M  ---------------

OS:
 Windows 11 , 64 bit Build 26100 (10.0.26100.8328)
OS uptime: 0 days 0:42 hours

CPU: total 8 (initial active 8) (4 cores per cpu, 2 threads per core) family 6 model 126 stepping 5 microcode 0xa6, cx8, cmov, fxsr, ht, mmx, 3dnowpref, sse, sse2, sse3, ssse3, sse4.1, sse4.2, popcnt, lzcnt, tsc, tscinvbit, avx, avx2, aes, erms, clmul, bmi1, bmi2, adx, avx512f, avx512dq, avx512cd, avx512bw, avx512vl, sha, fma, vzeroupper, avx512_vpopcntdq, avx512_vpclmulqdq, avx512_vaes, avx512_vnni, clflush, clflushopt, avx512_vbmi2, avx512_vbmi, rdtscp, rdpid, fsrm, gfni, avx512_bitalg, f16c, pku, avx512_ifma
Processor Information for the first 8 processors :
  Max Mhz: 1190, Current Mhz: 991, Mhz Limit: 987

Memory: 4k page, system-wide physical 12092M (1944M free)
TotalPageFile size 22332M (AvailPageFile size 9240M)
current process WorkingSet (physical memory assigned to process): 696M, peak: 700M
current process commit charge ("private bytes"): 727M, peak: 733M

vm_info: OpenJDK 64-Bit Server VM (21.0.9+-14787801-b1163.94) for windows-amd64 JRE (21.0.9+-14787801-b1163.94), built on 2026-01-27T21:15:44Z by "builder" with MS VC++ 16.10 / 16.11 (VS2019)

END.
